"review.id","review.review_data","review.rating","review.title","review.review","review.verified_purchase","product.position.page","product.position.position","product.position.global_position","product.asin","product.keyword","product.price.discounted","product.price.current_price","product.price.currency","product.price.before_price","product.price.savings_amount","product.price.savings_percent","product.reviews.total_reviews","product.reviews.rating","product.url","product.score","product.sponsored","product.amazonChoice","product.bestSeller","product.amazonPrime","product.title","product.thumbnail"
"cr-translate--27682735",,,"","",false,1,1,"10","B071LCFLH6","nintendo switch v1",false,0,"USD",0,0,0,494,4.7,"https://www.amazon.com/dp/B071LCFLH6","2321.80",false,false,false,false,"Nintendo Switch Neon Blue and Neon Red Joy-Con","https://m.media-amazon.com/images/I/61rlb-5vPJL._AC_UY218_.jpg"
"RMOVMC73JFTH","Reviewed in the United States on October 22, 2021",5,"Muy buena inversión","me parece una muy buena inversión",true,1,1,"10","B071LCFLH6","nintendo switch v1",false,0,"USD",0,0,0,494,4.7,"https://www.amazon.com/dp/B071LCFLH6","2321.80",false,false,false,false,"Nintendo Switch Neon Blue and Neon Red Joy-Con","https://m.media-amazon.com/images/I/61rlb-5vPJL._AC_UY218_.jpg"
"R1VIC2MOSVCPJT","Reviewed in the United States on September 28, 2021",5,"Él regalo fue para mi nieto.","Me agrado. Gracias",true,1,1,"10","B071LCFLH6","nintendo switch v1",false,0,"USD",0,0,0,494,4.7,"https://www.amazon.com/dp/B071LCFLH6","2321.80",false,false,false,false,"Nintendo Switch Neon Blue and Neon Red Joy-Con","https://m.media-amazon.com/images/I/61rlb-5vPJL._AC_UY218_.jpg"
"RXGO7QRZXELT3","Reviewed in the United States on June 16, 2021",5,"Great!","Great!",true,1,1,"10","B071LCFLH6","nintendo switch v1",false,0,"USD",0,0,0,494,4.7,"https://www.amazon.com/dp/B071LCFLH6","2321.80",false,false,false,false,"Nintendo Switch Neon Blue and Neon Red Joy-Con","https://m.media-amazon.com/images/I/61rlb-5vPJL._AC_UY218_.jpg"
"R3JVJAK3QA7FE","Reviewed in the United States on June 7, 2021",1,"They need to fix the problem.","Doesn't stay connected to the wifi.",true,1,1,"10","B071LCFLH6","nintendo switch v1",false,0,"USD",0,0,0,494,4.7,"https://www.amazon.com/dp/B071LCFLH6","2321.80",false,false,false,false,"Nintendo Switch Neon Blue and Neon Red Joy-Con","https://m.media-amazon.com/images/I/61rlb-5vPJL._AC_UY218_.jpg"
"R22IKVOFXKUELQ","Reviewed in the United States on June 4, 2021",5,"Perfect gifts","When you have a 6 and 8 year old who are like twins and want the same of everything you make sure to buy doubles of everything.This was one of those purchases.",true,1,1,"10","B071LCFLH6","nintendo switch v1",false,0,"USD",0,0,0,494,4.7,"https://www.amazon.com/dp/B071LCFLH6","2321.80",false,false,false,false,"Nintendo Switch Neon Blue and Neon Red Joy-Con","https://m.media-amazon.com/images/I/61rlb-5vPJL._AC_UY218_.jpg"
"R3PCQQ7MJUCWU9","Reviewed in the United States on May 15, 2021",5,"Awesome worth the money !","Worth the buy everything came packaged and I works very well when I first got it I played fornite all day !",true,1,1,"10","B071LCFLH6","nintendo switch v1",false,0,"USD",0,0,0,494,4.7,"https://www.amazon.com/dp/B071LCFLH6","2321.80",false,false,false,false,"Nintendo Switch Neon Blue and Neon Red Joy-Con","https://m.media-amazon.com/images/I/61rlb-5vPJL._AC_UY218_.jpg"
"R13L3RGFYF98JY","Reviewed in the United States on May 9, 2021",4,"Good","Good",true,1,1,"10","B071LCFLH6","nintendo switch v1",false,0,"USD",0,0,0,494,4.7,"https://www.amazon.com/dp/B071LCFLH6","2321.80",false,false,false,false,"Nintendo Switch Neon Blue and Neon Red Joy-Con","https://m.media-amazon.com/images/I/61rlb-5vPJL._AC_UY218_.jpg"
"RWO6P88DDF607","Reviewed in the United States on May 7, 2021",5,"The Nintendo Switch is amazing","Just got one for my birthday and I love it. Worth the money. I never had so much fun on the go and my family and friends can join on the to.",true,1,1,"10","B071LCFLH6","nintendo switch v1",false,0,"USD",0,0,0,494,4.7,"https://www.amazon.com/dp/B071LCFLH6","2321.80",false,false,false,false,"Nintendo Switch Neon Blue and Neon Red Joy-Con","https://m.media-amazon.com/images/I/61rlb-5vPJL._AC_UY218_.jpg"
"R16FL4C9LMWESL","Reviewed in the United States on April 18, 2021",5,"excelente","Excelente",true,1,1,"10","B071LCFLH6","nintendo switch v1",false,0,"USD",0,0,0,494,4.7,"https://www.amazon.com/dp/B071LCFLH6","2321.80",false,false,false,false,"Nintendo Switch Neon Blue and Neon Red Joy-Con","https://m.media-amazon.com/images/I/61rlb-5vPJL._AC_UY218_.jpg"
"R2GW21LUP1UNK8","Reviewed in the United States on February 10, 2021",5,"Product received in time, as described","The console was shipped quickly and arrived in Nairobi, Kenya with in a week.It is working fine. Much appreciated.",true,1,1,"10","B071LCFLH6","nintendo switch v1",false,0,"USD",0,0,0,494,4.7,"https://www.amazon.com/dp/B071LCFLH6","2321.80",false,false,false,false,"Nintendo Switch Neon Blue and Neon Red Joy-Con","https://m.media-amazon.com/images/I/61rlb-5vPJL._AC_UY218_.jpg"
"cr-translate--2120536398",,,"","",false,1,2,"11","B07VJRZ62R","nintendo switch v1",false,0,"USD",0,0,0,95561,4.9,"https://www.amazon.com/dp/B07VJRZ62R","468248.90",false,false,false,false,"Nintendo Switch with Gray Joy‑Con - HAC-001(-01)","https://m.media-amazon.com/images/I/61i421VnFYL._AC_UY218_.jpg"
"REDUJX6J6BGNT","Reviewed in the United States on October 22, 2021",1,"Not mine","Wrong person",true,1,2,"11","B07VJRZ62R","nintendo switch v1",false,0,"USD",0,0,0,95561,4.9,"https://www.amazon.com/dp/B07VJRZ62R","468248.90",false,false,false,false,"Nintendo Switch with Gray Joy‑Con - HAC-001(-01)","https://m.media-amazon.com/images/I/61i421VnFYL._AC_UY218_.jpg"
"RTXJ87AC8ZQ0V","Reviewed in the United States on October 21, 2021",5,"Excelente regalo","Nos encantó a mi familia y a mi, muy divertidos los juegos. La idea de que puedes jugar frente al televisor y llevar la consola portátil contigo me encantó.",true,1,2,"11","B07VJRZ62R","nintendo switch v1",false,0,"USD",0,0,0,95561,4.9,"https://www.amazon.com/dp/B07VJRZ62R","468248.90",false,false,false,false,"Nintendo Switch with Gray Joy‑Con - HAC-001(-01)","https://m.media-amazon.com/images/I/61i421VnFYL._AC_UY218_.jpg"
"R2HDOEB71WN54N","Reviewed in the United States on October 21, 2021",5,"Highly recommend for the great product. Lots of fun at home and on the road.","Great product my wife and daughter love it and they play together.",true,1,2,"11","B07VJRZ62R","nintendo switch v1",false,0,"USD",0,0,0,95561,4.9,"https://www.amazon.com/dp/B07VJRZ62R","468248.90",false,false,false,false,"Nintendo Switch with Gray Joy‑Con - HAC-001(-01)","https://m.media-amazon.com/images/I/61i421VnFYL._AC_UY218_.jpg"
"R3LD758ONO8L87","Reviewed in the United States on October 21, 2021",3,"Good quality but not a good platform for all games","Do not buy it unless you are in love with Nintendo. The product is well built, but the conasole is limited to certain game companies. You do not have access to all EA games. In this case PlayStation and Xbox are better consoles.",true,1,2,"11","B07VJRZ62R","nintendo switch v1",false,0,"USD",0,0,0,95561,4.9,"https://www.amazon.com/dp/B07VJRZ62R","468248.90",false,false,false,false,"Nintendo Switch with Gray Joy‑Con - HAC-001(-01)","https://m.media-amazon.com/images/I/61i421VnFYL._AC_UY218_.jpg"
"RLX0BJLNW2J7C","Reviewed in the United States on October 21, 2021",2,"Used, not original Nintendo parts","The dock is not Nintendo. It’s Vogek. Not original parts.",true,1,2,"11","B07VJRZ62R","nintendo switch v1",false,0,"USD",0,0,0,95561,4.9,"https://www.amazon.com/dp/B07VJRZ62R","468248.90",false,false,false,false,"Nintendo Switch with Gray Joy‑Con - HAC-001(-01)","https://m.media-amazon.com/images/I/61i421VnFYL._AC_UY218_.jpg"
"R2551HFR1SQ9UR","Reviewed in the United States on October 21, 2021",5,"Yessss I finally got one","I wish I would have gotten one sooner but the pandemic prevented that. I love this thing so much and even more that I can easily take it on vacation with me.",true,1,2,"11","B07VJRZ62R","nintendo switch v1",false,0,"USD",0,0,0,95561,4.9,"https://www.amazon.com/dp/B07VJRZ62R","468248.90",false,false,false,false,"Nintendo Switch with Gray Joy‑Con - HAC-001(-01)","https://m.media-amazon.com/images/I/61i421VnFYL._AC_UY218_.jpg"
"R1NANTSEKG9RXO","Reviewed in the United States on October 21, 2021",1,"Buttons on the controllers kept on malfunctioning.","The buttons on the controllers kept on malfunctioning. Made out of cheap material. I am very unsatisfied with this purchase.",true,1,2,"11","B07VJRZ62R","nintendo switch v1",false,0,"USD",0,0,0,95561,4.9,"https://www.amazon.com/dp/B07VJRZ62R","468248.90",false,false,false,false,"Nintendo Switch with Gray Joy‑Con - HAC-001(-01)","https://m.media-amazon.com/images/I/61i421VnFYL._AC_UY218_.jpg"
"R2OW24SI6KXD3Y","Reviewed in the United States on October 20, 2021",5,"Love it.","Exactly as described and came quick.",true,1,2,"11","B07VJRZ62R","nintendo switch v1",false,0,"USD",0,0,0,95561,4.9,"https://www.amazon.com/dp/B07VJRZ62R","468248.90",false,false,false,false,"Nintendo Switch with Gray Joy‑Con - HAC-001(-01)","https://m.media-amazon.com/images/I/61i421VnFYL._AC_UY218_.jpg"
"R1XOCLOE6HIL8K","Reviewed in the United States on October 20, 2021",5,"BRAND NEW","I was afraid it would come damaged but it’s a brand new system! I love it, even though it cost more than what Nintendo is selling it for, this limited edition switch is hard to find and the price is very much so worth it!",true,1,2,"11","B07VJRZ62R","nintendo switch v1",false,0,"USD",0,0,0,95561,4.9,"https://www.amazon.com/dp/B07VJRZ62R","468248.90",false,false,false,false,"Nintendo Switch with Gray Joy‑Con - HAC-001(-01)","https://m.media-amazon.com/images/I/61i421VnFYL._AC_UY218_.jpg"
"R22UCFSU4PNY9E","Reviewed in the United States on October 20, 2021",5,"Nice","Works perfect, came in quick.",true,1,2,"11","B07VJRZ62R","nintendo switch v1",false,0,"USD",0,0,0,95561,4.9,"https://www.amazon.com/dp/B07VJRZ62R","468248.90",false,false,false,false,"Nintendo Switch with Gray Joy‑Con - HAC-001(-01)","https://m.media-amazon.com/images/I/61i421VnFYL._AC_UY218_.jpg"
"R17RRZUKWBOBPY","Reviewed in the United States on October 8, 2021",5,"Great console","Received item quickly. Excellent quality will deal with vendor again.",true,1,3,"12","B01MFADJFV","nintendo switch v1",false,0,"USD",0,0,0,2122,4.8,"https://www.amazon.com/dp/B01MFADJFV","10185.60",false,false,false,false,"Nintendo Switch Console Gray Joy-Con","https://m.media-amazon.com/images/I/61h4GnpILVL._AC_UY218_.jpg"
"R4WRI4QIVMEXB","Reviewed in the United States on August 13, 2021",5,"It's a good product","We love playing",true,1,3,"12","B01MFADJFV","nintendo switch v1",false,0,"USD",0,0,0,2122,4.8,"https://www.amazon.com/dp/B01MFADJFV","10185.60",false,false,false,false,"Nintendo Switch Console Gray Joy-Con","https://m.media-amazon.com/images/I/61h4GnpILVL._AC_UY218_.jpg"
"R1STFLTM97UQ89","Reviewed in the United States on July 22, 2021",5,"Great","It’s supposed to be 4.5 stars if I could, but in truth it was an amazing experience. The only problem I had was that I was given a different version of the switch that I had initially ordered. Besides that top quality service from a top quality seller.",true,1,3,"12","B01MFADJFV","nintendo switch v1",false,0,"USD",0,0,0,2122,4.8,"https://www.amazon.com/dp/B01MFADJFV","10185.60",false,false,false,false,"Nintendo Switch Console Gray Joy-Con","https://m.media-amazon.com/images/I/61h4GnpILVL._AC_UY218_.jpg"
"R1B4Q2W16WOUI2","Reviewed in the United States on July 10, 2021",5,"Wonderful!","Bought a clear case and a graphic skin. Absolutely love it, 100% rating. Breath of The Wild here I come!",true,1,3,"12","B01MFADJFV","nintendo switch v1",false,0,"USD",0,0,0,2122,4.8,"https://www.amazon.com/dp/B01MFADJFV","10185.60",false,false,false,false,"Nintendo Switch Console Gray Joy-Con","https://m.media-amazon.com/images/I/61h4GnpILVL._AC_UY218_.jpg"
"R2KVPB0CIUOIP2","Reviewed in the United States on July 7, 2021",4,"Good product but not new","Was not new but it works good so far package was ripped before I opened it no protective film on the screen",true,1,3,"12","B01MFADJFV","nintendo switch v1",false,0,"USD",0,0,0,2122,4.8,"https://www.amazon.com/dp/B01MFADJFV","10185.60",false,false,false,false,"Nintendo Switch Console Gray Joy-Con","https://m.media-amazon.com/images/I/61h4GnpILVL._AC_UY218_.jpg"
"R2G4JG3IUMYJ5N","Reviewed in the United States on July 5, 2021",5,"Great","Product used for child play",true,1,3,"12","B01MFADJFV","nintendo switch v1",false,0,"USD",0,0,0,2122,4.8,"https://www.amazon.com/dp/B01MFADJFV","10185.60",false,false,false,false,"Nintendo Switch Console Gray Joy-Con","https://m.media-amazon.com/images/I/61h4GnpILVL._AC_UY218_.jpg"
"R1Q1M7PO3XFEN","Reviewed in the United States on June 24, 2021",5,"GREAT FIND","I mean.. I know the price but if you have been wanting a switch as bad as me and hope it actually comes in one piece, or everywhere isn’t sold out, you’re going to want this one :) was worth every penny to me",true,1,3,"12","B01MFADJFV","nintendo switch v1",false,0,"USD",0,0,0,2122,4.8,"https://www.amazon.com/dp/B01MFADJFV","10185.60",false,false,false,false,"Nintendo Switch Console Gray Joy-Con","https://m.media-amazon.com/images/I/61h4GnpILVL._AC_UY218_.jpg"
"RGPPCCC8PBMB8","Reviewed in the United States on June 12, 2021",5,"Perfect","Great",true,1,3,"12","B01MFADJFV","nintendo switch v1",false,0,"USD",0,0,0,2122,4.8,"https://www.amazon.com/dp/B01MFADJFV","10185.60",false,false,false,false,"Nintendo Switch Console Gray Joy-Con","https://m.media-amazon.com/images/I/61h4GnpILVL._AC_UY218_.jpg"
"RDLNX3QDA7QDI","Reviewed in the United States on May 30, 2021",1,"Broken upon delivery","Your browser does not support HTML5 video. Showed up broken. Video glitch.Box looked used. Perhaps this was a refurb?Returned after less than 1 hour.",true,1,3,"12","B01MFADJFV","nintendo switch v1",false,0,"USD",0,0,0,2122,4.8,"https://www.amazon.com/dp/B01MFADJFV","10185.60",false,false,false,false,"Nintendo Switch Console Gray Joy-Con","https://m.media-amazon.com/images/I/61h4GnpILVL._AC_UY218_.jpg"
"R1BC8U2ECQ92YE","Reviewed in the United States on May 26, 2021",5,"Fast shipping!Great price!High quality!","Fast shipping!Great price!High quality!",true,1,3,"12","B01MFADJFV","nintendo switch v1",false,0,"USD",0,0,0,2122,4.8,"https://www.amazon.com/dp/B01MFADJFV","10185.60",false,false,false,false,"Nintendo Switch Console Gray Joy-Con","https://m.media-amazon.com/images/I/61h4GnpILVL._AC_UY218_.jpg"
"cr-translate--739987157",,,"","",false,1,4,"13","B07RGFF98S","nintendo switch v1",false,438.99,"USD",0,0,0,7142,4.8,"https://www.amazon.com/dp/B07RGFF98S","34281.60",false,false,false,false,"Nintendo Switch 32GB Console Video Games w/ 32GB Memory Card | Neon Red/Neon Blue Joy-Con | 1080p Resolution | 802.11ac Wi...","https://m.media-amazon.com/images/I/61445UADu9L._AC_UY218_.jpg"
"R31EN26JXJLACJ","Reviewed in the United States on October 20, 2021",5,"It's a good system","My wife was thrilled I bought this for her and she loves playing many different games on it.",true,1,4,"13","B07RGFF98S","nintendo switch v1",false,438.99,"USD",0,0,0,7142,4.8,"https://www.amazon.com/dp/B07RGFF98S","34281.60",false,false,false,false,"Nintendo Switch 32GB Console Video Games w/ 32GB Memory Card | Neon Red/Neon Blue Joy-Con | 1080p Resolution | 802.11ac Wi...","https://m.media-amazon.com/images/I/61445UADu9L._AC_UY218_.jpg"
"RF9CUJTPUB3H1","Reviewed in the United States on October 15, 2021",5,"bien","bien",true,1,4,"13","B07RGFF98S","nintendo switch v1",false,438.99,"USD",0,0,0,7142,4.8,"https://www.amazon.com/dp/B07RGFF98S","34281.60",false,false,false,false,"Nintendo Switch 32GB Console Video Games w/ 32GB Memory Card | Neon Red/Neon Blue Joy-Con | 1080p Resolution | 802.11ac Wi...","https://m.media-amazon.com/images/I/61445UADu9L._AC_UY218_.jpg"
"R170VY4JOS13L8","Reviewed in the United States on October 14, 2021",5,"works wonders","ive had my switch for over a year now and it works perfect still",true,1,4,"13","B07RGFF98S","nintendo switch v1",false,438.99,"USD",0,0,0,7142,4.8,"https://www.amazon.com/dp/B07RGFF98S","34281.60",false,false,false,false,"Nintendo Switch 32GB Console Video Games w/ 32GB Memory Card | Neon Red/Neon Blue Joy-Con | 1080p Resolution | 802.11ac Wi...","https://m.media-amazon.com/images/I/61445UADu9L._AC_UY218_.jpg"
"R3OMZ3GWFPXFK9","Reviewed in the United States on October 8, 2021",5,"Me encanta!","Llegó super rápido y en excelente estado!",true,1,4,"13","B07RGFF98S","nintendo switch v1",false,438.99,"USD",0,0,0,7142,4.8,"https://www.amazon.com/dp/B07RGFF98S","34281.60",false,false,false,false,"Nintendo Switch 32GB Console Video Games w/ 32GB Memory Card | Neon Red/Neon Blue Joy-Con | 1080p Resolution | 802.11ac Wi...","https://m.media-amazon.com/images/I/61445UADu9L._AC_UY218_.jpg"
"R3G31WTXNQ8TCM","Reviewed in the United States on October 6, 2021",5,"Kids love it","I have a 11 and 5 year old who play this. I've even started to play with them! It's a lot of fun. Very easy set up.",true,1,4,"13","B07RGFF98S","nintendo switch v1",false,438.99,"USD",0,0,0,7142,4.8,"https://www.amazon.com/dp/B07RGFF98S","34281.60",false,false,false,false,"Nintendo Switch 32GB Console Video Games w/ 32GB Memory Card | Neon Red/Neon Blue Joy-Con | 1080p Resolution | 802.11ac Wi...","https://m.media-amazon.com/images/I/61445UADu9L._AC_UY218_.jpg"
"RTPR0YPT74473","Reviewed in the United States on September 30, 2021",5,"very good","Very good game console",true,1,4,"13","B07RGFF98S","nintendo switch v1",false,438.99,"USD",0,0,0,7142,4.8,"https://www.amazon.com/dp/B07RGFF98S","34281.60",false,false,false,false,"Nintendo Switch 32GB Console Video Games w/ 32GB Memory Card | Neon Red/Neon Blue Joy-Con | 1080p Resolution | 802.11ac Wi...","https://m.media-amazon.com/images/I/61445UADu9L._AC_UY218_.jpg"
"R3EGF7B6IU6L6Q","Reviewed in the United States on September 17, 2021",3,"after 1 year - stopped working","wish I could have said it was a good deal - but after 1 year - stopped working",true,1,4,"13","B07RGFF98S","nintendo switch v1",false,438.99,"USD",0,0,0,7142,4.8,"https://www.amazon.com/dp/B07RGFF98S","34281.60",false,false,false,false,"Nintendo Switch 32GB Console Video Games w/ 32GB Memory Card | Neon Red/Neon Blue Joy-Con | 1080p Resolution | 802.11ac Wi...","https://m.media-amazon.com/images/I/61445UADu9L._AC_UY218_.jpg"
"R319G8IAE1IQQI","Reviewed in the United States on September 11, 2021",5,"Beyond over joyed in","I got this switch for myself for Christmas last year and I love it! do it!!!",true,1,4,"13","B07RGFF98S","nintendo switch v1",false,438.99,"USD",0,0,0,7142,4.8,"https://www.amazon.com/dp/B07RGFF98S","34281.60",false,false,false,false,"Nintendo Switch 32GB Console Video Games w/ 32GB Memory Card | Neon Red/Neon Blue Joy-Con | 1080p Resolution | 802.11ac Wi...","https://m.media-amazon.com/images/I/61445UADu9L._AC_UY218_.jpg"
"R3BGMYNLOCZOGR","Reviewed in the United States on September 11, 2021",1,"Joy cons constantly disconnect in handheld mode","It's not the seller but the console itself. The joy cons constantly disconnect in handheld mode.",true,1,4,"13","B07RGFF98S","nintendo switch v1",false,438.99,"USD",0,0,0,7142,4.8,"https://www.amazon.com/dp/B07RGFF98S","34281.60",false,false,false,false,"Nintendo Switch 32GB Console Video Games w/ 32GB Memory Card | Neon Red/Neon Blue Joy-Con | 1080p Resolution | 802.11ac Wi...","https://m.media-amazon.com/images/I/61445UADu9L._AC_UY218_.jpg"
"R2299SLVMXXC65","Reviewed in the United States on September 1, 2021",5,"Un niño feliz y emocionado","Me parece un poco costoso , pero valió la pena al ver la cara de felicidad de mi pequeño , funciona correctamente 👌",true,1,4,"13","B07RGFF98S","nintendo switch v1",false,438.99,"USD",0,0,0,7142,4.8,"https://www.amazon.com/dp/B07RGFF98S","34281.60",false,false,false,false,"Nintendo Switch 32GB Console Video Games w/ 32GB Memory Card | Neon Red/Neon Blue Joy-Con | 1080p Resolution | 802.11ac Wi...","https://m.media-amazon.com/images/I/61445UADu9L._AC_UY218_.jpg"
"cr-translate-1424281173",,,"","",false,1,5,"14","B07HXTCZ1N","nintendo switch v1",false,0,"USD",0,0,0,742,4.6,"https://www.amazon.com/dp/B07HXTCZ1N","3413.20",false,false,false,false,"Nintendo Switch – Neon Red and Neon Blue Joy-Con (Renewed)","https://m.media-amazon.com/images/I/71AVyLaHHtL._AC_UY218_.jpg"
"R271D4427930XW","Reviewed in the United States on July 25, 2021",3,"It's was gray, not red and blue","Displeased",true,1,5,"14","B07HXTCZ1N","nintendo switch v1",false,0,"USD",0,0,0,742,4.6,"https://www.amazon.com/dp/B07HXTCZ1N","3413.20",false,false,false,false,"Nintendo Switch – Neon Red and Neon Blue Joy-Con (Renewed)","https://m.media-amazon.com/images/I/71AVyLaHHtL._AC_UY218_.jpg"
"REN6Q0T8ZVYXW","Reviewed in the United States on July 7, 2021",5,"Make sure the cables don't bend too much","It's work really good It didn't have the original box but that's fine it had all the accessories the switch originally comes with.it's was all individuallybuble wrapped",true,1,5,"14","B07HXTCZ1N","nintendo switch v1",false,0,"USD",0,0,0,742,4.6,"https://www.amazon.com/dp/B07HXTCZ1N","3413.20",false,false,false,false,"Nintendo Switch – Neon Red and Neon Blue Joy-Con (Renewed)","https://m.media-amazon.com/images/I/71AVyLaHHtL._AC_UY218_.jpg"
"RYINEGG6H5GF3","Reviewed in the United States on June 11, 2021",5,"VERY GOOD DEAL MUST BUY","Good deal for the price very good everything was inside the charger, dock hdmi cord everything. The only thing I'll say was mine had a tiny little scratch mark on one of the controllers its fine though I don't care its so small unnoticeable and I can't really blame. But when I got the box it was a little beaten up at first I thought it was gonna be bad but nope it's good.",true,1,5,"14","B07HXTCZ1N","nintendo switch v1",false,0,"USD",0,0,0,742,4.6,"https://www.amazon.com/dp/B07HXTCZ1N","3413.20",false,false,false,false,"Nintendo Switch – Neon Red and Neon Blue Joy-Con (Renewed)","https://m.media-amazon.com/images/I/71AVyLaHHtL._AC_UY218_.jpg"
"RE1F8D44U2JQ","Reviewed in the United States on April 26, 2021",5,"Excelente","Buen estado sin problemas",true,1,5,"14","B07HXTCZ1N","nintendo switch v1",false,0,"USD",0,0,0,742,4.6,"https://www.amazon.com/dp/B07HXTCZ1N","3413.20",false,false,false,false,"Nintendo Switch – Neon Red and Neon Blue Joy-Con (Renewed)","https://m.media-amazon.com/images/I/71AVyLaHHtL._AC_UY218_.jpg"
"R2ZPN2QAMXUGX4","Reviewed in the United States on March 30, 2021",5,"Great product and price","I got it while it was on sale for cheaper than usual. Works great! Looked brand new and my baby brother loves it!",true,1,5,"14","B07HXTCZ1N","nintendo switch v1",false,0,"USD",0,0,0,742,4.6,"https://www.amazon.com/dp/B07HXTCZ1N","3413.20",false,false,false,false,"Nintendo Switch – Neon Red and Neon Blue Joy-Con (Renewed)","https://m.media-amazon.com/images/I/71AVyLaHHtL._AC_UY218_.jpg"
"R5MTWNZ4D8MQX","Reviewed in the United States on March 16, 2021",5,"Recommended","Great tech for those young gamers out there.",true,1,5,"14","B07HXTCZ1N","nintendo switch v1",false,0,"USD",0,0,0,742,4.6,"https://www.amazon.com/dp/B07HXTCZ1N","3413.20",false,false,false,false,"Nintendo Switch – Neon Red and Neon Blue Joy-Con (Renewed)","https://m.media-amazon.com/images/I/71AVyLaHHtL._AC_UY218_.jpg"
"R3VO21E6I5CLKS","Reviewed in the United States on March 2, 2021",5,"My kid loves it","I was great",true,1,5,"14","B07HXTCZ1N","nintendo switch v1",false,0,"USD",0,0,0,742,4.6,"https://www.amazon.com/dp/B07HXTCZ1N","3413.20",false,false,false,false,"Nintendo Switch – Neon Red and Neon Blue Joy-Con (Renewed)","https://m.media-amazon.com/images/I/71AVyLaHHtL._AC_UY218_.jpg"
"RN62T8RR5UHEV","Reviewed in the United States on February 14, 2021",1,"Defective Switches being sold as refurbished.","Refurbished switch from this seller doesn't boot. Don't waste your time or money, seller does not check if product works before shipping. As of right now seller hasn't offered to replace so my negative review stays up.",true,1,5,"14","B07HXTCZ1N","nintendo switch v1",false,0,"USD",0,0,0,742,4.6,"https://www.amazon.com/dp/B07HXTCZ1N","3413.20",false,false,false,false,"Nintendo Switch – Neon Red and Neon Blue Joy-Con (Renewed)","https://m.media-amazon.com/images/I/71AVyLaHHtL._AC_UY218_.jpg"
"RH74U1RO3UGX4","Reviewed in the United States on February 5, 2021",5,"Great purchase","My grandson likes this better than others he has",true,1,5,"14","B07HXTCZ1N","nintendo switch v1",false,0,"USD",0,0,0,742,4.6,"https://www.amazon.com/dp/B07HXTCZ1N","3413.20",false,false,false,false,"Nintendo Switch – Neon Red and Neon Blue Joy-Con (Renewed)","https://m.media-amazon.com/images/I/71AVyLaHHtL._AC_UY218_.jpg"
"R26IESVCP6300B","Reviewed in the United States on January 31, 2021",1,"System won’t charge","The product was sent as a gift to my grandchild. The parents stare the system does not and will not charge or hold a charge. I have requested a refund and they are returning the product. Thank you",true,1,5,"14","B07HXTCZ1N","nintendo switch v1",false,0,"USD",0,0,0,742,4.6,"https://www.amazon.com/dp/B07HXTCZ1N","3413.20",false,false,false,false,"Nintendo Switch – Neon Red and Neon Blue Joy-Con (Renewed)","https://m.media-amazon.com/images/I/71AVyLaHHtL._AC_UY218_.jpg"
"R30RG46G0Y1KVF","Reviewed in the United States on September 22, 2021",1,"I didn’t arrived defective","We bought this for the sole purpose of using it on the docking station so that our kids could play it on the TV. When it arrived it would not connect to the TV dock and we kept getting errors on the screen. We returned this item.",true,1,6,"15","B07GT9MZST","nintendo switch v1",false,230.95,"USD",0,0,0,380,4.7,"https://www.amazon.com/dp/B07GT9MZST","1786.00",false,false,false,false,"Replacement Nintendo Switch 32GB Original System Console Tablet Only","https://m.media-amazon.com/images/I/5101J1Mgk6L._AC_UY218_.jpg"
"R325DHZK7GOOUM","Reviewed in the United States on September 11, 2021",5,"Good","Good product",true,1,6,"15","B07GT9MZST","nintendo switch v1",false,230.95,"USD",0,0,0,380,4.7,"https://www.amazon.com/dp/B07GT9MZST","1786.00",false,false,false,false,"Replacement Nintendo Switch 32GB Original System Console Tablet Only","https://m.media-amazon.com/images/I/5101J1Mgk6L._AC_UY218_.jpg"
"R2WBA5HJWEWLQ","Reviewed in the United States on August 9, 2021",5,"Very nice!","Perfect replacement!",true,1,6,"15","B07GT9MZST","nintendo switch v1",false,230.95,"USD",0,0,0,380,4.7,"https://www.amazon.com/dp/B07GT9MZST","1786.00",false,false,false,false,"Replacement Nintendo Switch 32GB Original System Console Tablet Only","https://m.media-amazon.com/images/I/5101J1Mgk6L._AC_UY218_.jpg"
"R2CYR4QWL7RX5B","Reviewed in the United States on August 5, 2021",5,"Exactly as described. No unwanted surprises.","Came well packaged and works as it should. No complaints yet. This is great item if you are looking to get a switch for a cheaper price, I bought this, joy cons, and a doc separately. All on Amazon for so much less compared to buying a switch from Nintendo.",true,1,6,"15","B07GT9MZST","nintendo switch v1",false,230.95,"USD",0,0,0,380,4.7,"https://www.amazon.com/dp/B07GT9MZST","1786.00",false,false,false,false,"Replacement Nintendo Switch 32GB Original System Console Tablet Only","https://m.media-amazon.com/images/I/5101J1Mgk6L._AC_UY218_.jpg"
"R3M13BVQE010CR","Reviewed in the United States on July 30, 2021",5,"Happy customer","Great price, kids love it.",true,1,6,"15","B07GT9MZST","nintendo switch v1",false,230.95,"USD",0,0,0,380,4.7,"https://www.amazon.com/dp/B07GT9MZST","1786.00",false,false,false,false,"Replacement Nintendo Switch 32GB Original System Console Tablet Only","https://m.media-amazon.com/images/I/5101J1Mgk6L._AC_UY218_.jpg"
"REFVP9MDDVTAH","Reviewed in the United States on July 29, 2021",5,"Better purchase than expected. Amazing Buy!","This replacement model was perfect and in mint condition. What's even better was that it's the new revision of the original model with the better battery life. I purchased some Binbok Slim Joy cons and it was a match made in heaven.",true,1,6,"15","B07GT9MZST","nintendo switch v1",false,230.95,"USD",0,0,0,380,4.7,"https://www.amazon.com/dp/B07GT9MZST","1786.00",false,false,false,false,"Replacement Nintendo Switch 32GB Original System Console Tablet Only","https://m.media-amazon.com/images/I/5101J1Mgk6L._AC_UY218_.jpg"
"RJAZ4POI32E21","Reviewed in the United States on July 19, 2021",5,"Easy to set up to console, kids had broke first screen","Works perfectly",true,1,6,"15","B07GT9MZST","nintendo switch v1",false,230.95,"USD",0,0,0,380,4.7,"https://www.amazon.com/dp/B07GT9MZST","1786.00",false,false,false,false,"Replacement Nintendo Switch 32GB Original System Console Tablet Only","https://m.media-amazon.com/images/I/5101J1Mgk6L._AC_UY218_.jpg"
"RLTA1M7HFNJ5B","Reviewed in the United States on June 28, 2021",3,"Was this refurbished?","Purchased what I assumed was a new replacement switch tablet. Not so sure its new.Either this was previously owned, or took a beating on the way here. It was wrapped in what appeared to be dollar store quality bubble wrap, and placed into a USPS shipping bag. No label marking it fragile.Deep scratchs near the kickstand, scuffs to the screen and scuffs and marks on the back.Product does turn on and connect to the internet, so I will update this with it's functionality after it charges and I play a little..I'll also agree with others; definitely seems over priced, whether new or refurbished/used",true,1,6,"15","B07GT9MZST","nintendo switch v1",false,230.95,"USD",0,0,0,380,4.7,"https://www.amazon.com/dp/B07GT9MZST","1786.00",false,false,false,false,"Replacement Nintendo Switch 32GB Original System Console Tablet Only","https://m.media-amazon.com/images/I/5101J1Mgk6L._AC_UY218_.jpg"
"R10CJ9LG55EH9O","Reviewed in the United States on June 23, 2021",5,"Awesome addition to Switch gear!","We had extra controllers, chargers, etc., so we got a second tablet and we just added the extra controllers we had—boom two fully operational switches! Love that they sell this individually! Now our two kids can play online games together, like Fortnite!",true,1,6,"15","B07GT9MZST","nintendo switch v1",false,230.95,"USD",0,0,0,380,4.7,"https://www.amazon.com/dp/B07GT9MZST","1786.00",false,false,false,false,"Replacement Nintendo Switch 32GB Original System Console Tablet Only","https://m.media-amazon.com/images/I/5101J1Mgk6L._AC_UY218_.jpg"
"R1S26FN4MJA4DF","Reviewed in the United States on June 17, 2021",5,"Thank you!! A+++","Arrived super fast!!! A+++",true,1,6,"15","B07GT9MZST","nintendo switch v1",false,230.95,"USD",0,0,0,380,4.7,"https://www.amazon.com/dp/B07GT9MZST","1786.00",false,false,false,false,"Replacement Nintendo Switch 32GB Original System Console Tablet Only","https://m.media-amazon.com/images/I/5101J1Mgk6L._AC_UY218_.jpg"
"R3D9CPWI1CI5KR","Reviewed in the United States on October 22, 2021",5,"Perfect condition works perfectly and my hubby loves it","Only thing I would say is I wish it did have the original box but oh well. They packaged it very well when sent. Was definitely worth is. I got it for my hubby for Christmas but decided to give it to him early and he loves it.",true,1,7,"16","B07V4GCFP9","nintendo switch v1",false,0,"USD",0,0,0,68515,4.8,"https://www.amazon.com/dp/B07V4GCFP9","328872.00",false,false,false,false,"Nintendo Switch Lite - Turquoise","https://m.media-amazon.com/images/I/71qmF0FHj7L._AC_UY218_.jpg"
"R197AETPXBHMZU","Reviewed in the United States on October 20, 2021",5,"Love my switch lite!!!!","I've been a cell phone gamer for years and finally decided to make a change. Very happy with the game play and size of the hand held device.",true,1,7,"16","B07V4GCFP9","nintendo switch v1",false,0,"USD",0,0,0,68515,4.8,"https://www.amazon.com/dp/B07V4GCFP9","328872.00",false,false,false,false,"Nintendo Switch Lite - Turquoise","https://m.media-amazon.com/images/I/71qmF0FHj7L._AC_UY218_.jpg"
"R1T9FM3VC12JXQ","Reviewed in the United States on October 19, 2021",1,"Did not work","It would not work I had to return it and bought one from target instead",true,1,7,"16","B07V4GCFP9","nintendo switch v1",false,0,"USD",0,0,0,68515,4.8,"https://www.amazon.com/dp/B07V4GCFP9","328872.00",false,false,false,false,"Nintendo Switch Lite - Turquoise","https://m.media-amazon.com/images/I/71qmF0FHj7L._AC_UY218_.jpg"
"R3F9IY4KUKAW40","Reviewed in the United States on October 15, 2021",5,"Good Sale","I got this used and it came in pretty good condition, not really a scratch on it. Cleaned it and turned it on and it works just fine, you can tell it has a tiny wear to it but it's still excellent.",true,1,7,"16","B07V4GCFP9","nintendo switch v1",false,0,"USD",0,0,0,68515,4.8,"https://www.amazon.com/dp/B07V4GCFP9","328872.00",false,false,false,false,"Nintendo Switch Lite - Turquoise","https://m.media-amazon.com/images/I/71qmF0FHj7L._AC_UY218_.jpg"
"R1A7OIAWO8N5W6","Reviewed in the United States on October 15, 2021",1,"Product stopped working","After 5-6 months, 3 months after 90 day warrenty, the battery will not hold a charge anymore. Doesn't even turn on when on the charger...",true,1,7,"16","B07V4GCFP9","nintendo switch v1",false,0,"USD",0,0,0,68515,4.8,"https://www.amazon.com/dp/B07V4GCFP9","328872.00",false,false,false,false,"Nintendo Switch Lite - Turquoise","https://m.media-amazon.com/images/I/71qmF0FHj7L._AC_UY218_.jpg"
"R1K414MQSW1XLC","Reviewed in the United States on October 14, 2021",5,"It’s insane","I like the switch because I can play anywhere and know I trusted on it to buy it and know you trust on it and you will see what is the best about buying this.",true,1,7,"16","B07V4GCFP9","nintendo switch v1",false,0,"USD",0,0,0,68515,4.8,"https://www.amazon.com/dp/B07V4GCFP9","328872.00",false,false,false,false,"Nintendo Switch Lite - Turquoise","https://m.media-amazon.com/images/I/71qmF0FHj7L._AC_UY218_.jpg"
"RAO9EPE3H6W7O","Reviewed in the United States on October 14, 2021",5,"Absolutely Love It","This was a beautiful birthday present for my son and he fell in love with it. The quality was great. The color was beautiful. Setting it up was fast and efficient and it has a descent amount of memory space. The shipping was super fast as well.",true,1,7,"16","B07V4GCFP9","nintendo switch v1",false,0,"USD",0,0,0,68515,4.8,"https://www.amazon.com/dp/B07V4GCFP9","328872.00",false,false,false,false,"Nintendo Switch Lite - Turquoise","https://m.media-amazon.com/images/I/71qmF0FHj7L._AC_UY218_.jpg"
"R3T39KYIBOJT9L","Reviewed in the United States on October 13, 2021",5,"Absolutely love it!","Exactly as discribed! Arrived a day early. Brand new. Works great. It came with the charger as well. I do recommend getting additional storage and a case for it. It is pretty slim.",true,1,7,"16","B07V4GCFP9","nintendo switch v1",false,0,"USD",0,0,0,68515,4.8,"https://www.amazon.com/dp/B07V4GCFP9","328872.00",false,false,false,false,"Nintendo Switch Lite - Turquoise","https://m.media-amazon.com/images/I/71qmF0FHj7L._AC_UY218_.jpg"
"RE97LQ4A7SFW6","Reviewed in the United States on October 12, 2021",3,"It’s a Christmas gift","It’s a Christmas gift",true,1,7,"16","B07V4GCFP9","nintendo switch v1",false,0,"USD",0,0,0,68515,4.8,"https://www.amazon.com/dp/B07V4GCFP9","328872.00",false,false,false,false,"Nintendo Switch Lite - Turquoise","https://m.media-amazon.com/images/I/71qmF0FHj7L._AC_UY218_.jpg"
"R3LHD65Y3X2AW2","Reviewed in the United States on October 12, 2021",5,"It is so worth the money","The Nintendo Switch Lite is such a good buy I have had for 4 months now and has had no trouble the graphics are good and its easy to pack up and take on the go.",true,1,7,"16","B07V4GCFP9","nintendo switch v1",false,0,"USD",0,0,0,68515,4.8,"https://www.amazon.com/dp/B07V4GCFP9","328872.00",false,false,false,false,"Nintendo Switch Lite - Turquoise","https://m.media-amazon.com/images/I/71qmF0FHj7L._AC_UY218_.jpg"
"R2PGNEUI03ER2G","Reviewed in the United States on March 19, 2021",5,"Used but New","Used but looked like new .. packaging and everything .. worked excellent",true,1,8,"17","B07DF7LPC7","nintendo switch v1",false,0,"USD",0,0,0,115,4.5,"https://www.amazon.com/dp/B07DF7LPC7","517.50",false,false,false,false,"Nintendo Switch Console Gray Joy-Con (Renewed)","https://m.media-amazon.com/images/I/51i4vwA9IcL._AC_UY218_.jpg"
"R3EOL56ICORQLN","Reviewed in the United States on March 6, 2021",4,"SHOULD YOU BUY?","The media could not be loaded. Switch looks very good for price. Looks ALMOST brand New! Everything works fine, It did come with no battery tho but that’s ok. Also very minimal device usage. 9/10",true,1,8,"17","B07DF7LPC7","nintendo switch v1",false,0,"USD",0,0,0,115,4.5,"https://www.amazon.com/dp/B07DF7LPC7","517.50",false,false,false,false,"Nintendo Switch Console Gray Joy-Con (Renewed)","https://m.media-amazon.com/images/I/51i4vwA9IcL._AC_UY218_.jpg"
"R3SZ48CRHWYNUH","Reviewed in the United States on January 16, 2021",5,"Great used device.Highly recommend.","Excellent product.I was worried since I purchased a used product.The product arrived smudged and a bit dirty, but it was ok. I cleaned the device and it looked good as new.The internals seem to be fine as I have used the device a few times in the past month and it works.Battery seems to hold just fine.I have purchased game cartridges and downloaded games.Both work just fine.The controllers work great, and mine to not sway to a si gle direction like other Joy Cons, that I have read.The cradle works great and plugs easily into all of my television sets. I highly recommend and you'll be happy.I only use the device for a few hours a month so I wouldn't say that I'm a heavy gamer. Very casual so a used unit fit my needs.Very impressed and quite happy.",true,1,8,"17","B07DF7LPC7","nintendo switch v1",false,0,"USD",0,0,0,115,4.5,"https://www.amazon.com/dp/B07DF7LPC7","517.50",false,false,false,false,"Nintendo Switch Console Gray Joy-Con (Renewed)","https://m.media-amazon.com/images/I/51i4vwA9IcL._AC_UY218_.jpg"
"R19L2E7YYH7ASK","Reviewed in the United States on December 27, 2020",1,"Trickery....now what to do","Item received was not the item ordered. Item in box is different than what the box says. Box matches order but item within does not!!",true,1,8,"17","B07DF7LPC7","nintendo switch v1",false,0,"USD",0,0,0,115,4.5,"https://www.amazon.com/dp/B07DF7LPC7","517.50",false,false,false,false,"Nintendo Switch Console Gray Joy-Con (Renewed)","https://m.media-amazon.com/images/I/51i4vwA9IcL._AC_UY218_.jpg"
"ROF725FYMJ7CG","Reviewed in the United States on June 23, 2020",5,"Works fantastic!","Shipped super early and came out of the box looking brand new after being refurbished, not even a scratch on it! I am super excited to start playing some games!",true,1,8,"17","B07DF7LPC7","nintendo switch v1",false,0,"USD",0,0,0,115,4.5,"https://www.amazon.com/dp/B07DF7LPC7","517.50",false,false,false,false,"Nintendo Switch Console Gray Joy-Con (Renewed)","https://m.media-amazon.com/images/I/51i4vwA9IcL._AC_UY218_.jpg"
"RBEH6X3NGOZG","Reviewed in the United States on May 9, 2020",5,"Works great!","Works great!",true,1,8,"17","B07DF7LPC7","nintendo switch v1",false,0,"USD",0,0,0,115,4.5,"https://www.amazon.com/dp/B07DF7LPC7","517.50",false,false,false,false,"Nintendo Switch Console Gray Joy-Con (Renewed)","https://m.media-amazon.com/images/I/51i4vwA9IcL._AC_UY218_.jpg"
"RFKGDMDS79CCD","Reviewed in the United States on May 8, 2020",1,"Doesn’t work","Charger and Dock doesn’t work",true,1,8,"17","B07DF7LPC7","nintendo switch v1",false,0,"USD",0,0,0,115,4.5,"https://www.amazon.com/dp/B07DF7LPC7","517.50",false,false,false,false,"Nintendo Switch Console Gray Joy-Con (Renewed)","https://m.media-amazon.com/images/I/51i4vwA9IcL._AC_UY218_.jpg"
"RT16T91L5NK6I","Reviewed in the United States on February 26, 2020",5,"Gifts","This was a gift for my grandson, he loved it.",true,1,8,"17","B07DF7LPC7","nintendo switch v1",false,0,"USD",0,0,0,115,4.5,"https://www.amazon.com/dp/B07DF7LPC7","517.50",false,false,false,false,"Nintendo Switch Console Gray Joy-Con (Renewed)","https://m.media-amazon.com/images/I/51i4vwA9IcL._AC_UY218_.jpg"
"R2HGT3WPL8DCED","Reviewed in the United States on February 5, 2020",5,"Easy to use, set up, and play with those nearby.","I used the Switch for gaming and I like how it aims to allow gamers to play co-op games with players in the same room.",true,1,8,"17","B07DF7LPC7","nintendo switch v1",false,0,"USD",0,0,0,115,4.5,"https://www.amazon.com/dp/B07DF7LPC7","517.50",false,false,false,false,"Nintendo Switch Console Gray Joy-Con (Renewed)","https://m.media-amazon.com/images/I/51i4vwA9IcL._AC_UY218_.jpg"
"R6C02X9MJTEEP","Reviewed in the United States on December 21, 2019",4,"Marked as new but is refurbished","I like the product but the truth isn't stateas the thing came with a refurbished warranty",true,1,8,"17","B07DF7LPC7","nintendo switch v1",false,0,"USD",0,0,0,115,4.5,"https://www.amazon.com/dp/B07DF7LPC7","517.50",false,false,false,false,"Nintendo Switch Console Gray Joy-Con (Renewed)","https://m.media-amazon.com/images/I/51i4vwA9IcL._AC_UY218_.jpg"
"cr-translate-1161552139",,,"","",false,1,11,"110","B084DDDNRP","nintendo switch v1",false,0,"USD",0,0,0,95561,4.9,"https://www.amazon.com/dp/B084DDDNRP","468248.90",false,false,true,false,"Nintendo Switch - Animal Crossing: New Horizons Edition - Switch","https://m.media-amazon.com/images/I/81Sxdp0JBLL._AC_UY218_.jpg"
"REDUJX6J6BGNT","Reviewed in the United States on October 22, 2021",1,"Not mine","Wrong person",true,1,11,"110","B084DDDNRP","nintendo switch v1",false,0,"USD",0,0,0,95561,4.9,"https://www.amazon.com/dp/B084DDDNRP","468248.90",false,false,true,false,"Nintendo Switch - Animal Crossing: New Horizons Edition - Switch","https://m.media-amazon.com/images/I/81Sxdp0JBLL._AC_UY218_.jpg"
"RTXJ87AC8ZQ0V","Reviewed in the United States on October 21, 2021",5,"Excelente regalo","Nos encantó a mi familia y a mi, muy divertidos los juegos. La idea de que puedes jugar frente al televisor y llevar la consola portátil contigo me encantó.",true,1,11,"110","B084DDDNRP","nintendo switch v1",false,0,"USD",0,0,0,95561,4.9,"https://www.amazon.com/dp/B084DDDNRP","468248.90",false,false,true,false,"Nintendo Switch - Animal Crossing: New Horizons Edition - Switch","https://m.media-amazon.com/images/I/81Sxdp0JBLL._AC_UY218_.jpg"
"R2HDOEB71WN54N","Reviewed in the United States on October 21, 2021",5,"Highly recommend for the great product. Lots of fun at home and on the road.","Great product my wife and daughter love it and they play together.",true,1,11,"110","B084DDDNRP","nintendo switch v1",false,0,"USD",0,0,0,95561,4.9,"https://www.amazon.com/dp/B084DDDNRP","468248.90",false,false,true,false,"Nintendo Switch - Animal Crossing: New Horizons Edition - Switch","https://m.media-amazon.com/images/I/81Sxdp0JBLL._AC_UY218_.jpg"
"R3LD758ONO8L87","Reviewed in the United States on October 21, 2021",3,"Good quality but not a good platform for all games","Do not buy it unless you are in love with Nintendo. The product is well built, but the conasole is limited to certain game companies. You do not have access to all EA games. In this case PlayStation and Xbox are better consoles.",true,1,11,"110","B084DDDNRP","nintendo switch v1",false,0,"USD",0,0,0,95561,4.9,"https://www.amazon.com/dp/B084DDDNRP","468248.90",false,false,true,false,"Nintendo Switch - Animal Crossing: New Horizons Edition - Switch","https://m.media-amazon.com/images/I/81Sxdp0JBLL._AC_UY218_.jpg"
"RLX0BJLNW2J7C","Reviewed in the United States on October 21, 2021",2,"Used, not original Nintendo parts","The dock is not Nintendo. It’s Vogek. Not original parts.",true,1,11,"110","B084DDDNRP","nintendo switch v1",false,0,"USD",0,0,0,95561,4.9,"https://www.amazon.com/dp/B084DDDNRP","468248.90",false,false,true,false,"Nintendo Switch - Animal Crossing: New Horizons Edition - Switch","https://m.media-amazon.com/images/I/81Sxdp0JBLL._AC_UY218_.jpg"
"R2551HFR1SQ9UR","Reviewed in the United States on October 21, 2021",5,"Yessss I finally got one","I wish I would have gotten one sooner but the pandemic prevented that. I love this thing so much and even more that I can easily take it on vacation with me.",true,1,11,"110","B084DDDNRP","nintendo switch v1",false,0,"USD",0,0,0,95561,4.9,"https://www.amazon.com/dp/B084DDDNRP","468248.90",false,false,true,false,"Nintendo Switch - Animal Crossing: New Horizons Edition - Switch","https://m.media-amazon.com/images/I/81Sxdp0JBLL._AC_UY218_.jpg"
"R1NANTSEKG9RXO","Reviewed in the United States on October 21, 2021",1,"Buttons on the controllers kept on malfunctioning.","The buttons on the controllers kept on malfunctioning. Made out of cheap material. I am very unsatisfied with this purchase.",true,1,11,"110","B084DDDNRP","nintendo switch v1",false,0,"USD",0,0,0,95561,4.9,"https://www.amazon.com/dp/B084DDDNRP","468248.90",false,false,true,false,"Nintendo Switch - Animal Crossing: New Horizons Edition - Switch","https://m.media-amazon.com/images/I/81Sxdp0JBLL._AC_UY218_.jpg"
"R2OW24SI6KXD3Y","Reviewed in the United States on October 20, 2021",5,"Love it.","Exactly as described and came quick.",true,1,11,"110","B084DDDNRP","nintendo switch v1",false,0,"USD",0,0,0,95561,4.9,"https://www.amazon.com/dp/B084DDDNRP","468248.90",false,false,true,false,"Nintendo Switch - Animal Crossing: New Horizons Edition - Switch","https://m.media-amazon.com/images/I/81Sxdp0JBLL._AC_UY218_.jpg"
"R1XOCLOE6HIL8K","Reviewed in the United States on October 20, 2021",5,"BRAND NEW","I was afraid it would come damaged but it’s a brand new system! I love it, even though it cost more than what Nintendo is selling it for, this limited edition switch is hard to find and the price is very much so worth it!",true,1,11,"110","B084DDDNRP","nintendo switch v1",false,0,"USD",0,0,0,95561,4.9,"https://www.amazon.com/dp/B084DDDNRP","468248.90",false,false,true,false,"Nintendo Switch - Animal Crossing: New Horizons Edition - Switch","https://m.media-amazon.com/images/I/81Sxdp0JBLL._AC_UY218_.jpg"
"R22UCFSU4PNY9E","Reviewed in the United States on October 20, 2021",5,"Nice","Works perfect, came in quick.",true,1,11,"110","B084DDDNRP","nintendo switch v1",false,0,"USD",0,0,0,95561,4.9,"https://www.amazon.com/dp/B084DDDNRP","468248.90",false,false,true,false,"Nintendo Switch - Animal Crossing: New Horizons Edition - Switch","https://m.media-amazon.com/images/I/81Sxdp0JBLL._AC_UY218_.jpg"
"R3FETFSL7MQTLN","Reviewed in the United States on October 15, 2021",3,"The opal design is not iridescent in anyway, just uses colors to make the illusion that it’s shiny.","I wish it was iridescent or shiny at least, with the name “opal”",true,1,12,"111","B08NQ3MW4Z","nintendo switch v1",false,19.95,"USD",0,0,0,290,4,"https://www.amazon.com/dp/B08NQ3MW4Z","1160.00",false,false,false,false,"Design Skinz Marble Surface V1 Pink - Skin Decal Protective Scratch-Resistant Removable Vinyl Wrap Kit Compatible with The...","https://m.media-amazon.com/images/I/71jNQe4mhcL._AC_UY218_.jpg"
"R1J3BL58J8W25A","Reviewed in the United States on September 2, 2021",5,"Beautiful addition to the Switch!","This product was pretty easy to apply and looked so pretty on my niece’s Switch",true,1,12,"111","B08NQ3MW4Z","nintendo switch v1",false,19.95,"USD",0,0,0,290,4,"https://www.amazon.com/dp/B08NQ3MW4Z","1160.00",false,false,false,false,"Design Skinz Marble Surface V1 Pink - Skin Decal Protective Scratch-Resistant Removable Vinyl Wrap Kit Compatible with The...","https://m.media-amazon.com/images/I/71jNQe4mhcL._AC_UY218_.jpg"
"R1RVUJ5OD3PT15","Reviewed in the United States on August 28, 2021",5,"Great!","Easy to put on, but be ready with the hair dryer!It works great for the controllers. Looks cool, easy to do, and protects my machine. Love it!!",true,1,12,"111","B08NQ3MW4Z","nintendo switch v1",false,19.95,"USD",0,0,0,290,4,"https://www.amazon.com/dp/B08NQ3MW4Z","1160.00",false,false,false,false,"Design Skinz Marble Surface V1 Pink - Skin Decal Protective Scratch-Resistant Removable Vinyl Wrap Kit Compatible with The...","https://m.media-amazon.com/images/I/71jNQe4mhcL._AC_UY218_.jpg"
"R2YDGRKW2MOWLK","Reviewed in the United States on August 22, 2021",2,"Incredibly difficult to apply","I purchased the joy con only opal bundle and I am incredibly disappointed with the quality. If you look at the joycon top down it looks amazing but you turn it on its side and thats where it starts going south. Despite using a hairdryer and checking out videos on how to do it properly the corners would just not lay even remotely flat. The stickers fit together poorly so the sides are just all kinds of messed up.",true,1,12,"111","B08NQ3MW4Z","nintendo switch v1",false,19.95,"USD",0,0,0,290,4,"https://www.amazon.com/dp/B08NQ3MW4Z","1160.00",false,false,false,false,"Design Skinz Marble Surface V1 Pink - Skin Decal Protective Scratch-Resistant Removable Vinyl Wrap Kit Compatible with The...","https://m.media-amazon.com/images/I/71jNQe4mhcL._AC_UY218_.jpg"
"R2KQ9AR59IU19Q","Reviewed in the United States on August 18, 2021",5,"Looks great!","It was my first time applying a vinyl and although a little tricky on the sides I absolutely love how it turned out. I did use a heat gun but wish I had been more diligent with it on the corners. It’s not perfect but I love how it looks. It doesnt perfectly align but I also didn’t expect it to.",true,1,12,"111","B08NQ3MW4Z","nintendo switch v1",false,19.95,"USD",0,0,0,290,4,"https://www.amazon.com/dp/B08NQ3MW4Z","1160.00",false,false,false,false,"Design Skinz Marble Surface V1 Pink - Skin Decal Protective Scratch-Resistant Removable Vinyl Wrap Kit Compatible with The...","https://m.media-amazon.com/images/I/71jNQe4mhcL._AC_UY218_.jpg"
"R2Z7ZAOB2M7LS9","Reviewed in the United States on August 14, 2021",5,"Ok","Ok",true,1,12,"111","B08NQ3MW4Z","nintendo switch v1",false,19.95,"USD",0,0,0,290,4,"https://www.amazon.com/dp/B08NQ3MW4Z","1160.00",false,false,false,false,"Design Skinz Marble Surface V1 Pink - Skin Decal Protective Scratch-Resistant Removable Vinyl Wrap Kit Compatible with The...","https://m.media-amazon.com/images/I/71jNQe4mhcL._AC_UY218_.jpg"
"RQ6KZZKPSEU9S","Reviewed in the United States on August 5, 2021",5,"Beautiful!!!!","I love this skin!!! It’s exactly what the pictures look like. I would’ve attached a pic but as soon as I put it on, my niece dropped it and broke it. Still the prettiest skin I’ve seen. Once it’s repaired I’ll be re-buying this skin",true,1,12,"111","B08NQ3MW4Z","nintendo switch v1",false,19.95,"USD",0,0,0,290,4,"https://www.amazon.com/dp/B08NQ3MW4Z","1160.00",false,false,false,false,"Design Skinz Marble Surface V1 Pink - Skin Decal Protective Scratch-Resistant Removable Vinyl Wrap Kit Compatible with The...","https://m.media-amazon.com/images/I/71jNQe4mhcL._AC_UY218_.jpg"
"R1HCFFNCJFE3Z","Reviewed in the United States on August 5, 2021",4,"Budget option, but pretty!","Just put this on today. Like a lot of generic skins, this lacks any strategic cuts around curved edges, which means you will inevitably get tiny wrinkles. I saw that from the product pictures, so I was willing to live with it, but it still docks a star. I really like the finish: matte with a textured grippy feel. Hopefully it holds up. Printing is decent but nothing spectacular. Looks fine from a distance which is all I really cared about, since I mostly play docked on the couch.BTW, application is a million times easier and more precise if you remove all the small scrap cutouts and large outer scraps first, then carefully place the skin with strips of release paper. Look up the Korean brand Pop Skin on youtube and copy how that guy does it. Genius.",true,1,12,"111","B08NQ3MW4Z","nintendo switch v1",false,19.95,"USD",0,0,0,290,4,"https://www.amazon.com/dp/B08NQ3MW4Z","1160.00",false,false,false,false,"Design Skinz Marble Surface V1 Pink - Skin Decal Protective Scratch-Resistant Removable Vinyl Wrap Kit Compatible with The...","https://m.media-amazon.com/images/I/71jNQe4mhcL._AC_UY218_.jpg"
"R1SBDPS4LE8UDL","Reviewed in the United States on July 29, 2021",4,"good","tedious application but very accurate. the only thing that bothers me is that its thick enough that it makes the switch not fit my case anymore",true,1,12,"111","B08NQ3MW4Z","nintendo switch v1",false,19.95,"USD",0,0,0,290,4,"https://www.amazon.com/dp/B08NQ3MW4Z","1160.00",false,false,false,false,"Design Skinz Marble Surface V1 Pink - Skin Decal Protective Scratch-Resistant Removable Vinyl Wrap Kit Compatible with The...","https://m.media-amazon.com/images/I/71jNQe4mhcL._AC_UY218_.jpg"
"R1XEH32NFNQMB4","Reviewed in the United States on July 26, 2021",1,"Disliked","I don’t know if it was already ripped when I got it but when I put it on my left joycon it didn’t fit and had a tear on the front. It also didn’t cover the whole thing on my right joycon",true,1,12,"111","B08NQ3MW4Z","nintendo switch v1",false,19.95,"USD",0,0,0,290,4,"https://www.amazon.com/dp/B08NQ3MW4Z","1160.00",false,false,false,false,"Design Skinz Marble Surface V1 Pink - Skin Decal Protective Scratch-Resistant Removable Vinyl Wrap Kit Compatible with The...","https://m.media-amazon.com/images/I/71jNQe4mhcL._AC_UY218_.jpg"
"R1PY9A6XB55XWE","Reviewed in the United States on October 22, 2021",2,"It's a UK version","It comes with a UK adapter maybe actually advertise that next time? The console isn't region locked but people shouldn't have to go digging to find out if their product is going to have the correct plug.",true,1,13,"112","B07W4CK8KR","nintendo switch v1",false,317.21,"USD",0,0,0,13564,4.8,"https://www.amazon.com/dp/B07W4CK8KR","65107.20",false,false,false,false,"Nintendo Switch (Neon Red/Neon blue)","https://m.media-amazon.com/images/I/71dDcOto3KL._AC_UY218_.jpg"
"R3HS7ALVMFXG2X","Reviewed in the United States on October 21, 2021",3,"THIS HAS A EUROPEAN PLUG NOT A US ONE.","not sure if description from clear but this is the European Outlet Version",true,1,13,"112","B07W4CK8KR","nintendo switch v1",false,317.21,"USD",0,0,0,13564,4.8,"https://www.amazon.com/dp/B07W4CK8KR","65107.20",false,false,false,false,"Nintendo Switch (Neon Red/Neon blue)","https://m.media-amazon.com/images/I/71dDcOto3KL._AC_UY218_.jpg"
"R1HRSLI7IMSWPM","Reviewed in the United States on October 21, 2021",5,"PRODUCT SPEAKS FOR ITSELF !LOVE IT","iLOVE EVERYTHING ABOUT THIS PRODUCT",true,1,13,"112","B07W4CK8KR","nintendo switch v1",false,317.21,"USD",0,0,0,13564,4.8,"https://www.amazon.com/dp/B07W4CK8KR","65107.20",false,false,false,false,"Nintendo Switch (Neon Red/Neon blue)","https://m.media-amazon.com/images/I/71dDcOto3KL._AC_UY218_.jpg"
"R3HMGFLLS0IRAW","Reviewed in the United States on October 13, 2021",5,"great price!","I really cannot give an actual review of this since it is a Christmas present and hasn't been removed yet from the box.But I bought it at a really good price and it was delivered as scheduled.",true,1,13,"112","B07W4CK8KR","nintendo switch v1",false,317.21,"USD",0,0,0,13564,4.8,"https://www.amazon.com/dp/B07W4CK8KR","65107.20",false,false,false,false,"Nintendo Switch (Neon Red/Neon blue)","https://m.media-amazon.com/images/I/71dDcOto3KL._AC_UY218_.jpg"
"R13IEGSZW3IIX0","Reviewed in the United States on September 20, 2021",5,"All in good fun","Great product, loved by children and adults alike, excellent quality with a choice lineup of games that is sure to keep you playing",true,1,13,"112","B07W4CK8KR","nintendo switch v1",false,317.21,"USD",0,0,0,13564,4.8,"https://www.amazon.com/dp/B07W4CK8KR","65107.20",false,false,false,false,"Nintendo Switch (Neon Red/Neon blue)","https://m.media-amazon.com/images/I/71dDcOto3KL._AC_UY218_.jpg"
"R3EYB4DB4P8P6T","Reviewed in the United States on September 16, 2021",5,"Good","Good",true,1,13,"112","B07W4CK8KR","nintendo switch v1",false,317.21,"USD",0,0,0,13564,4.8,"https://www.amazon.com/dp/B07W4CK8KR","65107.20",false,false,false,false,"Nintendo Switch (Neon Red/Neon blue)","https://m.media-amazon.com/images/I/71dDcOto3KL._AC_UY218_.jpg"
"R24LG0L3UJQTFQ","Reviewed in the United States on September 7, 2021",1,"Screen stopped working after 3 months!!","Screen topped working after 3 months!",true,1,13,"112","B07W4CK8KR","nintendo switch v1",false,317.21,"USD",0,0,0,13564,4.8,"https://www.amazon.com/dp/B07W4CK8KR","65107.20",false,false,false,false,"Nintendo Switch (Neon Red/Neon blue)","https://m.media-amazon.com/images/I/71dDcOto3KL._AC_UY218_.jpg"
"R276WFVWT1SGF0","Reviewed in the United States on September 5, 2021",3,"Already broken","I bought this switch for my son’s birthday and already broken in less than a month",true,1,13,"112","B07W4CK8KR","nintendo switch v1",false,317.21,"USD",0,0,0,13564,4.8,"https://www.amazon.com/dp/B07W4CK8KR","65107.20",false,false,false,false,"Nintendo Switch (Neon Red/Neon blue)","https://m.media-amazon.com/images/I/71dDcOto3KL._AC_UY218_.jpg"
"RTR3X8CAQQ2Z8","Reviewed in the United States on July 27, 2021",3,"Works good but a little worn","Took a week even tho I'm a prime member and was a little more worn than said. But it works great and I was pleased over all just a longer wait than expected and box said it came with a game but it did not I didn't expect one but I also expected the right box",true,1,13,"112","B07W4CK8KR","nintendo switch v1",false,317.21,"USD",0,0,0,13564,4.8,"https://www.amazon.com/dp/B07W4CK8KR","65107.20",false,false,false,false,"Nintendo Switch (Neon Red/Neon blue)","https://m.media-amazon.com/images/I/71dDcOto3KL._AC_UY218_.jpg"
"RJE1EUH4XL8I8","Reviewed in the United States on July 25, 2021",5,"Definitely recommend","Arrived on time, in perfect condition, as advertised in the overview. Kids, and even myself and the wife, love playing the switch in the evening to unwind a bit. Would recommend to anyone interested.",true,1,13,"112","B07W4CK8KR","nintendo switch v1",false,317.21,"USD",0,0,0,13564,4.8,"https://www.amazon.com/dp/B07W4CK8KR","65107.20",false,false,false,false,"Nintendo Switch (Neon Red/Neon blue)","https://m.media-amazon.com/images/I/71dDcOto3KL._AC_UY218_.jpg"
"R1VJJJHCH4L41V","Reviewed in the United States on October 21, 2021",5,"Fits and works great","Key Points:All cutouts alignProtects screen wellDoesn't scratch easilyEasy installOverall great product. I highly recommend.",true,1,14,"113","B01N3ASPNV","nintendo switch v1",false,7.99,"USD",0,0,0,93641,4.8,"https://www.amazon.com/dp/B01N3ASPNV","449476.80",false,false,false,false,"amFilm Tempered Glass Screen Protector for Nintendo Switch 2017 (2-Pack)","https://m.media-amazon.com/images/I/61RS44SioLL._AC_UY218_.jpg"
"R1C91C2XPAUYTH","Reviewed in the United States on October 21, 2021",5,"Great product","Perfect what I needed",true,1,14,"113","B01N3ASPNV","nintendo switch v1",false,7.99,"USD",0,0,0,93641,4.8,"https://www.amazon.com/dp/B01N3ASPNV","449476.80",false,false,false,false,"amFilm Tempered Glass Screen Protector for Nintendo Switch 2017 (2-Pack)","https://m.media-amazon.com/images/I/61RS44SioLL._AC_UY218_.jpg"
"RNNJ9W7BARI20","Reviewed in the United States on October 21, 2021",5,"Quality product, easy to install","Quality product, easy to install",true,1,14,"113","B01N3ASPNV","nintendo switch v1",false,7.99,"USD",0,0,0,93641,4.8,"https://www.amazon.com/dp/B01N3ASPNV","449476.80",false,false,false,false,"amFilm Tempered Glass Screen Protector for Nintendo Switch 2017 (2-Pack)","https://m.media-amazon.com/images/I/61RS44SioLL._AC_UY218_.jpg"
"REBMFVYCOBBYV","Reviewed in the United States on October 21, 2021",5,"Works Well","There is always install error to account for. Applying any screen protector takes some technique. With that said, this works very well. I have used the same brand on my Google Pixel 3 phone and it always worked well. Clean the screen well before applying it, but do not go overboard and saturate the screen. If the screen has bubbles you can carefully lift the edge up and then place the glass back down to get the screen to naturally push the air out.",true,1,14,"113","B01N3ASPNV","nintendo switch v1",false,7.99,"USD",0,0,0,93641,4.8,"https://www.amazon.com/dp/B01N3ASPNV","449476.80",false,false,false,false,"amFilm Tempered Glass Screen Protector for Nintendo Switch 2017 (2-Pack)","https://m.media-amazon.com/images/I/61RS44SioLL._AC_UY218_.jpg"
"R1VE5FL8017ZPZ","Reviewed in the United States on October 21, 2021",5,"Easy to install","Good quality",true,1,14,"113","B01N3ASPNV","nintendo switch v1",false,7.99,"USD",0,0,0,93641,4.8,"https://www.amazon.com/dp/B01N3ASPNV","449476.80",false,false,false,false,"amFilm Tempered Glass Screen Protector for Nintendo Switch 2017 (2-Pack)","https://m.media-amazon.com/images/I/61RS44SioLL._AC_UY218_.jpg"
"R6EJ6CRW5CVI9","Reviewed in the United States on October 20, 2021",3,"Broken upon arrival","Opened up the box and they were both broken.",true,1,14,"113","B01N3ASPNV","nintendo switch v1",false,7.99,"USD",0,0,0,93641,4.8,"https://www.amazon.com/dp/B01N3ASPNV","449476.80",false,false,false,false,"amFilm Tempered Glass Screen Protector for Nintendo Switch 2017 (2-Pack)","https://m.media-amazon.com/images/I/61RS44SioLL._AC_UY218_.jpg"
"R2P0T65HSJGF4D","Reviewed in the United States on October 20, 2021",5,"Perfect.","Protects the entire screen for my switch.",true,1,14,"113","B01N3ASPNV","nintendo switch v1",false,7.99,"USD",0,0,0,93641,4.8,"https://www.amazon.com/dp/B01N3ASPNV","449476.80",false,false,false,false,"amFilm Tempered Glass Screen Protector for Nintendo Switch 2017 (2-Pack)","https://m.media-amazon.com/images/I/61RS44SioLL._AC_UY218_.jpg"
"RO1SKXW2A8DT4","Reviewed in the United States on October 20, 2021",5,"extremely durable and great price","price is great especially if you have two switch systems or would like to give one as a gift",true,1,14,"113","B01N3ASPNV","nintendo switch v1",false,7.99,"USD",0,0,0,93641,4.8,"https://www.amazon.com/dp/B01N3ASPNV","449476.80",false,false,false,false,"amFilm Tempered Glass Screen Protector for Nintendo Switch 2017 (2-Pack)","https://m.media-amazon.com/images/I/61RS44SioLL._AC_UY218_.jpg"
"R24ETK7Y0LCHHV","Reviewed in the United States on October 20, 2021",5,"Super easy to install","The instructions were clear, absolutely no bubbles left, and super easy, took me 10 min as I properly cleaned my screen, got rid of all dirt marks and dust, and installed with pure ease! LOVE IT! Recommend!",true,1,14,"113","B01N3ASPNV","nintendo switch v1",false,7.99,"USD",0,0,0,93641,4.8,"https://www.amazon.com/dp/B01N3ASPNV","449476.80",false,false,false,false,"amFilm Tempered Glass Screen Protector for Nintendo Switch 2017 (2-Pack)","https://m.media-amazon.com/images/I/61RS44SioLL._AC_UY218_.jpg"
"R2J4MO0IA9IV59","Reviewed in the United States on October 20, 2021",5,"It's easy to install","Really really easy to install.Thanks",true,1,14,"113","B01N3ASPNV","nintendo switch v1",false,7.99,"USD",0,0,0,93641,4.8,"https://www.amazon.com/dp/B01N3ASPNV","449476.80",false,false,false,false,"amFilm Tempered Glass Screen Protector for Nintendo Switch 2017 (2-Pack)","https://m.media-amazon.com/images/I/61RS44SioLL._AC_UY218_.jpg"
"R2EZD2ZIL8LHFD","Reviewed in the United States on October 21, 2021",5,"Awesomeness","Everything was great",true,1,15,"114","B0795GHTBC","nintendo switch v1",false,0,"USD",0,0,0,22875,4.8,"https://www.amazon.com/dp/B0795GHTBC","109800.00",false,false,false,false,"[3 Pack] Screen Protector Tempered Glass for Nintendo Switch, iVoler Transparent HD Clear Anti-Scratch Screen Protector Co...","https://m.media-amazon.com/images/I/7199pq1H31S._AC_UY218_.jpg"
"RWVJH9L3UXLIL","Reviewed in the United States on October 21, 2021",5,"Great protection","It is great to protect from scratches Thanks!",true,1,15,"114","B0795GHTBC","nintendo switch v1",false,0,"USD",0,0,0,22875,4.8,"https://www.amazon.com/dp/B0795GHTBC","109800.00",false,false,false,false,"[3 Pack] Screen Protector Tempered Glass for Nintendo Switch, iVoler Transparent HD Clear Anti-Scratch Screen Protector Co...","https://m.media-amazon.com/images/I/7199pq1H31S._AC_UY218_.jpg"
"R3SBFRT6HTHTYG","Reviewed in the United States on October 19, 2021",3,"Broken","The media could not be loaded. I liked the price, but when I opened it up one of the protectors had a crack.",true,1,15,"114","B0795GHTBC","nintendo switch v1",false,0,"USD",0,0,0,22875,4.8,"https://www.amazon.com/dp/B0795GHTBC","109800.00",false,false,false,false,"[3 Pack] Screen Protector Tempered Glass for Nintendo Switch, iVoler Transparent HD Clear Anti-Scratch Screen Protector Co...","https://m.media-amazon.com/images/I/7199pq1H31S._AC_UY218_.jpg"
"RK1Q0W48Y11GY","Reviewed in the United States on October 19, 2021",5,"The quality was great","It was perfect!!",true,1,15,"114","B0795GHTBC","nintendo switch v1",false,0,"USD",0,0,0,22875,4.8,"https://www.amazon.com/dp/B0795GHTBC","109800.00",false,false,false,false,"[3 Pack] Screen Protector Tempered Glass for Nintendo Switch, iVoler Transparent HD Clear Anti-Scratch Screen Protector Co...","https://m.media-amazon.com/images/I/7199pq1H31S._AC_UY218_.jpg"
"R2NEYZ4CQN4BY7","Reviewed in the United States on October 19, 2021",5,"Arrived quickly good product","Arrived before on time and woks great good purchase definitely recommend",true,1,15,"114","B0795GHTBC","nintendo switch v1",false,0,"USD",0,0,0,22875,4.8,"https://www.amazon.com/dp/B0795GHTBC","109800.00",false,false,false,false,"[3 Pack] Screen Protector Tempered Glass for Nintendo Switch, iVoler Transparent HD Clear Anti-Scratch Screen Protector Co...","https://m.media-amazon.com/images/I/7199pq1H31S._AC_UY218_.jpg"
"R1QGXYMENWP547","Reviewed in the United States on October 17, 2021",5,"Quality","Excellent product",true,1,15,"114","B0795GHTBC","nintendo switch v1",false,0,"USD",0,0,0,22875,4.8,"https://www.amazon.com/dp/B0795GHTBC","109800.00",false,false,false,false,"[3 Pack] Screen Protector Tempered Glass for Nintendo Switch, iVoler Transparent HD Clear Anti-Scratch Screen Protector Co...","https://m.media-amazon.com/images/I/7199pq1H31S._AC_UY218_.jpg"
"R3VBITRQD7GUNC","Reviewed in the United States on October 13, 2021",5,"Easy to install","Very easy to install and useful",true,1,15,"114","B0795GHTBC","nintendo switch v1",false,0,"USD",0,0,0,22875,4.8,"https://www.amazon.com/dp/B0795GHTBC","109800.00",false,false,false,false,"[3 Pack] Screen Protector Tempered Glass for Nintendo Switch, iVoler Transparent HD Clear Anti-Scratch Screen Protector Co...","https://m.media-amazon.com/images/I/7199pq1H31S._AC_UY218_.jpg"
"R32A0RCBSSRKVM","Reviewed in the United States on October 12, 2021",5,"it is excellent","it is excellent easy and the best good price",true,1,15,"114","B0795GHTBC","nintendo switch v1",false,0,"USD",0,0,0,22875,4.8,"https://www.amazon.com/dp/B0795GHTBC","109800.00",false,false,false,false,"[3 Pack] Screen Protector Tempered Glass for Nintendo Switch, iVoler Transparent HD Clear Anti-Scratch Screen Protector Co...","https://m.media-amazon.com/images/I/7199pq1H31S._AC_UY218_.jpg"
"R23RQ9D6KO2YOD","Reviewed in the United States on October 11, 2021",4,"Pretty good","The price is good for this quality, but it’s really hard to install it",true,1,15,"114","B0795GHTBC","nintendo switch v1",false,0,"USD",0,0,0,22875,4.8,"https://www.amazon.com/dp/B0795GHTBC","109800.00",false,false,false,false,"[3 Pack] Screen Protector Tempered Glass for Nintendo Switch, iVoler Transparent HD Clear Anti-Scratch Screen Protector Co...","https://m.media-amazon.com/images/I/7199pq1H31S._AC_UY218_.jpg"
"R3MF69C7SA1MPZ","Reviewed in the United States on October 10, 2021",4,"👍🏾","This does a great job protecting my switch.",true,1,15,"114","B0795GHTBC","nintendo switch v1",false,0,"USD",0,0,0,22875,4.8,"https://www.amazon.com/dp/B0795GHTBC","109800.00",false,false,false,false,"[3 Pack] Screen Protector Tempered Glass for Nintendo Switch, iVoler Transparent HD Clear Anti-Scratch Screen Protector Co...","https://m.media-amazon.com/images/I/7199pq1H31S._AC_UY218_.jpg"