"review.id","review.review_data","review.rating","review.title","review.review","review.verified_purchase","product.position.page","product.position.position","product.position.global_position","product.asin","product.keyword","product.price.discounted","product.price.current_price","product.price.currency","product.price.before_price","product.price.savings_amount","product.price.savings_percent","product.reviews.total_reviews","product.reviews.rating","product.url","product.score","product.sponsored","product.amazonChoice","product.bestSeller","product.amazonPrime","product.title","product.thumbnail"
"R2EMVIDDLE9FO5","Reviewed in the United States on October 21, 2021",5,"awesome","perfect",true,1,1,"11","B072M5FFZ5","razer pro glide",false,19.99,"USD",0,0,0,10334,4.7,"https://www.amazon.com/dp/B072M5FFZ5","48569.80",false,false,false,false,"ProGlide Shield Men’s Razor Handle + 4 Blade Refills","https://m.media-amazon.com/images/I/81XV8kStuJL._AC_UL320_.jpg"
"R27V9JIGWLLNMQ","Reviewed in the United States on October 21, 2021",5,"Good value for the money and fast delivery","Good value for$ and fast delivery",true,1,1,"11","B072M5FFZ5","razer pro glide",false,19.99,"USD",0,0,0,10334,4.7,"https://www.amazon.com/dp/B072M5FFZ5","48569.80",false,false,false,false,"ProGlide Shield Men’s Razor Handle + 4 Blade Refills","https://m.media-amazon.com/images/I/81XV8kStuJL._AC_UL320_.jpg"
"R24MHX81Z3362S","Reviewed in the United States on October 21, 2021",1,"Worst Razor I Have Ever Owned","After finally running out of my DSC cache of razors I decided to try something new.Boy was I disappointed. This razor is awful. It clogs super easy and the yellow strip around the blade starts disintegrating after one use. I used to make a DSC razor last for months. I can’t use these for more than 3 or 4 shaves. Worthless.",true,1,1,"11","B072M5FFZ5","razer pro glide",false,19.99,"USD",0,0,0,10334,4.7,"https://www.amazon.com/dp/B072M5FFZ5","48569.80",false,false,false,false,"ProGlide Shield Men’s Razor Handle + 4 Blade Refills","https://m.media-amazon.com/images/I/81XV8kStuJL._AC_UL320_.jpg"
"R18FYK3YRXLN1O","Reviewed in the United States on October 21, 2021",5,"So far satisfied.","On first cartridge. So far great shaves. Sharp blade. Fits fusion power razor fine. Will see if its worth price.",true,1,1,"11","B072M5FFZ5","razer pro glide",false,19.99,"USD",0,0,0,10334,4.7,"https://www.amazon.com/dp/B072M5FFZ5","48569.80",false,false,false,false,"ProGlide Shield Men’s Razor Handle + 4 Blade Refills","https://m.media-amazon.com/images/I/81XV8kStuJL._AC_UL320_.jpg"
"RW6LD4Y01YBBO","Reviewed in the United States on October 20, 2021",5,"Good product!","High quality product!",true,1,1,"11","B072M5FFZ5","razer pro glide",false,19.99,"USD",0,0,0,10334,4.7,"https://www.amazon.com/dp/B072M5FFZ5","48569.80",false,false,false,false,"ProGlide Shield Men’s Razor Handle + 4 Blade Refills","https://m.media-amazon.com/images/I/81XV8kStuJL._AC_UL320_.jpg"
"R1Y2ZVL4IVS3ZO","Reviewed in the United States on October 20, 2021",5,"Straight to the point","amazing overall extremely slick and clean, the reserve blades are a nice thing to have, 10/10 overall☻︎",true,1,1,"11","B072M5FFZ5","razer pro glide",false,19.99,"USD",0,0,0,10334,4.7,"https://www.amazon.com/dp/B072M5FFZ5","48569.80",false,false,false,false,"ProGlide Shield Men’s Razor Handle + 4 Blade Refills","https://m.media-amazon.com/images/I/81XV8kStuJL._AC_UL320_.jpg"
"R37QJC0NU5ABWJ","Reviewed in the United States on October 19, 2021",3,"I expected more from a name brand, you are paying for the name....My opinion.","I bought these to simply ''trim around my beard'' so only requiring to clean half my face. Sadly, after the first shave, which was fine, it was down hill from there. If I weren't retired and still wore suits daily and the occasional tux(?) I would never use this razor if I was counting on a clean appearance for the entire day.",true,1,1,"11","B072M5FFZ5","razer pro glide",false,19.99,"USD",0,0,0,10334,4.7,"https://www.amazon.com/dp/B072M5FFZ5","48569.80",false,false,false,false,"ProGlide Shield Men’s Razor Handle + 4 Blade Refills","https://m.media-amazon.com/images/I/81XV8kStuJL._AC_UL320_.jpg"
"R3BIC8VNMY34U3","Reviewed in the United States on October 14, 2021",5,"GREAT RAZORS","SMOOTH, COMFORTABLE SHAVE EVERYTIME",true,1,1,"11","B072M5FFZ5","razer pro glide",false,19.99,"USD",0,0,0,10334,4.7,"https://www.amazon.com/dp/B072M5FFZ5","48569.80",false,false,false,false,"ProGlide Shield Men’s Razor Handle + 4 Blade Refills","https://m.media-amazon.com/images/I/81XV8kStuJL._AC_UL320_.jpg"
"R3B2WELA4PT27C","Reviewed in the United States on October 12, 2021",5,"A great shave","Very pleased",true,1,1,"11","B072M5FFZ5","razer pro glide",false,19.99,"USD",0,0,0,10334,4.7,"https://www.amazon.com/dp/B072M5FFZ5","48569.80",false,false,false,false,"ProGlide Shield Men’s Razor Handle + 4 Blade Refills","https://m.media-amazon.com/images/I/81XV8kStuJL._AC_UL320_.jpg"
"R1QWHZ1FX39J2Q","Reviewed in the United States on October 10, 2021",5,"Who’d of known?","I have been using the 3-blade razors for years and tried a friend’s 5-blade. OH MY! Bought some for myself. These blades are so good that I actually shave without any shaving cream. Just on my bare skin. They do not nick or rough up my skin - just smooth shaving. LOVE THEM.",true,1,1,"11","B072M5FFZ5","razer pro glide",false,19.99,"USD",0,0,0,10334,4.7,"https://www.amazon.com/dp/B072M5FFZ5","48569.80",false,false,false,false,"ProGlide Shield Men’s Razor Handle + 4 Blade Refills","https://m.media-amazon.com/images/I/81XV8kStuJL._AC_UL320_.jpg"
"cr-translate-799878147",,,"","",false,1,2,"12","B00JM82H0W","razer pro glide",true,39.99,"USD",52.49,12.5,23.81,4867,4.8,"https://www.amazon.com/dp/B00JM82H0W","23361.60",false,false,false,false,"Gillette ProGlide Men's Razor Blades, 12 Blade Refills","https://m.media-amazon.com/images/I/810gH5e6NmL._AC_UL320_.jpg"
"R26KM0NXB6D29S","Reviewed in the United States on October 16, 2021",5,"very good product","very good product",true,1,2,"12","B00JM82H0W","razer pro glide",true,39.99,"USD",52.49,12.5,23.81,4867,4.8,"https://www.amazon.com/dp/B00JM82H0W","23361.60",false,false,false,false,"Gillette ProGlide Men's Razor Blades, 12 Blade Refills","https://m.media-amazon.com/images/I/810gH5e6NmL._AC_UL320_.jpg"
"R2F8CR0Y30UKLM","Reviewed in the United States on October 13, 2021",5,"Great price","Great deal. Best razors",true,1,2,"12","B00JM82H0W","razer pro glide",true,39.99,"USD",52.49,12.5,23.81,4867,4.8,"https://www.amazon.com/dp/B00JM82H0W","23361.60",false,false,false,false,"Gillette ProGlide Men's Razor Blades, 12 Blade Refills","https://m.media-amazon.com/images/I/810gH5e6NmL._AC_UL320_.jpg"
"R2FD51BVZN1R7H","Reviewed in the United States on October 11, 2021",5,"Gillette ProGlide Raxor Blades","There are 3 stellar aspects to this review. First of all the ProGlide blades are by far the sharpest, smoothest shaving blades I have ever experienced and I have been shaving for decades. Secondly, you cannot find 12 packages in regular stores, which leads to the third point which is Amazon's price is much more economical.You could pay in a typical drug store 22-23 dollars just for 4 blades while it was just 40.00 dollars for 12 in the Amazon retail section.All in all I give them my highest recommendation.",true,1,2,"12","B00JM82H0W","razer pro glide",true,39.99,"USD",52.49,12.5,23.81,4867,4.8,"https://www.amazon.com/dp/B00JM82H0W","23361.60",false,false,false,false,"Gillette ProGlide Men's Razor Blades, 12 Blade Refills","https://m.media-amazon.com/images/I/810gH5e6NmL._AC_UL320_.jpg"
"R1NW2142JREK8O","Reviewed in the United States on October 10, 2021",5,"It works","AAA×",true,1,2,"12","B00JM82H0W","razer pro glide",true,39.99,"USD",52.49,12.5,23.81,4867,4.8,"https://www.amazon.com/dp/B00JM82H0W","23361.60",false,false,false,false,"Gillette ProGlide Men's Razor Blades, 12 Blade Refills","https://m.media-amazon.com/images/I/810gH5e6NmL._AC_UL320_.jpg"
"R2PL6H9USNU39R","Reviewed in the United States on October 2, 2021",5,"The product is excellent","The product is excellent, well worth the price, arrived very quickly and great service from Amazon",true,1,2,"12","B00JM82H0W","razer pro glide",true,39.99,"USD",52.49,12.5,23.81,4867,4.8,"https://www.amazon.com/dp/B00JM82H0W","23361.60",false,false,false,false,"Gillette ProGlide Men's Razor Blades, 12 Blade Refills","https://m.media-amazon.com/images/I/810gH5e6NmL._AC_UL320_.jpg"
"R29ZES72BXB56L","Reviewed in the United States on October 2, 2021",5,"Great deal!","Great deal!",true,1,2,"12","B00JM82H0W","razer pro glide",true,39.99,"USD",52.49,12.5,23.81,4867,4.8,"https://www.amazon.com/dp/B00JM82H0W","23361.60",false,false,false,false,"Gillette ProGlide Men's Razor Blades, 12 Blade Refills","https://m.media-amazon.com/images/I/810gH5e6NmL._AC_UL320_.jpg"
"R14CSMW63TVJTZ","Reviewed in the United States on October 1, 2021",5,"Great Shave. Way to EXPENSIVE","Does a great job, but way over priced and tend to break if dropped in shower!",true,1,2,"12","B00JM82H0W","razer pro glide",true,39.99,"USD",52.49,12.5,23.81,4867,4.8,"https://www.amazon.com/dp/B00JM82H0W","23361.60",false,false,false,false,"Gillette ProGlide Men's Razor Blades, 12 Blade Refills","https://m.media-amazon.com/images/I/810gH5e6NmL._AC_UL320_.jpg"
"R84FP5Y3H6PI6","Reviewed in the United States on September 30, 2021",5,"Great Razors","Work great.",true,1,2,"12","B00JM82H0W","razer pro glide",true,39.99,"USD",52.49,12.5,23.81,4867,4.8,"https://www.amazon.com/dp/B00JM82H0W","23361.60",false,false,false,false,"Gillette ProGlide Men's Razor Blades, 12 Blade Refills","https://m.media-amazon.com/images/I/810gH5e6NmL._AC_UL320_.jpg"
"R3L27DTKG8GULQ","Reviewed in the United States on September 28, 2021",5,"good product, good service","good product, good service",true,1,2,"12","B00JM82H0W","razer pro glide",true,39.99,"USD",52.49,12.5,23.81,4867,4.8,"https://www.amazon.com/dp/B00JM82H0W","23361.60",false,false,false,false,"Gillette ProGlide Men's Razor Blades, 12 Blade Refills","https://m.media-amazon.com/images/I/810gH5e6NmL._AC_UL320_.jpg"
"RXE01KRCYEK1N","Reviewed in the United States on September 28, 2021",5,"Smooth shave","Lasts a long time",true,1,2,"12","B00JM82H0W","razer pro glide",true,39.99,"USD",52.49,12.5,23.81,4867,4.8,"https://www.amazon.com/dp/B00JM82H0W","23361.60",false,false,false,false,"Gillette ProGlide Men's Razor Blades, 12 Blade Refills","https://m.media-amazon.com/images/I/810gH5e6NmL._AC_UL320_.jpg"
"R153HXOU0PGSQL","Reviewed in the United States on October 22, 2021",2,"No trimmer blade","I got these on accident. I wanted the ones with the single trimmer blade on the other side. My fault, but that's why I dont use this type.",true,1,3,"13","B07D64B9RL","razer pro glide",false,29.28,"USD",0,0,0,20019,4.6,"https://www.amazon.com/dp/B07D64B9RL","92087.40",false,false,false,false,"Gillette5 Mens Razor Cartridge Five-Bladed Razor Refills, 12 Count","https://m.media-amazon.com/images/I/818zswVI0mL._AC_UL320_.jpg"
"R1ARLJJAW30YM8","Reviewed in the United States on October 22, 2021",5,"excelente","excelente",true,1,3,"13","B07D64B9RL","razer pro glide",false,29.28,"USD",0,0,0,20019,4.6,"https://www.amazon.com/dp/B07D64B9RL","92087.40",false,false,false,false,"Gillette5 Mens Razor Cartridge Five-Bladed Razor Refills, 12 Count","https://m.media-amazon.com/images/I/818zswVI0mL._AC_UL320_.jpg"
"R1IAY29SW4RNGK","Reviewed in the United States on October 22, 2021",5,"value for money","over priced",true,1,3,"13","B07D64B9RL","razer pro glide",false,29.28,"USD",0,0,0,20019,4.6,"https://www.amazon.com/dp/B07D64B9RL","92087.40",false,false,false,false,"Gillette5 Mens Razor Cartridge Five-Bladed Razor Refills, 12 Count","https://m.media-amazon.com/images/I/818zswVI0mL._AC_UL320_.jpg"
"R2VJQ0BFV5DCEZ","Reviewed in the United States on October 21, 2021",1,"Does not have precision trimmer","Does not have precision trimmer",true,1,3,"13","B07D64B9RL","razer pro glide",false,29.28,"USD",0,0,0,20019,4.6,"https://www.amazon.com/dp/B07D64B9RL","92087.40",false,false,false,false,"Gillette5 Mens Razor Cartridge Five-Bladed Razor Refills, 12 Count","https://m.media-amazon.com/images/I/818zswVI0mL._AC_UL320_.jpg"
"R18XM8S26OMFMD","Reviewed in the United States on October 20, 2021",5,"Bad Shipping","The razors typically work well, but with my smaller order the warehouse chose to use an envelope. My blades were totally crushed and a few are unusable,which is a few dollars lost as blades are not cheap. The larger orders always show up in boxes so this usually isn't an issue.",true,1,3,"13","B07D64B9RL","razer pro glide",false,29.28,"USD",0,0,0,20019,4.6,"https://www.amazon.com/dp/B07D64B9RL","92087.40",false,false,false,false,"Gillette5 Mens Razor Cartridge Five-Bladed Razor Refills, 12 Count","https://m.media-amazon.com/images/I/818zswVI0mL._AC_UL320_.jpg"
"R3FE44SU6LG36W","Reviewed in the United States on October 20, 2021",5,"That its a product I can count on!","Simple function and clean design",true,1,3,"13","B07D64B9RL","razer pro glide",false,29.28,"USD",0,0,0,20019,4.6,"https://www.amazon.com/dp/B07D64B9RL","92087.40",false,false,false,false,"Gillette5 Mens Razor Cartridge Five-Bladed Razor Refills, 12 Count","https://m.media-amazon.com/images/I/818zswVI0mL._AC_UL320_.jpg"
"R3SWNLB0Z19BDE","Reviewed in the United States on October 20, 2021",1,"STOP! There's NO blade on the back!!!!","STOP! There's NO blade on the back!!!!How did you expect people to trim or correct the sides or beard/mustache lines?Shame on you Gilette!!!",true,1,3,"13","B07D64B9RL","razer pro glide",false,29.28,"USD",0,0,0,20019,4.6,"https://www.amazon.com/dp/B07D64B9RL","92087.40",false,false,false,false,"Gillette5 Mens Razor Cartridge Five-Bladed Razor Refills, 12 Count","https://m.media-amazon.com/images/I/818zswVI0mL._AC_UL320_.jpg"
"R1B7R98DC8WP0H","Reviewed in the United States on October 20, 2021",1,"Total waste of money. These blades are garbage.","These “budget” razor blades that save $2 dollars at best. They last about 5 minutes while shaving before becoming so dull they begin pulling hair and causing nicks.Due to 5 minute lifetime of these blades they are actually the most expensive blade, while simultaneously being the worst blade.",true,1,3,"13","B07D64B9RL","razer pro glide",false,29.28,"USD",0,0,0,20019,4.6,"https://www.amazon.com/dp/B07D64B9RL","92087.40",false,false,false,false,"Gillette5 Mens Razor Cartridge Five-Bladed Razor Refills, 12 Count","https://m.media-amazon.com/images/I/818zswVI0mL._AC_UL320_.jpg"
"R3NCNGC958S770","Reviewed in the United States on October 18, 2021",4,"Ok blades","They are ok but still to darn expensive",true,1,3,"13","B07D64B9RL","razer pro glide",false,29.28,"USD",0,0,0,20019,4.6,"https://www.amazon.com/dp/B07D64B9RL","92087.40",false,false,false,false,"Gillette5 Mens Razor Cartridge Five-Bladed Razor Refills, 12 Count","https://m.media-amazon.com/images/I/818zswVI0mL._AC_UL320_.jpg"
"RZS68A7T185E1","Reviewed in the United States on October 18, 2021",5,"Great shave but pricey.","Great shave but pricey.",true,1,3,"13","B07D64B9RL","razer pro glide",false,29.28,"USD",0,0,0,20019,4.6,"https://www.amazon.com/dp/B07D64B9RL","92087.40",false,false,false,false,"Gillette5 Mens Razor Cartridge Five-Bladed Razor Refills, 12 Count","https://m.media-amazon.com/images/I/818zswVI0mL._AC_UL320_.jpg"
"R3PRX7FGUMQGRN","Reviewed in the United States on October 6, 2021",5,"Best razor I've used","It's expensive, but after shaving with this, it's worth it.Smoothest, closest, most comfortable shave I've ever had.I'm surprised it's this much better.",true,1,4,"14","B06X9PM3GJ","razer pro glide",true,13.97,"USD",15.99,2.02,12.63,10122,4.7,"https://www.amazon.com/dp/B06X9PM3GJ","47573.40",false,true,false,false,"Gillette ProGlide Mens Razor, 1 Gillette Razor Handle Plus 2 Five-Bladed Razor Refills","https://m.media-amazon.com/images/I/716D3vvp6HL._AC_UL320_.jpg"
"RDR1VMHHVA0FY","Reviewed in the United States on October 1, 2021",4,"Good but Nothing Special","Functions OK.Is no better or worse than countless others.Blades are pricey.",true,1,4,"14","B06X9PM3GJ","razer pro glide",true,13.97,"USD",15.99,2.02,12.63,10122,4.7,"https://www.amazon.com/dp/B06X9PM3GJ","47573.40",false,true,false,false,"Gillette ProGlide Mens Razor, 1 Gillette Razor Handle Plus 2 Five-Bladed Razor Refills","https://m.media-amazon.com/images/I/716D3vvp6HL._AC_UL320_.jpg"
"RAJBHT485OZX","Reviewed in the United States on September 29, 2021",5,"I never had a closer shave.","No irritation at all. These things are sharp!",true,1,4,"14","B06X9PM3GJ","razer pro glide",true,13.97,"USD",15.99,2.02,12.63,10122,4.7,"https://www.amazon.com/dp/B06X9PM3GJ","47573.40",false,true,false,false,"Gillette ProGlide Mens Razor, 1 Gillette Razor Handle Plus 2 Five-Bladed Razor Refills","https://m.media-amazon.com/images/I/716D3vvp6HL._AC_UL320_.jpg"
"R21Z2BEZU2AHQY","Reviewed in the United States on September 28, 2021",5,"best razor on the market","best razor on the market imo...",true,1,4,"14","B06X9PM3GJ","razer pro glide",true,13.97,"USD",15.99,2.02,12.63,10122,4.7,"https://www.amazon.com/dp/B06X9PM3GJ","47573.40",false,true,false,false,"Gillette ProGlide Mens Razor, 1 Gillette Razor Handle Plus 2 Five-Bladed Razor Refills","https://m.media-amazon.com/images/I/716D3vvp6HL._AC_UL320_.jpg"
"R1CCKES6ZRHXYN","Reviewed in the United States on September 17, 2021",5,"close shave","happy",true,1,4,"14","B06X9PM3GJ","razer pro glide",true,13.97,"USD",15.99,2.02,12.63,10122,4.7,"https://www.amazon.com/dp/B06X9PM3GJ","47573.40",false,true,false,false,"Gillette ProGlide Mens Razor, 1 Gillette Razor Handle Plus 2 Five-Bladed Razor Refills","https://m.media-amazon.com/images/I/716D3vvp6HL._AC_UL320_.jpg"
"R2GUDBJNPILP52","Reviewed in the United States on September 10, 2021",5,"long-term use","This razor is very suitable for me, I have been using it for a long time and feel good, love it!",true,1,4,"14","B06X9PM3GJ","razer pro glide",true,13.97,"USD",15.99,2.02,12.63,10122,4.7,"https://www.amazon.com/dp/B06X9PM3GJ","47573.40",false,true,false,false,"Gillette ProGlide Mens Razor, 1 Gillette Razor Handle Plus 2 Five-Bladed Razor Refills","https://m.media-amazon.com/images/I/716D3vvp6HL._AC_UL320_.jpg"
"R13P57YTFCUVPI","Reviewed in the United States on September 7, 2021",5,"Gives a good close shave.","Wellworth the money",true,1,4,"14","B06X9PM3GJ","razer pro glide",true,13.97,"USD",15.99,2.02,12.63,10122,4.7,"https://www.amazon.com/dp/B06X9PM3GJ","47573.40",false,true,false,false,"Gillette ProGlide Mens Razor, 1 Gillette Razor Handle Plus 2 Five-Bladed Razor Refills","https://m.media-amazon.com/images/I/716D3vvp6HL._AC_UL320_.jpg"
"R1SCE364DIKQDX","Reviewed in the United States on August 27, 2021",5,"It's a razor!","Works real good!",true,1,4,"14","B06X9PM3GJ","razer pro glide",true,13.97,"USD",15.99,2.02,12.63,10122,4.7,"https://www.amazon.com/dp/B06X9PM3GJ","47573.40",false,true,false,false,"Gillette ProGlide Mens Razor, 1 Gillette Razor Handle Plus 2 Five-Bladed Razor Refills","https://m.media-amazon.com/images/I/716D3vvp6HL._AC_UL320_.jpg"
"R1I1EW1N9J26UQ","Reviewed in the United States on August 24, 2021",5,"Liked it alot!","It is so worth buying and try it! The blades work well even after a long use!",true,1,4,"14","B06X9PM3GJ","razer pro glide",true,13.97,"USD",15.99,2.02,12.63,10122,4.7,"https://www.amazon.com/dp/B06X9PM3GJ","47573.40",false,true,false,false,"Gillette ProGlide Mens Razor, 1 Gillette Razor Handle Plus 2 Five-Bladed Razor Refills","https://m.media-amazon.com/images/I/716D3vvp6HL._AC_UL320_.jpg"
"R148WDETFX37ZC","Reviewed in the United States on August 23, 2021",4,"Good razor, but don’t like the clicking sound it makes","When I’m shaving it makes a clicking noise that I don’t like. Makes it sound flimsy. I like my older style pro glide better but needed to upgrade because I ran out of cartridges.",true,1,4,"14","B06X9PM3GJ","razer pro glide",true,13.97,"USD",15.99,2.02,12.63,10122,4.7,"https://www.amazon.com/dp/B06X9PM3GJ","47573.40",false,true,false,false,"Gillette ProGlide Mens Razor, 1 Gillette Razor Handle Plus 2 Five-Bladed Razor Refills","https://m.media-amazon.com/images/I/716D3vvp6HL._AC_UL320_.jpg"
"R2FPTV02D3CD3C","Reviewed in the United States on October 20, 2021",5,"good product","Acceptable price",true,1,5,"15","B0168MB6BA","razer pro glide",true,35.36,"USD",41.99,6.63,15.79,7419,4.8,"https://www.amazon.com/dp/B0168MB6BA","35611.20",false,false,false,false,"Gillette ProGlide Shield Mens Razor Cartridge Five-Bladed Razor Refills, 8 Count","https://m.media-amazon.com/images/I/81miYaMc1qL._AC_UL320_.jpg"
"R17VDVHHWMJM9V","Reviewed in the United States on October 12, 2021",5,"Smooth","I like this particular blade it leaves your face very smooth",true,1,5,"15","B0168MB6BA","razer pro glide",true,35.36,"USD",41.99,6.63,15.79,7419,4.8,"https://www.amazon.com/dp/B0168MB6BA","35611.20",false,false,false,false,"Gillette ProGlide Shield Mens Razor Cartridge Five-Bladed Razor Refills, 8 Count","https://m.media-amazon.com/images/I/81miYaMc1qL._AC_UL320_.jpg"
"RIV7E18TIZBCG","Reviewed in the United States on October 10, 2021",1,"Do not buy!!! Not original Gillette ProGlide Razor!","I purchased this 8 pack of Gillette ProGlide Razor blade back in June. I just started using one of these new packs and noticed immediately that this razor is not even close to being as sharp as the one I purchased at the local store. I thought, ok maybe it's one bad razor so I opened another pack and found out to be the same as the first one. I've been using Gillette ProGlide for years now and I don't mind paying extra for the best quality. I specifically love the yellow razor blades but unfortunately, I was not able to find them in the local store at the time and now I regret purchasing it online.",true,1,5,"15","B0168MB6BA","razer pro glide",true,35.36,"USD",41.99,6.63,15.79,7419,4.8,"https://www.amazon.com/dp/B0168MB6BA","35611.20",false,false,false,false,"Gillette ProGlide Shield Mens Razor Cartridge Five-Bladed Razor Refills, 8 Count","https://m.media-amazon.com/images/I/81miYaMc1qL._AC_UL320_.jpg"
"R1QNHSYQFRPWF2","Reviewed in the United States on October 7, 2021",1,"You don't get what's described","You get the bladed but product description says if comes with handle which you do not get. Below is description from Amazon page. The description is highly deceptive and am not happy about it. I should be sent what is described.""Gillette ProGlide Shield Mens Razor, 1 Gillette Razor Handle Plus 8 Five-Bladed Razor Refills""",true,1,5,"15","B0168MB6BA","razer pro glide",true,35.36,"USD",41.99,6.63,15.79,7419,4.8,"https://www.amazon.com/dp/B0168MB6BA","35611.20",false,false,false,false,"Gillette ProGlide Shield Mens Razor Cartridge Five-Bladed Razor Refills, 8 Count","https://m.media-amazon.com/images/I/81miYaMc1qL._AC_UL320_.jpg"
"R1O9W38Y1XH09D","Reviewed in the United States on October 7, 2021",1,"No handle included.Just the razors.Bad descriptor!","No handle was shipped with the blades.False advertising!",true,1,5,"15","B0168MB6BA","razer pro glide",true,35.36,"USD",41.99,6.63,15.79,7419,4.8,"https://www.amazon.com/dp/B0168MB6BA","35611.20",false,false,false,false,"Gillette ProGlide Shield Mens Razor Cartridge Five-Bladed Razor Refills, 8 Count","https://m.media-amazon.com/images/I/81miYaMc1qL._AC_UL320_.jpg"
"R2V1HDQXJOZDLV","Reviewed in the United States on October 7, 2021",1,"Website description inaccurate. No razor blade handle was included in the package.","The website description claims you will receive 8 razor blades plus 1 handle. The package I received only contains razor blades and no handle. I can't use this product without a handle. Amazon needs to update the website description.",true,1,5,"15","B0168MB6BA","razer pro glide",true,35.36,"USD",41.99,6.63,15.79,7419,4.8,"https://www.amazon.com/dp/B0168MB6BA","35611.20",false,false,false,false,"Gillette ProGlide Shield Mens Razor Cartridge Five-Bladed Razor Refills, 8 Count","https://m.media-amazon.com/images/I/81miYaMc1qL._AC_UL320_.jpg"
"R2YKS9VJXGMQ8U","Reviewed in the United States on October 6, 2021",5,"👍","Good",true,1,5,"15","B0168MB6BA","razer pro glide",true,35.36,"USD",41.99,6.63,15.79,7419,4.8,"https://www.amazon.com/dp/B0168MB6BA","35611.20",false,false,false,false,"Gillette ProGlide Shield Mens Razor Cartridge Five-Bladed Razor Refills, 8 Count","https://m.media-amazon.com/images/I/81miYaMc1qL._AC_UL320_.jpg"
"R3V8AM76MN3FVN","Reviewed in the United States on October 5, 2021",5,"Great Razors","They last and work great.",true,1,5,"15","B0168MB6BA","razer pro glide",true,35.36,"USD",41.99,6.63,15.79,7419,4.8,"https://www.amazon.com/dp/B0168MB6BA","35611.20",false,false,false,false,"Gillette ProGlide Shield Mens Razor Cartridge Five-Bladed Razor Refills, 8 Count","https://m.media-amazon.com/images/I/81miYaMc1qL._AC_UL320_.jpg"
"R1GYTX8J7PGMXF","Reviewed in the United States on October 2, 2021",5,"Dam fine blades","Blades last a month. A bit pricey.but worth it.",true,1,5,"15","B0168MB6BA","razer pro glide",true,35.36,"USD",41.99,6.63,15.79,7419,4.8,"https://www.amazon.com/dp/B0168MB6BA","35611.20",false,false,false,false,"Gillette ProGlide Shield Mens Razor Cartridge Five-Bladed Razor Refills, 8 Count","https://m.media-amazon.com/images/I/81miYaMc1qL._AC_UL320_.jpg"
"R2RH4W43E6YIFF","Reviewed in the United States on September 29, 2021",5,"Great","Awesome",true,1,5,"15","B0168MB6BA","razer pro glide",true,35.36,"USD",41.99,6.63,15.79,7419,4.8,"https://www.amazon.com/dp/B0168MB6BA","35611.20",false,false,false,false,"Gillette ProGlide Shield Mens Razor Cartridge Five-Bladed Razor Refills, 8 Count","https://m.media-amazon.com/images/I/81miYaMc1qL._AC_UL320_.jpg"
"R2QBZ70LXNAJR2","Reviewed in the United States on October 20, 2021",5,"“A very close clean shave every time","Will purchase again",true,1,6,"16","B003983I1S","razer pro glide",true,29.98,"USD",35.71,5.73,16.05,25218,4.7,"https://www.amazon.com/dp/B003983I1S","118524.60",false,false,false,false,"Gillette ProGlide Men's Razor Blades, 8 Blade Refills","https://m.media-amazon.com/images/I/81DqmoOdhoL._AC_UL320_.jpg"
"R282UPZ0UBBJGQ","Reviewed in the United States on October 20, 2021",5,"Cuts well. To the smallest hair... attachment is easy..","Cuts well the the smallest hair.Easy attachment",true,1,6,"16","B003983I1S","razer pro glide",true,29.98,"USD",35.71,5.73,16.05,25218,4.7,"https://www.amazon.com/dp/B003983I1S","118524.60",false,false,false,false,"Gillette ProGlide Men's Razor Blades, 8 Blade Refills","https://m.media-amazon.com/images/I/81DqmoOdhoL._AC_UL320_.jpg"
"R3VP45WSI5DSQI","Reviewed in the United States on October 13, 2021",5,"Does as advertised","Purchased for husband….he loves these blades",true,1,6,"16","B003983I1S","razer pro glide",true,29.98,"USD",35.71,5.73,16.05,25218,4.7,"https://www.amazon.com/dp/B003983I1S","118524.60",false,false,false,false,"Gillette ProGlide Men's Razor Blades, 8 Blade Refills","https://m.media-amazon.com/images/I/81DqmoOdhoL._AC_UL320_.jpg"
"R56AP8S2H2K24","Reviewed in the United States on October 12, 2021",5,"Great Razors!!!","These are great razors and really are gentle on the skin!",true,1,6,"16","B003983I1S","razer pro glide",true,29.98,"USD",35.71,5.73,16.05,25218,4.7,"https://www.amazon.com/dp/B003983I1S","118524.60",false,false,false,false,"Gillette ProGlide Men's Razor Blades, 8 Blade Refills","https://m.media-amazon.com/images/I/81DqmoOdhoL._AC_UL320_.jpg"
"R77XZ9QPOMY76","Reviewed in the United States on October 6, 2021",5,"Perfect in every way!","These blades are great, fit perfectly and last forever.",true,1,6,"16","B003983I1S","razer pro glide",true,29.98,"USD",35.71,5.73,16.05,25218,4.7,"https://www.amazon.com/dp/B003983I1S","118524.60",false,false,false,false,"Gillette ProGlide Men's Razor Blades, 8 Blade Refills","https://m.media-amazon.com/images/I/81DqmoOdhoL._AC_UL320_.jpg"
"R2ZNC2V0J00ZI","Reviewed in the United States on October 4, 2021",5,"Good","Good",true,1,6,"16","B003983I1S","razer pro glide",true,29.98,"USD",35.71,5.73,16.05,25218,4.7,"https://www.amazon.com/dp/B003983I1S","118524.60",false,false,false,false,"Gillette ProGlide Men's Razor Blades, 8 Blade Refills","https://m.media-amazon.com/images/I/81DqmoOdhoL._AC_UL320_.jpg"
"R32DQFSZAQVDX2","Reviewed in the United States on October 4, 2021",5,"Great product","This is my husband’s favorite razor blade. He swears by it! The order was delivered quickly and was well packaged. No complaints here!",true,1,6,"16","B003983I1S","razer pro glide",true,29.98,"USD",35.71,5.73,16.05,25218,4.7,"https://www.amazon.com/dp/B003983I1S","118524.60",false,false,false,false,"Gillette ProGlide Men's Razor Blades, 8 Blade Refills","https://m.media-amazon.com/images/I/81DqmoOdhoL._AC_UL320_.jpg"
"R3D88DFGPCAZGP","Reviewed in the United States on October 3, 2021",1,"Quality....or lack thereof has changed.","Disappointing... not same quality. Husband not able to get as many shaves due to inferior quality.I've been ordering through subscribe and save for a couple years but will now change.",true,1,6,"16","B003983I1S","razer pro glide",true,29.98,"USD",35.71,5.73,16.05,25218,4.7,"https://www.amazon.com/dp/B003983I1S","118524.60",false,false,false,false,"Gillette ProGlide Men's Razor Blades, 8 Blade Refills","https://m.media-amazon.com/images/I/81DqmoOdhoL._AC_UL320_.jpg"
"R1XWQQYFKX58AW","Reviewed in the United States on October 3, 2021",5,"Works well but should stay sharp longer!","These refills work excellently but become dull all-too-quickly. In my experience they last about a week; the ""wear bar"" goes from green to white (i.e. dull) in about a week. Also, why are they so expensive?",true,1,6,"16","B003983I1S","razer pro glide",true,29.98,"USD",35.71,5.73,16.05,25218,4.7,"https://www.amazon.com/dp/B003983I1S","118524.60",false,false,false,false,"Gillette ProGlide Men's Razor Blades, 8 Blade Refills","https://m.media-amazon.com/images/I/81DqmoOdhoL._AC_UL320_.jpg"
"R14KIVWQIR55VF","Reviewed in the United States on September 24, 2021",1,"Blades dull quickly","Blades dull very quickly",true,1,6,"16","B003983I1S","razer pro glide",true,29.98,"USD",35.71,5.73,16.05,25218,4.7,"https://www.amazon.com/dp/B003983I1S","118524.60",false,false,false,false,"Gillette ProGlide Men's Razor Blades, 8 Blade Refills","https://m.media-amazon.com/images/I/81DqmoOdhoL._AC_UL320_.jpg"
"R195YO4DOAWE1F","Reviewed in the United States on October 22, 2021",5,"Moisturizes skin and allows a smooth shaving","Good price and good product",true,1,7,"17","B004B8F8MM","razer pro glide",true,23.99,"USD",32.51,8.52,26.21,51252,4.7,"https://www.amazon.com/dp/B004B8F8MM","240884.40",false,false,true,false,"Gillette Fusion Power Mens Razor, 1 Handle Plus 8 Five-Bladed Refills, 8 Count","https://m.media-amazon.com/images/I/81OkwZ3gbwL._AC_UL320_.jpg"
"R1ZOPXBYJGLM0M","Reviewed in the United States on October 22, 2021",5,"Best razors!","Great for sensitive skin",true,1,7,"17","B004B8F8MM","razer pro glide",true,23.99,"USD",32.51,8.52,26.21,51252,4.7,"https://www.amazon.com/dp/B004B8F8MM","240884.40",false,false,true,false,"Gillette Fusion Power Mens Razor, 1 Handle Plus 8 Five-Bladed Refills, 8 Count","https://m.media-amazon.com/images/I/81OkwZ3gbwL._AC_UL320_.jpg"
"RTT47YZZCU0IU","Reviewed in the United States on October 21, 2021",5,"Lo mejor","Excelente inversion",true,1,7,"17","B004B8F8MM","razer pro glide",true,23.99,"USD",32.51,8.52,26.21,51252,4.7,"https://www.amazon.com/dp/B004B8F8MM","240884.40",false,false,true,false,"Gillette Fusion Power Mens Razor, 1 Handle Plus 8 Five-Bladed Refills, 8 Count","https://m.media-amazon.com/images/I/81OkwZ3gbwL._AC_UL320_.jpg"
"R3KA4S3VZD5DI6","Reviewed in the United States on October 20, 2021",5,"Razor blades","You get a very clean shave",true,1,7,"17","B004B8F8MM","razer pro glide",true,23.99,"USD",32.51,8.52,26.21,51252,4.7,"https://www.amazon.com/dp/B004B8F8MM","240884.40",false,false,true,false,"Gillette Fusion Power Mens Razor, 1 Handle Plus 8 Five-Bladed Refills, 8 Count","https://m.media-amazon.com/images/I/81OkwZ3gbwL._AC_UL320_.jpg"
"R2GDF9P2TWSRZ4","Reviewed in the United States on October 20, 2021",5,"GREAT SHAVE","Terrific shave but rather expensive",true,1,7,"17","B004B8F8MM","razer pro glide",true,23.99,"USD",32.51,8.52,26.21,51252,4.7,"https://www.amazon.com/dp/B004B8F8MM","240884.40",false,false,true,false,"Gillette Fusion Power Mens Razor, 1 Handle Plus 8 Five-Bladed Refills, 8 Count","https://m.media-amazon.com/images/I/81OkwZ3gbwL._AC_UL320_.jpg"
"R25ML2OXJWLFZ6","Reviewed in the United States on October 19, 2021",5,"Very good shaver heads? Great quality. Highly recommend. Must buy!","These are the best shaving heads that you can buy at this price. They last me over 6 weeks for one. They are 5 blades in one. Very smooth and they never nick or cut my face and other places that I shave. They work very well. They last a long time. I have been using these for 15+ years and I will never use anything else.I highly recommend these to anyone. Must buy!!If Amazon keeps them at this price I will definitely but more.",true,1,7,"17","B004B8F8MM","razer pro glide",true,23.99,"USD",32.51,8.52,26.21,51252,4.7,"https://www.amazon.com/dp/B004B8F8MM","240884.40",false,false,true,false,"Gillette Fusion Power Mens Razor, 1 Handle Plus 8 Five-Bladed Refills, 8 Count","https://m.media-amazon.com/images/I/81OkwZ3gbwL._AC_UL320_.jpg"
"R3B2ISLFVHTVI4","Reviewed in the United States on October 19, 2021",1,"Not as described","Returned for refund",true,1,7,"17","B004B8F8MM","razer pro glide",true,23.99,"USD",32.51,8.52,26.21,51252,4.7,"https://www.amazon.com/dp/B004B8F8MM","240884.40",false,false,true,false,"Gillette Fusion Power Mens Razor, 1 Handle Plus 8 Five-Bladed Refills, 8 Count","https://m.media-amazon.com/images/I/81OkwZ3gbwL._AC_UL320_.jpg"
"RZBH6J14NTFQJ","Reviewed in the United States on October 18, 2021",5,"We use them so much","WhisI could find some coupon codes",true,1,7,"17","B004B8F8MM","razer pro glide",true,23.99,"USD",32.51,8.52,26.21,51252,4.7,"https://www.amazon.com/dp/B004B8F8MM","240884.40",false,false,true,false,"Gillette Fusion Power Mens Razor, 1 Handle Plus 8 Five-Bladed Refills, 8 Count","https://m.media-amazon.com/images/I/81OkwZ3gbwL._AC_UL320_.jpg"
"R10PCH3VX6CT5N","Reviewed in the United States on October 17, 2021",5,"I think these are the best blade cartridge made, they will cut longish hair with ease","I don't shave every day and on occasion I go 3=4 days without shaving and when I do even after the blades have been used, they still cut the hairs with ease, no pulling or abrading",true,1,7,"17","B004B8F8MM","razer pro glide",true,23.99,"USD",32.51,8.52,26.21,51252,4.7,"https://www.amazon.com/dp/B004B8F8MM","240884.40",false,false,true,false,"Gillette Fusion Power Mens Razor, 1 Handle Plus 8 Five-Bladed Refills, 8 Count","https://m.media-amazon.com/images/I/81OkwZ3gbwL._AC_UL320_.jpg"
"R3NI34JZ5XCEHU","Reviewed in the United States on October 15, 2021",4,"A good product at a reasonable price.","The razors have a long shelf life and I recommend them.",true,1,7,"17","B004B8F8MM","razer pro glide",true,23.99,"USD",32.51,8.52,26.21,51252,4.7,"https://www.amazon.com/dp/B004B8F8MM","240884.40",false,false,true,false,"Gillette Fusion Power Mens Razor, 1 Handle Plus 8 Five-Bladed Refills, 8 Count","https://m.media-amazon.com/images/I/81OkwZ3gbwL._AC_UL320_.jpg"
"R3A15Q5KXOJH3B","Reviewed in the United States on October 21, 2021",5,"Awesome, expensive","Works great! The heads are more expensive then they actually take to produce though… $25+!",true,1,8,"18","B000BUUVTY","razer pro glide",false,23.99,"USD",0,0,0,10338,4.8,"https://www.amazon.com/dp/B000BUUVTY","49622.40",false,false,false,false,"Fusion5 Men's Razor Blade Refills, 8 Count","https://m.media-amazon.com/images/I/81BMhdOKfqL._AC_UL320_.jpg"
"RK3X6J1ASHVVE","Reviewed in the United States on October 11, 2021",5,"Best blades at a good price .","Longevity of blades...quality of blades all at a fair price.",true,1,8,"18","B000BUUVTY","razer pro glide",false,23.99,"USD",0,0,0,10338,4.8,"https://www.amazon.com/dp/B000BUUVTY","49622.40",false,false,false,false,"Fusion5 Men's Razor Blade Refills, 8 Count","https://m.media-amazon.com/images/I/81BMhdOKfqL._AC_UL320_.jpg"
"RJSI0AU0TWJGE","Reviewed in the United States on September 24, 2021",5,"Works good","Ok",true,1,8,"18","B000BUUVTY","razer pro glide",false,23.99,"USD",0,0,0,10338,4.8,"https://www.amazon.com/dp/B000BUUVTY","49622.40",false,false,false,false,"Fusion5 Men's Razor Blade Refills, 8 Count","https://m.media-amazon.com/images/I/81BMhdOKfqL._AC_UL320_.jpg"
"R3ERQBSZWXARES","Reviewed in the United States on September 21, 2021",5,"Great Blades","Great value",true,1,8,"18","B000BUUVTY","razer pro glide",false,23.99,"USD",0,0,0,10338,4.8,"https://www.amazon.com/dp/B000BUUVTY","49622.40",false,false,false,false,"Fusion5 Men's Razor Blade Refills, 8 Count","https://m.media-amazon.com/images/I/81BMhdOKfqL._AC_UL320_.jpg"
"R1XH7WNTFUYQUG","Reviewed in the United States on September 21, 2021",5,"Durable","Good Good shave,durable",true,1,8,"18","B000BUUVTY","razer pro glide",false,23.99,"USD",0,0,0,10338,4.8,"https://www.amazon.com/dp/B000BUUVTY","49622.40",false,false,false,false,"Fusion5 Men's Razor Blade Refills, 8 Count","https://m.media-amazon.com/images/I/81BMhdOKfqL._AC_UL320_.jpg"
"RM8DM1K2GX27T","Reviewed in the United States on September 15, 2021",5,"Perfect product","Just as described",true,1,8,"18","B000BUUVTY","razer pro glide",false,23.99,"USD",0,0,0,10338,4.8,"https://www.amazon.com/dp/B000BUUVTY","49622.40",false,false,false,false,"Fusion5 Men's Razor Blade Refills, 8 Count","https://m.media-amazon.com/images/I/81BMhdOKfqL._AC_UL320_.jpg"
"R1W9DWUVPR224I","Reviewed in the United States on September 11, 2021",5,"They work..","Smooth to the finish..",true,1,8,"18","B000BUUVTY","razer pro glide",false,23.99,"USD",0,0,0,10338,4.8,"https://www.amazon.com/dp/B000BUUVTY","49622.40",false,false,false,false,"Fusion5 Men's Razor Blade Refills, 8 Count","https://m.media-amazon.com/images/I/81BMhdOKfqL._AC_UL320_.jpg"
"RES63Y1UZDSRR","Reviewed in the United States on September 11, 2021",5,"Doesn't last long for hairy men","Only lasts a week if that",true,1,8,"18","B000BUUVTY","razer pro glide",false,23.99,"USD",0,0,0,10338,4.8,"https://www.amazon.com/dp/B000BUUVTY","49622.40",false,false,false,false,"Fusion5 Men's Razor Blade Refills, 8 Count","https://m.media-amazon.com/images/I/81BMhdOKfqL._AC_UL320_.jpg"
"RKD88X1T6PVBW","Reviewed in the United States on September 11, 2021",5,"Good stuff","Gillette always has the best razors. Wish they just weren't so expensive.",true,1,8,"18","B000BUUVTY","razer pro glide",false,23.99,"USD",0,0,0,10338,4.8,"https://www.amazon.com/dp/B000BUUVTY","49622.40",false,false,false,false,"Fusion5 Men's Razor Blade Refills, 8 Count","https://m.media-amazon.com/images/I/81BMhdOKfqL._AC_UL320_.jpg"
"R355FOB46G7ZYC","Reviewed in the United States on September 5, 2021",5,"Great product","Great product",true,1,8,"18","B000BUUVTY","razer pro glide",false,23.99,"USD",0,0,0,10338,4.8,"https://www.amazon.com/dp/B000BUUVTY","49622.40",false,false,false,false,"Fusion5 Men's Razor Blade Refills, 8 Count","https://m.media-amazon.com/images/I/81BMhdOKfqL._AC_UL320_.jpg"
"R1KXRM30L5BA80","Reviewed in the United States on October 21, 2021",5,"Bueno excelente","Excelente",true,1,9,"19","B07NTVPK21","razer pro glide",true,33.36,"USD",34.99,1.63,4.66,22211,4.8,"https://www.amazon.com/dp/B07NTVPK21","106612.80",false,false,true,false,"Gillette Fusion5 Men's Razor Blade Refills, 10 Count + Fusion5 ProGlide Razor Blade Refills - 2 Count | One Pack of 12 Ref...","https://m.media-amazon.com/images/I/81DIPwPU4ES._AC_UL320_.jpg"
"RZ4ZYSQF9ZD0G","Reviewed in the United States on October 17, 2021",5,"Product as advertised","Great value",true,1,9,"19","B07NTVPK21","razer pro glide",true,33.36,"USD",34.99,1.63,4.66,22211,4.8,"https://www.amazon.com/dp/B07NTVPK21","106612.80",false,false,true,false,"Gillette Fusion5 Men's Razor Blade Refills, 10 Count + Fusion5 ProGlide Razor Blade Refills - 2 Count | One Pack of 12 Ref...","https://m.media-amazon.com/images/I/81DIPwPU4ES._AC_UL320_.jpg"
"R34C338R5BIYRF","Reviewed in the United States on October 17, 2021",1,"This is not shaving Jel. it cream not happy","This is not shaving Jell.",true,1,9,"19","B07NTVPK21","razer pro glide",true,33.36,"USD",34.99,1.63,4.66,22211,4.8,"https://www.amazon.com/dp/B07NTVPK21","106612.80",false,false,true,false,"Gillette Fusion5 Men's Razor Blade Refills, 10 Count + Fusion5 ProGlide Razor Blade Refills - 2 Count | One Pack of 12 Ref...","https://m.media-amazon.com/images/I/81DIPwPU4ES._AC_UL320_.jpg"
"R1997NQFY468AO","Reviewed in the United States on October 16, 2021",5,"Everyday shaving gel","Good quality. Good smell. Will buy again",true,1,9,"19","B07NTVPK21","razer pro glide",true,33.36,"USD",34.99,1.63,4.66,22211,4.8,"https://www.amazon.com/dp/B07NTVPK21","106612.80",false,false,true,false,"Gillette Fusion5 Men's Razor Blade Refills, 10 Count + Fusion5 ProGlide Razor Blade Refills - 2 Count | One Pack of 12 Ref...","https://m.media-amazon.com/images/I/81DIPwPU4ES._AC_UL320_.jpg"
"R3LZOW5BPQS9G3","Reviewed in the United States on October 15, 2021",5,"Smooth","Good moisturizer",true,1,9,"19","B07NTVPK21","razer pro glide",true,33.36,"USD",34.99,1.63,4.66,22211,4.8,"https://www.amazon.com/dp/B07NTVPK21","106612.80",false,false,true,false,"Gillette Fusion5 Men's Razor Blade Refills, 10 Count + Fusion5 ProGlide Razor Blade Refills - 2 Count | One Pack of 12 Ref...","https://m.media-amazon.com/images/I/81DIPwPU4ES._AC_UL320_.jpg"
"R13WXYRLSVRER2","Reviewed in the United States on October 15, 2021",5,"Great Blades Great Price","Very good authentic Blades at a good price.Shipping was fast also.",true,1,9,"19","B07NTVPK21","razer pro glide",true,33.36,"USD",34.99,1.63,4.66,22211,4.8,"https://www.amazon.com/dp/B07NTVPK21","106612.80",false,false,true,false,"Gillette Fusion5 Men's Razor Blade Refills, 10 Count + Fusion5 ProGlide Razor Blade Refills - 2 Count | One Pack of 12 Ref...","https://m.media-amazon.com/images/I/81DIPwPU4ES._AC_UL320_.jpg"
"RPOQIVXT9L5JD","Reviewed in the United States on October 14, 2021",1,"Avoid","I should have listened to other reviews - most of gel is left in the can when pressure runs out.",true,1,9,"19","B07NTVPK21","razer pro glide",true,33.36,"USD",34.99,1.63,4.66,22211,4.8,"https://www.amazon.com/dp/B07NTVPK21","106612.80",false,false,true,false,"Gillette Fusion5 Men's Razor Blade Refills, 10 Count + Fusion5 ProGlide Razor Blade Refills - 2 Count | One Pack of 12 Ref...","https://m.media-amazon.com/images/I/81DIPwPU4ES._AC_UL320_.jpg"
"R263SF0UQGRXQK","Reviewed in the United States on October 13, 2021",5,"Quality blades at the right price","I've tried everything - DSC, Harry's, etc. I keep coming back to Gillette because of the quality. This pack of blades is a great value, and the mix of different kinds of blades offers a nice sampling of their product line. Recommend!",true,1,9,"19","B07NTVPK21","razer pro glide",true,33.36,"USD",34.99,1.63,4.66,22211,4.8,"https://www.amazon.com/dp/B07NTVPK21","106612.80",false,false,true,false,"Gillette Fusion5 Men's Razor Blade Refills, 10 Count + Fusion5 ProGlide Razor Blade Refills - 2 Count | One Pack of 12 Ref...","https://m.media-amazon.com/images/I/81DIPwPU4ES._AC_UL320_.jpg"
"R12FFQJPEXG5UJ","Reviewed in the United States on October 12, 2021",5,"Great","Great",true,1,9,"19","B07NTVPK21","razer pro glide",true,33.36,"USD",34.99,1.63,4.66,22211,4.8,"https://www.amazon.com/dp/B07NTVPK21","106612.80",false,false,true,false,"Gillette Fusion5 Men's Razor Blade Refills, 10 Count + Fusion5 ProGlide Razor Blade Refills - 2 Count | One Pack of 12 Ref...","https://m.media-amazon.com/images/I/81DIPwPU4ES._AC_UL320_.jpg"
"R1WMH4PVEE68VF","Reviewed in the United States on October 11, 2021",5,"Thank you.","Thank you.",true,1,9,"19","B07NTVPK21","razer pro glide",true,33.36,"USD",34.99,1.63,4.66,22211,4.8,"https://www.amazon.com/dp/B07NTVPK21","106612.80",false,false,true,false,"Gillette Fusion5 Men's Razor Blade Refills, 10 Count + Fusion5 ProGlide Razor Blade Refills - 2 Count | One Pack of 12 Ref...","https://m.media-amazon.com/images/I/81DIPwPU4ES._AC_UL320_.jpg"
"R24WY0AHUNS7EP","Reviewed in the United States on October 17, 2021",2,"Only6 cartridges received","Supposed to have 8 cartridge refills. Only 6 included 🤷🏼‍♀️🤷🏼‍♀️",true,1,10,"110","B07TTJPTJJ","razer pro glide",false,44.21,"USD",0,0,0,1324,4.8,"https://www.amazon.com/dp/B07TTJPTJJ","6355.20",false,false,false,false,"Gillette ProGlide Shield Shave Gift Set for Men - 8 Fusion ProGlide shield Blade Refills,1 Razor Handle, 1 Razor Case","https://m.media-amazon.com/images/I/81gIZKD7nNL._AC_UL320_.jpg"
"R30SJO74RRWVCW","Reviewed in the United States on October 9, 2021",5,"He Loved it! Huge Smile on his Face? Priceless**!!!!","This is definitely a No Trainer Present! My guy is one of those hard to buy for Fella's! You know the type? Well look no further, they'll always need to shave n ladies FYI, This razor he know swears by! The Absolute closest, smoothest shave take it from someone with sensitive skin I haven't had any redness on my face from kissing him like his last razor! Perfect set for Holiday gift you won't be let down! Cheers!",true,1,10,"110","B07TTJPTJJ","razer pro glide",false,44.21,"USD",0,0,0,1324,4.8,"https://www.amazon.com/dp/B07TTJPTJJ","6355.20",false,false,false,false,"Gillette ProGlide Shield Shave Gift Set for Men - 8 Fusion ProGlide shield Blade Refills,1 Razor Handle, 1 Razor Case","https://m.media-amazon.com/images/I/81gIZKD7nNL._AC_UL320_.jpg"
"R3GJ9X5YDCUHNN","Reviewed in the United States on October 7, 2021",3,"A nice gift set","This is okay but there are a couple of things to note. The case for the razor handle is very nice but plastic guard from bladehas to be removed for case to close fully. Would have been nice if extra blade could be stored in case.The only other thing is the additional 7 refills that come in set do not come with storage other than the plastic tray. It make much more sense if they came is usual packaging so they are more easily stored.",true,1,10,"110","B07TTJPTJJ","razer pro glide",false,44.21,"USD",0,0,0,1324,4.8,"https://www.amazon.com/dp/B07TTJPTJJ","6355.20",false,false,false,false,"Gillette ProGlide Shield Shave Gift Set for Men - 8 Fusion ProGlide shield Blade Refills,1 Razor Handle, 1 Razor Case","https://m.media-amazon.com/images/I/81gIZKD7nNL._AC_UL320_.jpg"
"R3367LC2VLEECL","Reviewed in the United States on October 6, 2021",5,"He LOVE this Set","Great Gift.",true,1,10,"110","B07TTJPTJJ","razer pro glide",false,44.21,"USD",0,0,0,1324,4.8,"https://www.amazon.com/dp/B07TTJPTJJ","6355.20",false,false,false,false,"Gillette ProGlide Shield Shave Gift Set for Men - 8 Fusion ProGlide shield Blade Refills,1 Razor Handle, 1 Razor Case","https://m.media-amazon.com/images/I/81gIZKD7nNL._AC_UL320_.jpg"
"RLIBHRUOBRYEZ","Reviewed in the United States on September 27, 2021",5,"The new razor design is very comfortable to hold and to use. Case is a terrific item to have.","This packet is a beautiful item to give as a gift or to use at home for yourself. The price is very reasonable for what you are purchasing and it is very pretty packaged as a gift also.",true,1,10,"110","B07TTJPTJJ","razer pro glide",false,44.21,"USD",0,0,0,1324,4.8,"https://www.amazon.com/dp/B07TTJPTJJ","6355.20",false,false,false,false,"Gillette ProGlide Shield Shave Gift Set for Men - 8 Fusion ProGlide shield Blade Refills,1 Razor Handle, 1 Razor Case","https://m.media-amazon.com/images/I/81gIZKD7nNL._AC_UL320_.jpg"
"R2Y2PIQXKFSBWP","Reviewed in the United States on September 22, 2021",5,"nnnnnn n","smooth shave",true,1,10,"110","B07TTJPTJJ","razer pro glide",false,44.21,"USD",0,0,0,1324,4.8,"https://www.amazon.com/dp/B07TTJPTJJ","6355.20",false,false,false,false,"Gillette ProGlide Shield Shave Gift Set for Men - 8 Fusion ProGlide shield Blade Refills,1 Razor Handle, 1 Razor Case","https://m.media-amazon.com/images/I/81gIZKD7nNL._AC_UL320_.jpg"
"R3G0N07FXKTMXX","Reviewed in the United States on September 11, 2021",4,"Case is cool... But doesn't hold blades...","I bought this because I wanted a travel case then realized now I have all these spare blades wirh no holder. The standard shaver or even spare blades always come with a plastic holder for 4 that clips into the razor holder. A bit of an oversight to not have that unless it's a quick trip where a spare isn't needed then I guess it's a good solution. As for the razor itself yeah the Gillette pro glide is the best I've used - smooth as butter even w long hairs.",true,1,10,"110","B07TTJPTJJ","razer pro glide",false,44.21,"USD",0,0,0,1324,4.8,"https://www.amazon.com/dp/B07TTJPTJJ","6355.20",false,false,false,false,"Gillette ProGlide Shield Shave Gift Set for Men - 8 Fusion ProGlide shield Blade Refills,1 Razor Handle, 1 Razor Case","https://m.media-amazon.com/images/I/81gIZKD7nNL._AC_UL320_.jpg"
"RL5RXQV4T6ARR","Reviewed in the United States on September 10, 2021",5,"Good product","This is a good product and I really like the case.I prefer the vibrating battery-operated model, but it does not come with a sleek travel case as this one does.I use the vibrating model at home and travel with this one.",true,1,10,"110","B07TTJPTJJ","razer pro glide",false,44.21,"USD",0,0,0,1324,4.8,"https://www.amazon.com/dp/B07TTJPTJJ","6355.20",false,false,false,false,"Gillette ProGlide Shield Shave Gift Set for Men - 8 Fusion ProGlide shield Blade Refills,1 Razor Handle, 1 Razor Case","https://m.media-amazon.com/images/I/81gIZKD7nNL._AC_UL320_.jpg"
"R3A4B3KHU1NAFP","Reviewed in the United States on September 6, 2021",1,"Razor handle is not powered!","I would expect from such a fancy product to include the powered handle, or at least to specify that it is NOT!",true,1,10,"110","B07TTJPTJJ","razer pro glide",false,44.21,"USD",0,0,0,1324,4.8,"https://www.amazon.com/dp/B07TTJPTJJ","6355.20",false,false,false,false,"Gillette ProGlide Shield Shave Gift Set for Men - 8 Fusion ProGlide shield Blade Refills,1 Razor Handle, 1 Razor Case","https://m.media-amazon.com/images/I/81gIZKD7nNL._AC_UL320_.jpg"
"R291JDL02H14SF","Reviewed in the United States on August 29, 2021",5,"Perfect for traveling","Case is amazing",true,1,10,"110","B07TTJPTJJ","razer pro glide",false,44.21,"USD",0,0,0,1324,4.8,"https://www.amazon.com/dp/B07TTJPTJJ","6355.20",false,false,false,false,"Gillette ProGlide Shield Shave Gift Set for Men - 8 Fusion ProGlide shield Blade Refills,1 Razor Handle, 1 Razor Case","https://m.media-amazon.com/images/I/81gIZKD7nNL._AC_UL320_.jpg"
"RYHE07NXCQ1KO","Reviewed in the United States on October 22, 2021",4,"Auto ship easy","In person, stores don't seem to keep the 8 packs in stock long. Can never find them. Gillete doesn't offer the 'Chill' razors for auto ship either.",true,1,11,"111","B0168MB6SS","razer pro glide",true,35.99,"USD",41.99,6,14.29,5448,4.7,"https://www.amazon.com/dp/B0168MB6SS","25605.60",false,false,false,false,"Gillette ProGlide Chill Mens Razor Cartridge Five-Bladed Razor Refills, 8 Count","https://m.media-amazon.com/images/I/81cNq065vyL._AC_UL320_.jpg"
"R1HZ64DVLQP88W","Reviewed in the United States on October 21, 2021",1,"Never received the razor handle","Have never received the razor handle as the product described, only the blades.",true,1,11,"111","B0168MB6SS","razer pro glide",true,35.99,"USD",41.99,6,14.29,5448,4.7,"https://www.amazon.com/dp/B0168MB6SS","25605.60",false,false,false,false,"Gillette ProGlide Chill Mens Razor Cartridge Five-Bladed Razor Refills, 8 Count","https://m.media-amazon.com/images/I/81cNq065vyL._AC_UL320_.jpg"
"R11N3EWQ3YIHJY","Reviewed in the United States on October 11, 2021",5,"It's the real thing ☺️","Great value. Ships quicklu",true,1,11,"111","B0168MB6SS","razer pro glide",true,35.99,"USD",41.99,6,14.29,5448,4.7,"https://www.amazon.com/dp/B0168MB6SS","25605.60",false,false,false,false,"Gillette ProGlide Chill Mens Razor Cartridge Five-Bladed Razor Refills, 8 Count","https://m.media-amazon.com/images/I/81cNq065vyL._AC_UL320_.jpg"
"RL25785EUIQXY","Reviewed in the United States on August 31, 2021",5,"Good knife for sensitive skin","Good knife for sensitive skin",true,1,11,"111","B0168MB6SS","razer pro glide",true,35.99,"USD",41.99,6,14.29,5448,4.7,"https://www.amazon.com/dp/B0168MB6SS","25605.60",false,false,false,false,"Gillette ProGlide Chill Mens Razor Cartridge Five-Bladed Razor Refills, 8 Count","https://m.media-amazon.com/images/I/81cNq065vyL._AC_UL320_.jpg"
"RT3LWDN4SVX7C","Reviewed in the United States on August 29, 2021",5,"Top quality","Value for money is an understatement",true,1,11,"111","B0168MB6SS","razer pro glide",true,35.99,"USD",41.99,6,14.29,5448,4.7,"https://www.amazon.com/dp/B0168MB6SS","25605.60",false,false,false,false,"Gillette ProGlide Chill Mens Razor Cartridge Five-Bladed Razor Refills, 8 Count","https://m.media-amazon.com/images/I/81cNq065vyL._AC_UL320_.jpg"
"R2LVRVVY1DIZUW","Reviewed in the United States on August 24, 2021",5,"Good buy","Impressed with how many you get in the box. They also last a lot longer than other ones I've tried over the years. Great product all around and well made.",true,1,11,"111","B0168MB6SS","razer pro glide",true,35.99,"USD",41.99,6,14.29,5448,4.7,"https://www.amazon.com/dp/B0168MB6SS","25605.60",false,false,false,false,"Gillette ProGlide Chill Mens Razor Cartridge Five-Bladed Razor Refills, 8 Count","https://m.media-amazon.com/images/I/81cNq065vyL._AC_UL320_.jpg"
"R14W3BS0FN6TYE","Reviewed in the United States on August 24, 2021",5,"These are the best blades I’ve ever used!","They give me a smooth shave and last about two weeks.This is a first for my barbed wire beard.",true,1,11,"111","B0168MB6SS","razer pro glide",true,35.99,"USD",41.99,6,14.29,5448,4.7,"https://www.amazon.com/dp/B0168MB6SS","25605.60",false,false,false,false,"Gillette ProGlide Chill Mens Razor Cartridge Five-Bladed Razor Refills, 8 Count","https://m.media-amazon.com/images/I/81cNq065vyL._AC_UL320_.jpg"
"R1R6OOY32FI0Z4","Reviewed in the United States on August 12, 2021",4,"Is good for sensitive skin","Little pricey overall good razor",true,1,11,"111","B0168MB6SS","razer pro glide",true,35.99,"USD",41.99,6,14.29,5448,4.7,"https://www.amazon.com/dp/B0168MB6SS","25605.60",false,false,false,false,"Gillette ProGlide Chill Mens Razor Cartridge Five-Bladed Razor Refills, 8 Count","https://m.media-amazon.com/images/I/81cNq065vyL._AC_UL320_.jpg"
"R3SS6XQ0IZZKYS","Reviewed in the United States on August 7, 2021",4,"Cooling Effect Good Shave","I like the cooling effect when you use these blades. I use these blades for normal shaving of the face sometimes also trim finger hair.",true,1,11,"111","B0168MB6SS","razer pro glide",true,35.99,"USD",41.99,6,14.29,5448,4.7,"https://www.amazon.com/dp/B0168MB6SS","25605.60",false,false,false,false,"Gillette ProGlide Chill Mens Razor Cartridge Five-Bladed Razor Refills, 8 Count","https://m.media-amazon.com/images/I/81cNq065vyL._AC_UL320_.jpg"
"R2CFUB8TY2NCPU","Reviewed in the United States on August 1, 2021",3,"Enough is enough — quality is totally inconsistent","I’ve ordered these six times. But no more. Every so often I get a grade blade that feels awesome on my face. And then the next batch — terrible. There is no consistency in the quality. I’ll be looking for another supplier of these blades.",true,1,11,"111","B0168MB6SS","razer pro glide",true,35.99,"USD",41.99,6,14.29,5448,4.7,"https://www.amazon.com/dp/B0168MB6SS","25605.60",false,false,false,false,"Gillette ProGlide Chill Mens Razor Cartridge Five-Bladed Razor Refills, 8 Count","https://m.media-amazon.com/images/I/81cNq065vyL._AC_UL320_.jpg"
"cr-translate-230160778",,,"","",false,1,12,"112","B07DZYGDSF","razer pro glide",false,21.8,"USD",0,0,0,11304,4.7,"https://www.amazon.com/dp/B07DZYGDSF","53128.80",false,false,false,false,"Gillette ProGlide Men's Razor Handle + 4 Blade Refills","https://m.media-amazon.com/images/I/81ACjHA2qUS._AC_UL320_.jpg"
"RZCKZTRMMIHP2","Reviewed in the United States on October 19, 2021",5,"Good Product","I used to use the Gillette Sensor - I would NEVER go back.",true,1,12,"112","B07DZYGDSF","razer pro glide",false,21.8,"USD",0,0,0,11304,4.7,"https://www.amazon.com/dp/B07DZYGDSF","53128.80",false,false,false,false,"Gillette ProGlide Men's Razor Handle + 4 Blade Refills","https://m.media-amazon.com/images/I/81ACjHA2qUS._AC_UL320_.jpg"
"RKB2TUKJ4P834","Reviewed in the United States on October 10, 2021",3,"Meh","Not a huge fan. The orange part is sticky and hair gets stuck there, very hard to clean.",true,1,12,"112","B07DZYGDSF","razer pro glide",false,21.8,"USD",0,0,0,11304,4.7,"https://www.amazon.com/dp/B07DZYGDSF","53128.80",false,false,false,false,"Gillette ProGlide Men's Razor Handle + 4 Blade Refills","https://m.media-amazon.com/images/I/81ACjHA2qUS._AC_UL320_.jpg"
"R1NZ1A8QE72RF2","Reviewed in the United States on October 6, 2021",5,"Easy to use and no cutting yourself.","FABULOUS product - glides and does an amazing close shave - my legs and my husbands face!",true,1,12,"112","B07DZYGDSF","razer pro glide",false,21.8,"USD",0,0,0,11304,4.7,"https://www.amazon.com/dp/B07DZYGDSF","53128.80",false,false,false,false,"Gillette ProGlide Men's Razor Handle + 4 Blade Refills","https://m.media-amazon.com/images/I/81ACjHA2qUS._AC_UL320_.jpg"
"R39VLY8BQIQOCL","Reviewed in the United States on October 6, 2021",5,"Best shaver I've ever owned.","Really comfortable...when shaving your neck no pulling of beard.",true,1,12,"112","B07DZYGDSF","razer pro glide",false,21.8,"USD",0,0,0,11304,4.7,"https://www.amazon.com/dp/B07DZYGDSF","53128.80",false,false,false,false,"Gillette ProGlide Men's Razor Handle + 4 Blade Refills","https://m.media-amazon.com/images/I/81ACjHA2qUS._AC_UL320_.jpg"
"R80GNZV0IFMRH","Reviewed in the United States on September 29, 2021",5,"Great razor","I tried razor before and gave up due to burning feeling after shaving and have been using electric. I gave this razor a try and it turned out to be very good, very sharp and not much burning feeling on face. Will update after couple of month about product durability.",true,1,12,"112","B07DZYGDSF","razer pro glide",false,21.8,"USD",0,0,0,11304,4.7,"https://www.amazon.com/dp/B07DZYGDSF","53128.80",false,false,false,false,"Gillette ProGlide Men's Razor Handle + 4 Blade Refills","https://m.media-amazon.com/images/I/81ACjHA2qUS._AC_UL320_.jpg"
"R3F3QPRZ4V0Z8L","Reviewed in the United States on September 26, 2021",5,"Great","A plus",true,1,12,"112","B07DZYGDSF","razer pro glide",false,21.8,"USD",0,0,0,11304,4.7,"https://www.amazon.com/dp/B07DZYGDSF","53128.80",false,false,false,false,"Gillette ProGlide Men's Razor Handle + 4 Blade Refills","https://m.media-amazon.com/images/I/81ACjHA2qUS._AC_UL320_.jpg"
"R4YCALLSVFMDC","Reviewed in the United States on September 20, 2021",5,"Very good","Very good",true,1,12,"112","B07DZYGDSF","razer pro glide",false,21.8,"USD",0,0,0,11304,4.7,"https://www.amazon.com/dp/B07DZYGDSF","53128.80",false,false,false,false,"Gillette ProGlide Men's Razor Handle + 4 Blade Refills","https://m.media-amazon.com/images/I/81ACjHA2qUS._AC_UL320_.jpg"
"R3H7QRGQZU85DH","Reviewed in the United States on September 9, 2021",5,"good razor","Gillette never slacks",true,1,12,"112","B07DZYGDSF","razer pro glide",false,21.8,"USD",0,0,0,11304,4.7,"https://www.amazon.com/dp/B07DZYGDSF","53128.80",false,false,false,false,"Gillette ProGlide Men's Razor Handle + 4 Blade Refills","https://m.media-amazon.com/images/I/81ACjHA2qUS._AC_UL320_.jpg"
"R1W8CDRE3VUVB5","Reviewed in the United States on September 6, 2021",5,"Muy buenos","Ligeros y muy buenos",true,1,12,"112","B07DZYGDSF","razer pro glide",false,21.8,"USD",0,0,0,11304,4.7,"https://www.amazon.com/dp/B07DZYGDSF","53128.80",false,false,false,false,"Gillette ProGlide Men's Razor Handle + 4 Blade Refills","https://m.media-amazon.com/images/I/81ACjHA2qUS._AC_UL320_.jpg"
"R3U2KMEL3ZK9GH","Reviewed in the United States on September 5, 2021",5,"Blades easy even on a 4-day beard","A 4-Pack lasts me a good 4 weeks, whether I shave dailyor when I feel like it.",true,1,12,"112","B07DZYGDSF","razer pro glide",false,21.8,"USD",0,0,0,11304,4.7,"https://www.amazon.com/dp/B07DZYGDSF","53128.80",false,false,false,false,"Gillette ProGlide Men's Razor Handle + 4 Blade Refills","https://m.media-amazon.com/images/I/81ACjHA2qUS._AC_UL320_.jpg"
"RTELOT28V9KEW","Reviewed in the United States on October 21, 2021",5,"razor","works great",true,1,13,"113","B06X9M4579","razer pro glide",false,0,"USD",0,0,0,5758,4.7,"https://www.amazon.com/dp/B06X9M4579","27062.60",false,false,false,false,"Gillette ProGlide Power Men's Razor Handle + 1 Blade Refill","https://m.media-amazon.com/images/I/71Rb+cNdKwS._AC_UL320_.jpg"
"R19K92QME1DWRN","Reviewed in the United States on October 13, 2021",5,"Great blades","Great blades",true,1,13,"113","B06X9M4579","razer pro glide",false,0,"USD",0,0,0,5758,4.7,"https://www.amazon.com/dp/B06X9M4579","27062.60",false,false,false,false,"Gillette ProGlide Power Men's Razor Handle + 1 Blade Refill","https://m.media-amazon.com/images/I/71Rb+cNdKwS._AC_UL320_.jpg"
"R2Q4W4ALRRUL4V","Reviewed in the United States on October 11, 2021",5,"Gillette is the best for men's razors - period","Gillette razor blades are expensive but absolutely 100% worth the 💰",true,1,13,"113","B06X9M4579","razer pro glide",false,0,"USD",0,0,0,5758,4.7,"https://www.amazon.com/dp/B06X9M4579","27062.60",false,false,false,false,"Gillette ProGlide Power Men's Razor Handle + 1 Blade Refill","https://m.media-amazon.com/images/I/71Rb+cNdKwS._AC_UL320_.jpg"
"R16ZJPGUY5Q7E6","Reviewed in the United States on October 10, 2021",5,"Works great","What can I say, its Gillette. I tried the Amazon brand and did not like. Came back to Gillette proglide and couldn't be happier. Works as it should and I get alose shave.",true,1,13,"113","B06X9M4579","razer pro glide",false,0,"USD",0,0,0,5758,4.7,"https://www.amazon.com/dp/B06X9M4579","27062.60",false,false,false,false,"Gillette ProGlide Power Men's Razor Handle + 1 Blade Refill","https://m.media-amazon.com/images/I/71Rb+cNdKwS._AC_UL320_.jpg"
"R1HWRKH5147XKJ","Reviewed in the United States on October 8, 2021",1,"What A Joke!!","Just opened this up which was delivered the other day. There is no razor nothing in it just too small rocks on top of the case what I presume was to weight it down to make it feel like all was in package. Absolutely ridiculous!!",true,1,13,"113","B06X9M4579","razer pro glide",false,0,"USD",0,0,0,5758,4.7,"https://www.amazon.com/dp/B06X9M4579","27062.60",false,false,false,false,"Gillette ProGlide Power Men's Razor Handle + 1 Blade Refill","https://m.media-amazon.com/images/I/71Rb+cNdKwS._AC_UL320_.jpg"
"RQN5PD6TKUPWK","Reviewed in the United States on October 5, 2021",5,"Awesome Blades","I use Gillette Fusion5 Razor Blades while traveling, at the gym, or when I need to get rid of my 5 o’clock shadow in a hurry.These blades are excellent quality.They have never nicked or did I feel it tug or pull on my skin.I was impressed at how long these blades last and keep their sharpness that gives me a great close shave. BeingAmerican made are also a huge pulse.I have subscribed so I keep getting them on a regular basis.",true,1,13,"113","B06X9M4579","razer pro glide",false,0,"USD",0,0,0,5758,4.7,"https://www.amazon.com/dp/B06X9M4579","27062.60",false,false,false,false,"Gillette ProGlide Power Men's Razor Handle + 1 Blade Refill","https://m.media-amazon.com/images/I/71Rb+cNdKwS._AC_UL320_.jpg"
"R3TI98AUNA3GVD","Reviewed in the United States on October 2, 2021",5,"Great deal!","Great deal!",true,1,13,"113","B06X9M4579","razer pro glide",false,0,"USD",0,0,0,5758,4.7,"https://www.amazon.com/dp/B06X9M4579","27062.60",false,false,false,false,"Gillette ProGlide Power Men's Razor Handle + 1 Blade Refill","https://m.media-amazon.com/images/I/71Rb+cNdKwS._AC_UL320_.jpg"
"R2TQ00C4H9T4RZ","Reviewed in the United States on October 2, 2021",5,"Simply the best razor!","After used all kinds of electric shaver, I decided to give this a try. I am happy I did it. Especially when you travel, this is a space saver but no compromise on shaving quality and confort.",true,1,13,"113","B06X9M4579","razer pro glide",false,0,"USD",0,0,0,5758,4.7,"https://www.amazon.com/dp/B06X9M4579","27062.60",false,false,false,false,"Gillette ProGlide Power Men's Razor Handle + 1 Blade Refill","https://m.media-amazon.com/images/I/71Rb+cNdKwS._AC_UL320_.jpg"
"R239RL4JC9K0IP","Reviewed in the United States on September 27, 2021",5,"Very Close shave","This one vibrates much stronger than my old one and feels like I get a closer shave.",true,1,13,"113","B06X9M4579","razer pro glide",false,0,"USD",0,0,0,5758,4.7,"https://www.amazon.com/dp/B06X9M4579","27062.60",false,false,false,false,"Gillette ProGlide Power Men's Razor Handle + 1 Blade Refill","https://m.media-amazon.com/images/I/71Rb+cNdKwS._AC_UL320_.jpg"
"R2F3GPS2BMO9HA","Reviewed in the United States on September 27, 2021",5,"Great shaves","I shave my face and head the power aspect just helps get a closer shave no nicks or cuts and always a great close shave .",true,1,13,"113","B06X9M4579","razer pro glide",false,0,"USD",0,0,0,5758,4.7,"https://www.amazon.com/dp/B06X9M4579","27062.60",false,false,false,false,"Gillette ProGlide Power Men's Razor Handle + 1 Blade Refill","https://m.media-amazon.com/images/I/71Rb+cNdKwS._AC_UL320_.jpg"
"cr-translate-816778115",,,"","",false,1,14,"114","B07M77RB97","razer pro glide",false,12.39,"USD",0,0,0,9815,4.7,"https://www.amazon.com/dp/B07M77RB97","46130.50",false,false,false,false,"BIC Flex 5 Hybrid Men's 5-Blade Disposable Razor, 1 Handle and 6 Cartridges , Black , 7 Piece Set","https://m.media-amazon.com/images/I/712G5YMX-IS._AC_UL320_.jpg"
"RNN727AT5XCC7","Reviewed in the United States on October 21, 2021",5,"Excellent value.","Excellent razor for those of us who shave their head. Just tried the 4 blade and not the same. Will go back to the 5 blade. Thanks.",true,1,14,"114","B07M77RB97","razer pro glide",false,12.39,"USD",0,0,0,9815,4.7,"https://www.amazon.com/dp/B07M77RB97","46130.50",false,false,false,false,"BIC Flex 5 Hybrid Men's 5-Blade Disposable Razor, 1 Handle and 6 Cartridges , Black , 7 Piece Set","https://m.media-amazon.com/images/I/712G5YMX-IS._AC_UL320_.jpg"
"R1ICYC0URBNKF6","Reviewed in the United States on October 20, 2021",5,"Great!","Great!",true,1,14,"114","B07M77RB97","razer pro glide",false,12.39,"USD",0,0,0,9815,4.7,"https://www.amazon.com/dp/B07M77RB97","46130.50",false,false,false,false,"BIC Flex 5 Hybrid Men's 5-Blade Disposable Razor, 1 Handle and 6 Cartridges , Black , 7 Piece Set","https://m.media-amazon.com/images/I/712G5YMX-IS._AC_UL320_.jpg"
"R3V62VW06FIC1R","Reviewed in the United States on October 19, 2021",1,"Do not buy","Do not buy. Cheap plastic and it irritates.",true,1,14,"114","B07M77RB97","razer pro glide",false,12.39,"USD",0,0,0,9815,4.7,"https://www.amazon.com/dp/B07M77RB97","46130.50",false,false,false,false,"BIC Flex 5 Hybrid Men's 5-Blade Disposable Razor, 1 Handle and 6 Cartridges , Black , 7 Piece Set","https://m.media-amazon.com/images/I/712G5YMX-IS._AC_UL320_.jpg"
"R3U2LI0OY7TDO4","Reviewed in the United States on October 19, 2021",5,"Great razors","These are great! They don't give me razor burn and ok can use them for a week. Most others blades I can only use for a few days before they start to give me razor burn. These don't do that. I recommend them!",true,1,14,"114","B07M77RB97","razer pro glide",false,12.39,"USD",0,0,0,9815,4.7,"https://www.amazon.com/dp/B07M77RB97","46130.50",false,false,false,false,"BIC Flex 5 Hybrid Men's 5-Blade Disposable Razor, 1 Handle and 6 Cartridges , Black , 7 Piece Set","https://m.media-amazon.com/images/I/712G5YMX-IS._AC_UL320_.jpg"
"R1UZVCS7HSZ08U","Reviewed in the United States on October 16, 2021",5,"Great razors","Quickly shipped, nicely packaged, good price, definately recommend to purchase",true,1,14,"114","B07M77RB97","razer pro glide",false,12.39,"USD",0,0,0,9815,4.7,"https://www.amazon.com/dp/B07M77RB97","46130.50",false,false,false,false,"BIC Flex 5 Hybrid Men's 5-Blade Disposable Razor, 1 Handle and 6 Cartridges , Black , 7 Piece Set","https://m.media-amazon.com/images/I/712G5YMX-IS._AC_UL320_.jpg"
"R1P260XL0UHD9B","Reviewed in the United States on October 15, 2021",4,"Good shave for the money","Good shave for the money",true,1,14,"114","B07M77RB97","razer pro glide",false,12.39,"USD",0,0,0,9815,4.7,"https://www.amazon.com/dp/B07M77RB97","46130.50",false,false,false,false,"BIC Flex 5 Hybrid Men's 5-Blade Disposable Razor, 1 Handle and 6 Cartridges , Black , 7 Piece Set","https://m.media-amazon.com/images/I/712G5YMX-IS._AC_UL320_.jpg"
"RDE0VQWSKC5LG","Reviewed in the United States on October 14, 2021",5,"Lo mejor","The media could not be loaded. Estas son las mejores cuchillas que he utilizado duran mucho tiempo",true,1,14,"114","B07M77RB97","razer pro glide",false,12.39,"USD",0,0,0,9815,4.7,"https://www.amazon.com/dp/B07M77RB97","46130.50",false,false,false,false,"BIC Flex 5 Hybrid Men's 5-Blade Disposable Razor, 1 Handle and 6 Cartridges , Black , 7 Piece Set","https://m.media-amazon.com/images/I/712G5YMX-IS._AC_UL320_.jpg"
"R21O2HHHXHXC1C","Reviewed in the United States on October 13, 2021",5,"They work great","Easy to use and hold",true,1,14,"114","B07M77RB97","razer pro glide",false,12.39,"USD",0,0,0,9815,4.7,"https://www.amazon.com/dp/B07M77RB97","46130.50",false,false,false,false,"BIC Flex 5 Hybrid Men's 5-Blade Disposable Razor, 1 Handle and 6 Cartridges , Black , 7 Piece Set","https://m.media-amazon.com/images/I/712G5YMX-IS._AC_UL320_.jpg"
"R2M04TPT9MYEQ9","Reviewed in the United States on October 12, 2021",5,"Sharp Razor, Smooth Shave","The blades are sharp, resulting in clean shaves. The mechanism to release the blade is simple and effective.",true,1,14,"114","B07M77RB97","razer pro glide",false,12.39,"USD",0,0,0,9815,4.7,"https://www.amazon.com/dp/B07M77RB97","46130.50",false,false,false,false,"BIC Flex 5 Hybrid Men's 5-Blade Disposable Razor, 1 Handle and 6 Cartridges , Black , 7 Piece Set","https://m.media-amazon.com/images/I/712G5YMX-IS._AC_UL320_.jpg"
"R2TJ7RC8J2RXJI","Reviewed in the United States on October 6, 2021",5,"Good value for the price","I liked getting 5 blades for under $20.The blades are sharp and give a very good shave.I’ve used the 1st blade more than 5 times and still feeling like new.They stay sharp a long time if you dry them and keep them in a dry space.",true,1,14,"114","B07M77RB97","razer pro glide",false,12.39,"USD",0,0,0,9815,4.7,"https://www.amazon.com/dp/B07M77RB97","46130.50",false,false,false,false,"BIC Flex 5 Hybrid Men's 5-Blade Disposable Razor, 1 Handle and 6 Cartridges , Black , 7 Piece Set","https://m.media-amazon.com/images/I/712G5YMX-IS._AC_UL320_.jpg"
"cr-translate-1380093420",,,"","",false,1,15,"115","B06X9SLLS4","razer pro glide",true,13.97,"USD",15.99,2.02,12.63,4316,4.7,"https://www.amazon.com/dp/B06X9SLLS4","20285.20",false,false,false,false,"Gillette ProGlide Shield Men’s 1 Razor Handle + 2 Blade Refills","https://m.media-amazon.com/images/I/71jgex4ACSS._AC_UL320_.jpg"
"R1PL2UAICJ8667","Reviewed in the United States on August 30, 2021",5,"Best Razor On Market","Gillette ProGlide razors are the best on the market in my opinion. I have used every fancy razor on the market that you can think of and I always come back to these.",true,1,15,"115","B06X9SLLS4","razer pro glide",true,13.97,"USD",15.99,2.02,12.63,4316,4.7,"https://www.amazon.com/dp/B06X9SLLS4","20285.20",false,false,false,false,"Gillette ProGlide Shield Men’s 1 Razor Handle + 2 Blade Refills","https://m.media-amazon.com/images/I/71jgex4ACSS._AC_UL320_.jpg"
"RM1GTN9D275SN","Reviewed in the United States on August 13, 2021",5,"last long","I am still using this razor. great sturdiness.",true,1,15,"115","B06X9SLLS4","razer pro glide",true,13.97,"USD",15.99,2.02,12.63,4316,4.7,"https://www.amazon.com/dp/B06X9SLLS4","20285.20",false,false,false,false,"Gillette ProGlide Shield Men’s 1 Razor Handle + 2 Blade Refills","https://m.media-amazon.com/images/I/71jgex4ACSS._AC_UL320_.jpg"
"RCVVH1G6G830F","Reviewed in the United States on August 5, 2021",5,"Works pretty well for shaving my head","Works pretty well for shaving my head. Can cut you if you are not careful (the head does bleed a lot) but any razor probably will.",true,1,15,"115","B06X9SLLS4","razer pro glide",true,13.97,"USD",15.99,2.02,12.63,4316,4.7,"https://www.amazon.com/dp/B06X9SLLS4","20285.20",false,false,false,false,"Gillette ProGlide Shield Men’s 1 Razor Handle + 2 Blade Refills","https://m.media-amazon.com/images/I/71jgex4ACSS._AC_UL320_.jpg"
"R3QQH7A6RCXK2B","Reviewed in the United States on July 17, 2021",5,"Best shave ever.","Not cheap but worth it.Do not shave often (retired) but want a close shave when I do.This does the trick.",true,1,15,"115","B06X9SLLS4","razer pro glide",true,13.97,"USD",15.99,2.02,12.63,4316,4.7,"https://www.amazon.com/dp/B06X9SLLS4","20285.20",false,false,false,false,"Gillette ProGlide Shield Men’s 1 Razor Handle + 2 Blade Refills","https://m.media-amazon.com/images/I/71jgex4ACSS._AC_UL320_.jpg"
"R3DWKTBT6D9R2X","Reviewed in the United States on July 13, 2021",5,"Best blades ever","I have been using pro glide for years and imho hands down the best razor ever.I never use shaving cream and as long as the blades are sharp no pain at all.",true,1,15,"115","B06X9SLLS4","razer pro glide",true,13.97,"USD",15.99,2.02,12.63,4316,4.7,"https://www.amazon.com/dp/B06X9SLLS4","20285.20",false,false,false,false,"Gillette ProGlide Shield Men’s 1 Razor Handle + 2 Blade Refills","https://m.media-amazon.com/images/I/71jgex4ACSS._AC_UL320_.jpg"
"R1WODZL02FUW7W","Reviewed in the United States on July 8, 2021",2,"Overpriced, overhyped, and harsh","Here's the thing, you can get a much better product for less money with the Mach 3. The Mach 3 gives a more comfortable and cost effective shave with less irritation. This razor really falls short if you can spend time learning to use an old fashioned DE safety razor such as a Rockwell 6C & try a variety pack of razor blades to find ones you like.Pros: Cuts a lot of bear in one pass, will give multiple shavesCons: Harsh on skin, often cuts hairs too short causing ingrown hairs, surprisingly leaves many hairs uncut as well.",true,1,15,"115","B06X9SLLS4","razer pro glide",true,13.97,"USD",15.99,2.02,12.63,4316,4.7,"https://www.amazon.com/dp/B06X9SLLS4","20285.20",false,false,false,false,"Gillette ProGlide Shield Men’s 1 Razor Handle + 2 Blade Refills","https://m.media-amazon.com/images/I/71jgex4ACSS._AC_UL320_.jpg"
"R100HQTLHQ9GN8","Reviewed in the United States on July 3, 2021",5,"Perfecta para mi","Muy suave",true,1,15,"115","B06X9SLLS4","razer pro glide",true,13.97,"USD",15.99,2.02,12.63,4316,4.7,"https://www.amazon.com/dp/B06X9SLLS4","20285.20",false,false,false,false,"Gillette ProGlide Shield Men’s 1 Razor Handle + 2 Blade Refills","https://m.media-amazon.com/images/I/71jgex4ACSS._AC_UL320_.jpg"
"R1SPC3KPVW0LEQ","Reviewed in the United States on June 22, 2021",5,"The best of the best","Before this razor, I bought Harry’s razor, and it was awful. It cut me every time of use. I decided to try this razor out and WOW!! I am so so impressed. Works extremely well. Glides smooth. No cuts!!! 11/10 in my book.",true,1,15,"115","B06X9SLLS4","razer pro glide",true,13.97,"USD",15.99,2.02,12.63,4316,4.7,"https://www.amazon.com/dp/B06X9SLLS4","20285.20",false,false,false,false,"Gillette ProGlide Shield Men’s 1 Razor Handle + 2 Blade Refills","https://m.media-amazon.com/images/I/71jgex4ACSS._AC_UL320_.jpg"
"REGBTDJTM5ZX9","Reviewed in the United States on June 20, 2021",5,"Great","Great",true,1,15,"115","B06X9SLLS4","razer pro glide",true,13.97,"USD",15.99,2.02,12.63,4316,4.7,"https://www.amazon.com/dp/B06X9SLLS4","20285.20",false,false,false,false,"Gillette ProGlide Shield Men’s 1 Razor Handle + 2 Blade Refills","https://m.media-amazon.com/images/I/71jgex4ACSS._AC_UL320_.jpg"
"R1ED66M1QZ38TO","Reviewed in the United States on June 1, 2021",5,"Very nice","This razor shaves so close you do not have to go back a second time. I like it a lot.",true,1,15,"115","B06X9SLLS4","razer pro glide",true,13.97,"USD",15.99,2.02,12.63,4316,4.7,"https://www.amazon.com/dp/B06X9SLLS4","20285.20",false,false,false,false,"Gillette ProGlide Shield Men’s 1 Razor Handle + 2 Blade Refills","https://m.media-amazon.com/images/I/71jgex4ACSS._AC_UL320_.jpg"
"cr-translate--842542356",,,"","",false,1,16,"116","B07PX77GGS","razer pro glide",true,15.87,"USD",17.99,2.12,11.78,3083,4.6,"https://www.amazon.com/dp/B07PX77GGS","14181.80",false,false,false,false,"Sensor3 Men's Disposable Razor, 12 Razors","https://m.media-amazon.com/images/I/810NA1o+RrS._AC_UL320_.jpg"
"R2K3PD12XKMW9C","Reviewed in the United States on October 19, 2021",1,"Horrible!!!!","They don’t take the hair off. They’re not just bad, they’re completely useless. I didn’t know fake razors existed until tonight.",true,1,16,"116","B07PX77GGS","razer pro glide",true,15.87,"USD",17.99,2.12,11.78,3083,4.6,"https://www.amazon.com/dp/B07PX77GGS","14181.80",false,false,false,false,"Sensor3 Men's Disposable Razor, 12 Razors","https://m.media-amazon.com/images/I/810NA1o+RrS._AC_UL320_.jpg"
"R7F2EIFN9YZ6B","Reviewed in the United States on October 19, 2021",5,"Excelente","Muy útil,buena inversión.",true,1,16,"116","B07PX77GGS","razer pro glide",true,15.87,"USD",17.99,2.12,11.78,3083,4.6,"https://www.amazon.com/dp/B07PX77GGS","14181.80",false,false,false,false,"Sensor3 Men's Disposable Razor, 12 Razors","https://m.media-amazon.com/images/I/810NA1o+RrS._AC_UL320_.jpg"
"R25P248E9ZJS97","Reviewed in the United States on October 11, 2021",3,"More than one shave possible","They are really no better than the 2 blade razors; however, they do last for 3 shaves.",true,1,16,"116","B07PX77GGS","razer pro glide",true,15.87,"USD",17.99,2.12,11.78,3083,4.6,"https://www.amazon.com/dp/B07PX77GGS","14181.80",false,false,false,false,"Sensor3 Men's Disposable Razor, 12 Razors","https://m.media-amazon.com/images/I/810NA1o+RrS._AC_UL320_.jpg"
"R1RMSETFIJCZ3G","Reviewed in the United States on October 11, 2021",5,"Good product","Good product",true,1,16,"116","B07PX77GGS","razer pro glide",true,15.87,"USD",17.99,2.12,11.78,3083,4.6,"https://www.amazon.com/dp/B07PX77GGS","14181.80",false,false,false,false,"Sensor3 Men's Disposable Razor, 12 Razors","https://m.media-amazon.com/images/I/810NA1o+RrS._AC_UL320_.jpg"
"R3NR99RZ8RKKUK","Reviewed in the United States on October 10, 2021",1,"Tore strips off of me","I don’t have a real heavy beard,these were dulled before the second use,surprise from Gillette thought they would be better.",true,1,16,"116","B07PX77GGS","razer pro glide",true,15.87,"USD",17.99,2.12,11.78,3083,4.6,"https://www.amazon.com/dp/B07PX77GGS","14181.80",false,false,false,false,"Sensor3 Men's Disposable Razor, 12 Razors","https://m.media-amazon.com/images/I/810NA1o+RrS._AC_UL320_.jpg"
"R3JHXDR8FOQM9B","Reviewed in the United States on October 10, 2021",1,"Terrible razors!","These are lousy razors. Advertised for 10 shaves each but not really good for 1. NEVER buy!",true,1,16,"116","B07PX77GGS","razer pro glide",true,15.87,"USD",17.99,2.12,11.78,3083,4.6,"https://www.amazon.com/dp/B07PX77GGS","14181.80",false,false,false,false,"Sensor3 Men's Disposable Razor, 12 Razors","https://m.media-amazon.com/images/I/810NA1o+RrS._AC_UL320_.jpg"
"RTW972CN69562","Reviewed in the United States on October 10, 2021",5,"Excelente","Hola excelente",true,1,16,"116","B07PX77GGS","razer pro glide",true,15.87,"USD",17.99,2.12,11.78,3083,4.6,"https://www.amazon.com/dp/B07PX77GGS","14181.80",false,false,false,false,"Sensor3 Men's Disposable Razor, 12 Razors","https://m.media-amazon.com/images/I/810NA1o+RrS._AC_UL320_.jpg"
"R2L9XJB50ECHIN","Reviewed in the United States on October 9, 2021",5,"Close shave","Much more quality for the money with more shaving closeness",true,1,16,"116","B07PX77GGS","razer pro glide",true,15.87,"USD",17.99,2.12,11.78,3083,4.6,"https://www.amazon.com/dp/B07PX77GGS","14181.80",false,false,false,false,"Sensor3 Men's Disposable Razor, 12 Razors","https://m.media-amazon.com/images/I/810NA1o+RrS._AC_UL320_.jpg"
"R2Q051L0G4AH2S","Reviewed in the United States on September 30, 2021",5,"Excelente producto","Cómodo en el agarre y filo excepcional",true,1,16,"116","B07PX77GGS","razer pro glide",true,15.87,"USD",17.99,2.12,11.78,3083,4.6,"https://www.amazon.com/dp/B07PX77GGS","14181.80",false,false,false,false,"Sensor3 Men's Disposable Razor, 12 Razors","https://m.media-amazon.com/images/I/810NA1o+RrS._AC_UL320_.jpg"
"R27CUD8V2MSOA7","Reviewed in the United States on September 30, 2021",1,"The Dullesf 3 blade razors ever!!","Right out the box these things are so dull that they barely shave your beard! The second time you try to shave with them they are completely unusable and ready for the garbage. You'll get ONE use from these and that one use won't even be efficient.One of the worst razors I've ever used.",true,1,16,"116","B07PX77GGS","razer pro glide",true,15.87,"USD",17.99,2.12,11.78,3083,4.6,"https://www.amazon.com/dp/B07PX77GGS","14181.80",false,false,false,false,"Sensor3 Men's Disposable Razor, 12 Razors","https://m.media-amazon.com/images/I/810NA1o+RrS._AC_UL320_.jpg"