"review.id","review.review_data","review.rating","review.title","review.review","review.verified_purchase","product.position.page","product.position.position","product.position.global_position","product.asin","product.keyword","product.price.discounted","product.price.current_price","product.price.currency","product.price.before_price","product.price.savings_amount","product.price.savings_percent","product.reviews.total_reviews","product.reviews.rating","product.url","product.score","product.sponsored","product.amazonChoice","product.bestSeller","product.amazonPrime","product.title","product.thumbnail"
"R3HSB16N16SFSL","Reviewed in the United States on October 4, 2021",1,"Didn’t work!","It turned on and quit!",true,1,1,"11","B005YR1VP2","Xbox 360S",false,0,"USD",0,0,0,1169,4.2,"https://www.amazon.com/dp/B005YR1VP2","4909.80",false,false,false,false,"Xbox 360 Slim 250GB Console","https://m.media-amazon.com/images/I/71lcXTTtvsL._AC_UY218_.jpg"
"R3EGLKMFLGY2N4","Reviewed in the United States on September 10, 2021",4,"Power Unit Was Faulty","The Xbox functions great but it was sold in very good condition and has a loud and failing power unit.",true,1,1,"11","B005YR1VP2","Xbox 360S",false,0,"USD",0,0,0,1169,4.2,"https://www.amazon.com/dp/B005YR1VP2","4909.80",false,false,false,false,"Xbox 360 Slim 250GB Console","https://m.media-amazon.com/images/I/71lcXTTtvsL._AC_UY218_.jpg"
"R3VXJ4PU5986M0","Reviewed in the United States on August 21, 2021",1,"Offbrand","You will get old brand controller and cords it doesn’t look the same as it did before.",true,1,1,"11","B005YR1VP2","Xbox 360S",false,0,"USD",0,0,0,1169,4.2,"https://www.amazon.com/dp/B005YR1VP2","4909.80",false,false,false,false,"Xbox 360 Slim 250GB Console","https://m.media-amazon.com/images/I/71lcXTTtvsL._AC_UY218_.jpg"
"RR6O4H02QR3XN","Reviewed in the United States on July 14, 2021",5,"Good product","It works good, having fun with it",true,1,1,"11","B005YR1VP2","Xbox 360S",false,0,"USD",0,0,0,1169,4.2,"https://www.amazon.com/dp/B005YR1VP2","4909.80",false,false,false,false,"Xbox 360 Slim 250GB Console","https://m.media-amazon.com/images/I/71lcXTTtvsL._AC_UY218_.jpg"
"R2NKC578UPN9IT","Reviewed in the United States on July 8, 2021",5,"5 stars","Works great, shipped perfectly",true,1,1,"11","B005YR1VP2","Xbox 360S",false,0,"USD",0,0,0,1169,4.2,"https://www.amazon.com/dp/B005YR1VP2","4909.80",false,false,false,false,"Xbox 360 Slim 250GB Console","https://m.media-amazon.com/images/I/71lcXTTtvsL._AC_UY218_.jpg"
"R3JSHM908SK213","Reviewed in the United States on July 6, 2021",1,"Broken controller","Certified garbage - system arrived quickly with a broken controller",true,1,1,"11","B005YR1VP2","Xbox 360S",false,0,"USD",0,0,0,1169,4.2,"https://www.amazon.com/dp/B005YR1VP2","4909.80",false,false,false,false,"Xbox 360 Slim 250GB Console","https://m.media-amazon.com/images/I/71lcXTTtvsL._AC_UY218_.jpg"
"R2UEILIU38QRRH","Reviewed in the United States on June 23, 2021",1,"Won't work with a HD cord","This product does not work with a HD cord.It has been returned.",true,1,1,"11","B005YR1VP2","Xbox 360S",false,0,"USD",0,0,0,1169,4.2,"https://www.amazon.com/dp/B005YR1VP2","4909.80",false,false,false,false,"Xbox 360 Slim 250GB Console","https://m.media-amazon.com/images/I/71lcXTTtvsL._AC_UY218_.jpg"
"R1XOB4U8L0O2JH","Reviewed in the United States on June 8, 2021",3,"Headset missing","Headset was not in the box at all",true,1,1,"11","B005YR1VP2","Xbox 360S",false,0,"USD",0,0,0,1169,4.2,"https://www.amazon.com/dp/B005YR1VP2","4909.80",false,false,false,false,"Xbox 360 Slim 250GB Console","https://m.media-amazon.com/images/I/71lcXTTtvsL._AC_UY218_.jpg"
"R3VDUVIY1SSJAF","Reviewed in the United States on June 2, 2021",5,"Merchandise was in good condtion like new!","Fast delivery of merchandise and it was just what i needed to replace other game box.",true,1,1,"11","B005YR1VP2","Xbox 360S",false,0,"USD",0,0,0,1169,4.2,"https://www.amazon.com/dp/B005YR1VP2","4909.80",false,false,false,false,"Xbox 360 Slim 250GB Console","https://m.media-amazon.com/images/I/71lcXTTtvsL._AC_UY218_.jpg"
"R17SLPXWEWXQDN","Reviewed in the United States on May 16, 2021",5,"Would recommend to anyone!","Great refurbished XBOX 360",true,1,1,"11","B005YR1VP2","Xbox 360S",false,0,"USD",0,0,0,1169,4.2,"https://www.amazon.com/dp/B005YR1VP2","4909.80",false,false,false,false,"Xbox 360 Slim 250GB Console","https://m.media-amazon.com/images/I/71lcXTTtvsL._AC_UY218_.jpg"
"R3O3N1KP7JDYSP","Reviewed in the United States on February 15, 2021",5,"This seller rocks!","When my old 360 broke, I figured I was going to have to settle for a beat-up used model that likely received more damage in the shipping process. I stumbled across this seller and this xbox 360 for a price that beat everyone else I had found, and I got a little suspicious that for that price it must be beat up. I decided to take a chance because of their 5-star rating... Well, they have earned that status!This was better than I could have asked for. Not only did it arrive a week early, but it was diligently packed in such a way that I couldn't imagine anything being damaged, even if a shipper dropped it on to pavement. Bubble wrap, newspaper, etc. Very well done. The cables looked brand new and were neatly twist-tied, and the console itself appeared new too! Everything works great. These people know what they're doing and they clearly take great pride in their work. I'm so excited this worked so well for me and I will be buying any future ""older"" gaming products I need from them.",true,1,2,"12","B005LMQZZQ","Xbox 360S",false,0,"USD",0,0,0,34,4.4,"https://www.amazon.com/dp/B005LMQZZQ","149.60",false,false,false,false,"Microsoft Xbox 360 S 250GB System","https://m.media-amazon.com/images/I/61GK1vINTpL._AC_UY218_.jpg"
"R1HY4IREWIR6MO","Reviewed in the United States on January 25, 2021",4,"Compatible!","Description was not clear.It looked like the console had a memory card slot and it did not.I guess just have to start the games over again.",true,1,2,"12","B005LMQZZQ","Xbox 360S",false,0,"USD",0,0,0,34,4.4,"https://www.amazon.com/dp/B005LMQZZQ","149.60",false,false,false,false,"Microsoft Xbox 360 S 250GB System","https://m.media-amazon.com/images/I/61GK1vINTpL._AC_UY218_.jpg"
"R2SMI00QSR2V56","Reviewed in the United States on April 24, 2020",5,"Very satisfied, with one minor quibble.","Described as new, with one caveat. The console had a rather deep scratch on top that could almost be described as a small crack in the plastic. Puzzling, because the console and all contents in the box (controller, power cord, kinect sensor and connecting cable, original manual, etc.) appeared to be never used as advertised. In fact, inside the Amazon Prime shipping box was the original Xbox 360 box! Already have an Xbox one, but wanted the 360 to play some games not available as backward compatible. Scratch or small crack aside, very satisfied with purchase. The console sits inside a cabinet, so the blemish won't be noticed anyway.",true,1,2,"12","B005LMQZZQ","Xbox 360S",false,0,"USD",0,0,0,34,4.4,"https://www.amazon.com/dp/B005LMQZZQ","149.60",false,false,false,false,"Microsoft Xbox 360 S 250GB System","https://m.media-amazon.com/images/I/61GK1vINTpL._AC_UY218_.jpg"
"RFAXNTCP8JK0T","Reviewed in the United States on January 3, 2020",5,"no problems so far, all is good. it was just a tiny bit dusty.","it was just a tad bit dusty when I got itbut that's, not even a real complaint.to put it simply it worked as expectedand performs as it should. I couldn't ask for more!",true,1,2,"12","B005LMQZZQ","Xbox 360S",false,0,"USD",0,0,0,34,4.4,"https://www.amazon.com/dp/B005LMQZZQ","149.60",false,false,false,false,"Microsoft Xbox 360 S 250GB System","https://m.media-amazon.com/images/I/61GK1vINTpL._AC_UY218_.jpg"
"R34RUEVE1BI6QQ","Reviewed in the United States on June 26, 2019",3,"OldSchool","30 min in and so far so good. It is blowing out hot air from vent above heat sink, I have never owned an S model, probably normal operation. The DVD drive is making noises, loud not normal noises. I will not return the item, easy to swap DVD drive if need be. The seller is honorable in my opinion",true,1,2,"12","B005LMQZZQ","Xbox 360S",false,0,"USD",0,0,0,34,4.4,"https://www.amazon.com/dp/B005LMQZZQ","149.60",false,false,false,false,"Microsoft Xbox 360 S 250GB System","https://m.media-amazon.com/images/I/61GK1vINTpL._AC_UY218_.jpg"
"R2F8W2RLC889RM","Reviewed in Canada on October 23, 2019",,"System works great but need to bypass lock features","Xbox works great, I received it with the family lock code still on it, called Microsoft and through a chat they helped me remove it. I recommend going through this process, quite simple and it will remove the family lock code if there is one on it. Would have liked the machine to be restored to factory settings when received. It had people’s name, gamer profile, games purchased and info still on it. Received a controller that does not work. I would really like to be sent a new controller that works.",true,1,2,"12","B005LMQZZQ","Xbox 360S",false,0,"USD",0,0,0,34,4.4,"https://www.amazon.com/dp/B005LMQZZQ","149.60",false,false,false,false,"Microsoft Xbox 360 S 250GB System","https://m.media-amazon.com/images/I/61GK1vINTpL._AC_UY218_.jpg"
"R25OOL3HMEBOKP","Reviewed in Canada on June 16, 2019",,"Locked","The Xbox is locked and no code has been provided Please provide or will return immediately.",true,1,2,"12","B005LMQZZQ","Xbox 360S",false,0,"USD",0,0,0,34,4.4,"https://www.amazon.com/dp/B005LMQZZQ","149.60",false,false,false,false,"Microsoft Xbox 360 S 250GB System","https://m.media-amazon.com/images/I/61GK1vINTpL._AC_UY218_.jpg"
"R3CTL49342NOSZ","Reviewed in Canada on February 4, 2019",,"Neat","Much better looking than the gloss console.",true,1,2,"12","B005LMQZZQ","Xbox 360S",false,0,"USD",0,0,0,34,4.4,"https://www.amazon.com/dp/B005LMQZZQ","149.60",false,false,false,false,"Microsoft Xbox 360 S 250GB System","https://m.media-amazon.com/images/I/61GK1vINTpL._AC_UY218_.jpg"
"RSV8PALQSKL18","Reviewed in Canada on August 18, 2016",,"Two Stars","The console only has 2GB of internal memory not the 250 Gb.",true,1,2,"12","B005LMQZZQ","Xbox 360S",false,0,"USD",0,0,0,34,4.4,"https://www.amazon.com/dp/B005LMQZZQ","149.60",false,false,false,false,"Microsoft Xbox 360 S 250GB System","https://m.media-amazon.com/images/I/61GK1vINTpL._AC_UY218_.jpg"
"R2I7WLFJKYCDAM","Reviewed in the United States on August 29, 2021",4,"Did not have HDMI cable but I had one already.","No HDMI cable but I have one already fortunately",true,1,3,"13","B00DS5H7QO","Xbox 360S",false,0,"USD",0,0,0,197,4,"https://www.amazon.com/dp/B00DS5H7QO","788.00",false,false,false,false,"Microsoft Xbox 360 S 4GB System","https://m.media-amazon.com/images/I/814Wu3XvmeL._AC_UY218_.jpg"
"R1MLJ4D9G8X5HE","Reviewed in the United States on August 11, 2021",3,"Controller doesn’t work","Everything works except controller. I hooked everything up and was ready to play. And I couldn’t get the controller to work. So disappointed.",true,1,3,"13","B00DS5H7QO","Xbox 360S",false,0,"USD",0,0,0,197,4,"https://www.amazon.com/dp/B00DS5H7QO","788.00",false,false,false,false,"Microsoft Xbox 360 S 4GB System","https://m.media-amazon.com/images/I/814Wu3XvmeL._AC_UY218_.jpg"
"R3EKZ8F42DY5PP","Reviewed in the United States on July 9, 2021",1,"Readbefore purchasing","No hard drive had to spend extra money",true,1,3,"13","B00DS5H7QO","Xbox 360S",false,0,"USD",0,0,0,197,4,"https://www.amazon.com/dp/B00DS5H7QO","788.00",false,false,false,false,"Microsoft Xbox 360 S 4GB System","https://m.media-amazon.com/images/I/814Wu3XvmeL._AC_UY218_.jpg"
"R135IB3X2Q816M","Reviewed in the United States on May 21, 2021",1,"Xbox","When playing games. The screen goes black for a few seconds. Never knew Xboxes does that. Seller should contact me on this issues",true,1,3,"13","B00DS5H7QO","Xbox 360S",false,0,"USD",0,0,0,197,4,"https://www.amazon.com/dp/B00DS5H7QO","788.00",false,false,false,false,"Microsoft Xbox 360 S 4GB System","https://m.media-amazon.com/images/I/814Wu3XvmeL._AC_UY218_.jpg"
"R2JU5OVSJ2AEXM","Reviewed in the United States on March 2, 2021",5,"Great","Great",true,1,3,"13","B00DS5H7QO","Xbox 360S",false,0,"USD",0,0,0,197,4,"https://www.amazon.com/dp/B00DS5H7QO","788.00",false,false,false,false,"Microsoft Xbox 360 S 4GB System","https://m.media-amazon.com/images/I/814Wu3XvmeL._AC_UY218_.jpg"
"R4RFGTKJHRUQY","Reviewed in the United States on January 20, 2021",3,"Honesty is the best policy","Cant complain!!! the Game Works!!!!, but.... Upon Speculation & Uses the USB PORT on the Left side of the console do not work! & there's no grips on the analog of tge controller, (ps) no1 likes surprises especially if its bad! I know its a used Game jus Be Honest & Straight Foward dont be Decietful!",true,1,3,"13","B00DS5H7QO","Xbox 360S",false,0,"USD",0,0,0,197,4,"https://www.amazon.com/dp/B00DS5H7QO","788.00",false,false,false,false,"Microsoft Xbox 360 S 4GB System","https://m.media-amazon.com/images/I/814Wu3XvmeL._AC_UY218_.jpg"
"R1VCAU5JBVM4JD","Reviewed in the United States on January 2, 2021",1,"wouldnt buy from this place","your xbox is junk showed up dirty .. really the price on it and what you charge me for it ... you i would tell people not to buy from you",true,1,3,"13","B00DS5H7QO","Xbox 360S",false,0,"USD",0,0,0,197,4,"https://www.amazon.com/dp/B00DS5H7QO","788.00",false,false,false,false,"Microsoft Xbox 360 S 4GB System","https://m.media-amazon.com/images/I/814Wu3XvmeL._AC_UY218_.jpg"
"R20B0GHLS65VJ","Reviewed in the United States on December 22, 2020",4,"Good purchase","We `needed` a replacement X-Box 360 and I found this. Was hesitant about buying it but it has performed as good as new. Good company to deal with.",true,1,3,"13","B00DS5H7QO","Xbox 360S",false,0,"USD",0,0,0,197,4,"https://www.amazon.com/dp/B00DS5H7QO","788.00",false,false,false,false,"Microsoft Xbox 360 S 4GB System","https://m.media-amazon.com/images/I/814Wu3XvmeL._AC_UY218_.jpg"
"RBYN0MG8RQE9P","Reviewed in the United States on September 3, 2020",5,"Good Purchase!!Fair Price!!","Purchased the Game for my son and it works great!..",true,1,3,"13","B00DS5H7QO","Xbox 360S",false,0,"USD",0,0,0,197,4,"https://www.amazon.com/dp/B00DS5H7QO","788.00",false,false,false,false,"Microsoft Xbox 360 S 4GB System","https://m.media-amazon.com/images/I/814Wu3XvmeL._AC_UY218_.jpg"
"R3VZJWFNEJI0P7","Reviewed in the United States on September 1, 2020",4,"I am just trying to find the right cord so that I can see if the consul actually","Have not played yet because I've purchased two cords and neither cord fix the console",true,1,3,"13","B00DS5H7QO","Xbox 360S",false,0,"USD",0,0,0,197,4,"https://www.amazon.com/dp/B00DS5H7QO","788.00",false,false,false,false,"Microsoft Xbox 360 S 4GB System","https://m.media-amazon.com/images/I/814Wu3XvmeL._AC_UY218_.jpg"
"R2HYIHNLB5WLIT","Reviewed in the United States on October 4, 2021",5,"Everything works great and I got it earlier then it originally said","It came earlier then originally intended which is a plus great condition everything works great",true,1,4,"14","B003O6JKLC","Xbox 360S",false,0,"USD",0,0,0,2371,4.3,"https://www.amazon.com/dp/B003O6JKLC","10195.30",false,false,false,false,"Xbox 360 4GB Console","https://m.media-amazon.com/images/I/8161WbbP0PL._AC_UY218_.jpg"
"R2C43YCLJ5V75C","Reviewed in the United States on September 15, 2021",5,"Perfrct","Absolutely would recommend if you're looking for a nostalgia boost on thhe best games",true,1,4,"14","B003O6JKLC","Xbox 360S",false,0,"USD",0,0,0,2371,4.3,"https://www.amazon.com/dp/B003O6JKLC","10195.30",false,false,false,false,"Xbox 360 4GB Console","https://m.media-amazon.com/images/I/8161WbbP0PL._AC_UY218_.jpg"
"R1WGPICBDL7SGD","Reviewed in the United States on September 11, 2021",3,"Controller didn't work.","The controller didn't work",true,1,4,"14","B003O6JKLC","Xbox 360S",false,0,"USD",0,0,0,2371,4.3,"https://www.amazon.com/dp/B003O6JKLC","10195.30",false,false,false,false,"Xbox 360 4GB Console","https://m.media-amazon.com/images/I/8161WbbP0PL._AC_UY218_.jpg"
"R3UE9OV9LMU37Z","Reviewed in the United States on August 22, 2021",1,"Audio did not work. Do not recommend buying.","Terrible situation as the audio did not work. Do not trust these scummy Amazon sellers. Buy local like I should have.",true,1,4,"14","B003O6JKLC","Xbox 360S",false,0,"USD",0,0,0,2371,4.3,"https://www.amazon.com/dp/B003O6JKLC","10195.30",false,false,false,false,"Xbox 360 4GB Console","https://m.media-amazon.com/images/I/8161WbbP0PL._AC_UY218_.jpg"
"RT7YR0YFEXRGJ","Reviewed in the United States on August 18, 2021",5,"Look like new","Works like a champ",true,1,4,"14","B003O6JKLC","Xbox 360S",false,0,"USD",0,0,0,2371,4.3,"https://www.amazon.com/dp/B003O6JKLC","10195.30",false,false,false,false,"Xbox 360 4GB Console","https://m.media-amazon.com/images/I/8161WbbP0PL._AC_UY218_.jpg"
"R2GN5XM6M8J6W1","Reviewed in the United States on August 17, 2021",4,"👌🏻","Really good condition! 4 starsfor the controller though the controller had a bad dpad half the time it wouldn’t register smh",true,1,4,"14","B003O6JKLC","Xbox 360S",false,0,"USD",0,0,0,2371,4.3,"https://www.amazon.com/dp/B003O6JKLC","10195.30",false,false,false,false,"Xbox 360 4GB Console","https://m.media-amazon.com/images/I/8161WbbP0PL._AC_UY218_.jpg"
"R2PZU9MVM8EPAL","Reviewed in the United States on July 30, 2021",5,"I thank u","I love Xbox soo much",true,1,4,"14","B003O6JKLC","Xbox 360S",false,0,"USD",0,0,0,2371,4.3,"https://www.amazon.com/dp/B003O6JKLC","10195.30",false,false,false,false,"Xbox 360 4GB Console","https://m.media-amazon.com/images/I/8161WbbP0PL._AC_UY218_.jpg"
"R136STL2JA4NF2","Reviewed in the United States on July 9, 2021",1,"It's broken","Not only does it not read disks, it's super loud",true,1,4,"14","B003O6JKLC","Xbox 360S",false,0,"USD",0,0,0,2371,4.3,"https://www.amazon.com/dp/B003O6JKLC","10195.30",false,false,false,false,"Xbox 360 4GB Console","https://m.media-amazon.com/images/I/8161WbbP0PL._AC_UY218_.jpg"
"R1WBHPO4L3JNGZ","Reviewed in the United States on July 9, 2021",5,"Brand new","Brand new, unopened",true,1,4,"14","B003O6JKLC","Xbox 360S",false,0,"USD",0,0,0,2371,4.3,"https://www.amazon.com/dp/B003O6JKLC","10195.30",false,false,false,false,"Xbox 360 4GB Console","https://m.media-amazon.com/images/I/8161WbbP0PL._AC_UY218_.jpg"
"R1M0ER6Z0BO3WA","Reviewed in the United States on July 6, 2021",1,"READ REVIEWS CAREFULLY!!!!!!","READ REVIEWS!!! Wish i could give 0 Stars. Came with no harddrive, vents were cracked, turned on and instantly overheated w the red ring of death! Waste of time, waste of money. For the price, just buy new!",true,1,4,"14","B003O6JKLC","Xbox 360S",false,0,"USD",0,0,0,2371,4.3,"https://www.amazon.com/dp/B003O6JKLC","10195.30",false,false,false,false,"Xbox 360 4GB Console","https://m.media-amazon.com/images/I/8161WbbP0PL._AC_UY218_.jpg"
"R1C7U9RZ49RNDO","Reviewed in the United States on June 12, 2021",5,"Good","All good 👍",true,1,5,"15","B008ASH41C","Xbox 360S",false,0,"USD",0,0,0,116,3.8,"https://www.amazon.com/dp/B008ASH41C","440.80",false,false,false,false,"Microsoft Xbox 360 S 250GB System Kinect Bundle","https://m.media-amazon.com/images/I/81vPpTBgOjL._AC_UY218_.jpg"
"R2NU4XCK48SXF1","Reviewed in the United States on March 18, 2021",5,"Solid independent company","Received the initial items by the stated time. However the original Kinect was broken and the controller was covered in something foul. Contacted the seller and received a replacement controller, Kinect, as well as 3 games for no additional charge. Excellent customer service.",true,1,5,"15","B008ASH41C","Xbox 360S",false,0,"USD",0,0,0,116,3.8,"https://www.amazon.com/dp/B008ASH41C","440.80",false,false,false,false,"Microsoft Xbox 360 S 250GB System Kinect Bundle","https://m.media-amazon.com/images/I/81vPpTBgOjL._AC_UY218_.jpg"
"R28YGUBB6WRYRB","Reviewed in the United States on January 5, 2021",5,"It was delivered","Xbox was very late but it did arrive and all except one of the games does not work but so expected.It also game with additional games, thank you Birdie Games for that, my grandson was super happy, that makes me happy.Thank you.",true,1,5,"15","B008ASH41C","Xbox 360S",false,0,"USD",0,0,0,116,3.8,"https://www.amazon.com/dp/B008ASH41C","440.80",false,false,false,false,"Microsoft Xbox 360 S 250GB System Kinect Bundle","https://m.media-amazon.com/images/I/81vPpTBgOjL._AC_UY218_.jpg"
"RGZ7TJ6P0R97J","Reviewed in the United States on November 7, 2020",5,"Excellen seller","Excellent seller, very friendly, he helped me a lot with the shipment. The console works perfectly, it looks like new, Pura vida!!",true,1,5,"15","B008ASH41C","Xbox 360S",false,0,"USD",0,0,0,116,3.8,"https://www.amazon.com/dp/B008ASH41C","440.80",false,false,false,false,"Microsoft Xbox 360 S 250GB System Kinect Bundle","https://m.media-amazon.com/images/I/81vPpTBgOjL._AC_UY218_.jpg"
"R1FRN761KLRKZQ","Reviewed in the United States on October 15, 2020",1,"What's most important to be is that I receive my money back!","I received the Xbox that did not work and without the game!",true,1,5,"15","B008ASH41C","Xbox 360S",false,0,"USD",0,0,0,116,3.8,"https://www.amazon.com/dp/B008ASH41C","440.80",false,false,false,false,"Microsoft Xbox 360 S 250GB System Kinect Bundle","https://m.media-amazon.com/images/I/81vPpTBgOjL._AC_UY218_.jpg"
"R88ZDM6ISJ518","Reviewed in the United States on September 1, 2020",5,"xbox","It came in on time and in good shape.",true,1,5,"15","B008ASH41C","Xbox 360S",false,0,"USD",0,0,0,116,3.8,"https://www.amazon.com/dp/B008ASH41C","440.80",false,false,false,false,"Microsoft Xbox 360 S 250GB System Kinect Bundle","https://m.media-amazon.com/images/I/81vPpTBgOjL._AC_UY218_.jpg"
"R3S5C23E9V7EDQ","Reviewed in the United States on August 19, 2020",5,"Perfect","Exactly as described! My nephew was so excited thank you!",true,1,5,"15","B008ASH41C","Xbox 360S",false,0,"USD",0,0,0,116,3.8,"https://www.amazon.com/dp/B008ASH41C","440.80",false,false,false,false,"Microsoft Xbox 360 S 250GB System Kinect Bundle","https://m.media-amazon.com/images/I/81vPpTBgOjL._AC_UY218_.jpg"
"R35IQ8EFB4FXD0","Reviewed in the United States on July 5, 2020",2,"Wrong 250GB Storage Capacity Description","The system works fine but description of 250GB storage is wrong. In the console system settings, it only shows about 4 GB total storage with 2.9 GB free. I haven’t even downloaded new games.I may return this soon unless I am missing anything.",true,1,5,"15","B008ASH41C","Xbox 360S",false,0,"USD",0,0,0,116,3.8,"https://www.amazon.com/dp/B008ASH41C","440.80",false,false,false,false,"Microsoft Xbox 360 S 250GB System Kinect Bundle","https://m.media-amazon.com/images/I/81vPpTBgOjL._AC_UY218_.jpg"
"R2ZMX4BQIABI2S","Reviewed in the United States on June 16, 2020",1,"Not working","Won't work",true,1,5,"15","B008ASH41C","Xbox 360S",false,0,"USD",0,0,0,116,3.8,"https://www.amazon.com/dp/B008ASH41C","440.80",false,false,false,false,"Microsoft Xbox 360 S 250GB System Kinect Bundle","https://m.media-amazon.com/images/I/81vPpTBgOjL._AC_UY218_.jpg"
"R38WMRXA3MWK3I","Reviewed in the United States on May 6, 2020",3,"Nice","Works good but had to reformat ourselvesGreat shape",true,1,5,"15","B008ASH41C","Xbox 360S",false,0,"USD",0,0,0,116,3.8,"https://www.amazon.com/dp/B008ASH41C","440.80",false,false,false,false,"Microsoft Xbox 360 S 250GB System Kinect Bundle","https://m.media-amazon.com/images/I/81vPpTBgOjL._AC_UY218_.jpg"
"cr-translate-1949323385",,,"","",false,1,6,"16","B00ACILQS0","Xbox 360S",false,0,"USD",0,0,0,30,4.2,"https://www.amazon.com/dp/B00ACILQS0","126.00",false,false,false,false,"Xbox 360 S White - 4GB","https://m.media-amazon.com/images/I/81SbKUrH1pL._AC_UY218_.jpg"
"R1BE9A8VKUJ962","Reviewed in the United States on April 1, 2020",1,"Cómo se conecta el control con laconsola","Cómo se conecta el control con la consola",true,1,6,"16","B00ACILQS0","Xbox 360S",false,0,"USD",0,0,0,30,4.2,"https://www.amazon.com/dp/B00ACILQS0","126.00",false,false,false,false,"Xbox 360 S White - 4GB","https://m.media-amazon.com/images/I/81SbKUrH1pL._AC_UY218_.jpg"
"R2EPALCAFMJMHM","Reviewed in the United States on July 26, 2019",1,"People need to no what comes with your order don’t put pictures up if other stuff isn’t included","I wasn’t satisfied did not come with remote or power cord I had to purchase a power cord also did not receive the games that it showed in picture",true,1,6,"16","B00ACILQS0","Xbox 360S",false,0,"USD",0,0,0,30,4.2,"https://www.amazon.com/dp/B00ACILQS0","126.00",false,false,false,false,"Xbox 360 S White - 4GB","https://m.media-amazon.com/images/I/81SbKUrH1pL._AC_UY218_.jpg"
"R36JW570E5SVM6","Reviewed in the United States on February 28, 2019",1,"Rip off","Cant format , the hard drive doesnt work",true,1,6,"16","B00ACILQS0","Xbox 360S",false,0,"USD",0,0,0,30,4.2,"https://www.amazon.com/dp/B00ACILQS0","126.00",false,false,false,false,"Xbox 360 S White - 4GB","https://m.media-amazon.com/images/I/81SbKUrH1pL._AC_UY218_.jpg"
"R3GUCYY9DSZTX","Reviewed in the United States on December 29, 2018",1,"Unacceptable","I received this Xbox with no hookups or anything and it was supposed to have everything with it.",true,1,6,"16","B00ACILQS0","Xbox 360S",false,0,"USD",0,0,0,30,4.2,"https://www.amazon.com/dp/B00ACILQS0","126.00",false,false,false,false,"Xbox 360 S White - 4GB","https://m.media-amazon.com/images/I/81SbKUrH1pL._AC_UY218_.jpg"
"RV5HU8M5LQ0MJ","Reviewed in the United States on October 7, 2018",3,"50/50","The picture quality is great on the game system but I have a hard time connecting to some games with it",true,1,6,"16","B00ACILQS0","Xbox 360S",false,0,"USD",0,0,0,30,4.2,"https://www.amazon.com/dp/B00ACILQS0","126.00",false,false,false,false,"Xbox 360 S White - 4GB","https://m.media-amazon.com/images/I/81SbKUrH1pL._AC_UY218_.jpg"
"RAL65D36WV9M7","Reviewed in the United States on June 30, 2015",1,"Bad product when I got it used..","It wouldn't let me delete stuff and saving data was s mess!!! Don't waste your money unless you get a new.one that's full white.. It wouldn't let you delete the profiles either...",true,1,6,"16","B00ACILQS0","Xbox 360S",false,0,"USD",0,0,0,30,4.2,"https://www.amazon.com/dp/B00ACILQS0","126.00",false,false,false,false,"Xbox 360 S White - 4GB","https://m.media-amazon.com/images/I/81SbKUrH1pL._AC_UY218_.jpg"
"R2HLEQ9EHPSYCA","Reviewed in the United States on December 27, 2014",3,"Three Stars","work good",true,1,6,"16","B00ACILQS0","Xbox 360S",false,0,"USD",0,0,0,30,4.2,"https://www.amazon.com/dp/B00ACILQS0","126.00",false,false,false,false,"Xbox 360 S White - 4GB","https://m.media-amazon.com/images/I/81SbKUrH1pL._AC_UY218_.jpg"
"R3JG8BJSY7ILNG","Reviewed in the United States on October 13, 2014",5,"Five Stars","Nice, works like a charm",true,1,6,"16","B00ACILQS0","Xbox 360S",false,0,"USD",0,0,0,30,4.2,"https://www.amazon.com/dp/B00ACILQS0","126.00",false,false,false,false,"Xbox 360 S White - 4GB","https://m.media-amazon.com/images/I/81SbKUrH1pL._AC_UY218_.jpg"
"R27CWTPK0ZHR22","Reviewed in the United States on July 1, 2014",4,"A snazzy instrument","So I knew with the xbox one coming out I could an excellent deals on xbox 360 via Amazon. This particular xbox 360 was a good find and the value was good. I primarily use this xbox for features other than gaming, for example, watching Netflix or for DVDs and a little gaming. So I personally found more value in this product over the new xbox one.",true,1,6,"16","B00ACILQS0","Xbox 360S",false,0,"USD",0,0,0,30,4.2,"https://www.amazon.com/dp/B00ACILQS0","126.00",false,false,false,false,"Xbox 360 S White - 4GB","https://m.media-amazon.com/images/I/81SbKUrH1pL._AC_UY218_.jpg"
"R1RBDB3EZ8YGAB","Reviewed in the United States on April 3, 2014",5,"Everything I wanted !!","EXACTLY what I wanted.!!! I love it, I just revived it today. There's nothing wrong with it, it comes with everything you need to play as soon as you get it! Although you may need to puchase a hard drive but it's worth it.",true,1,6,"16","B00ACILQS0","Xbox 360S",false,0,"USD",0,0,0,30,4.2,"https://www.amazon.com/dp/B00ACILQS0","126.00",false,false,false,false,"Xbox 360 S White - 4GB","https://m.media-amazon.com/images/I/81SbKUrH1pL._AC_UY218_.jpg"
"R1357GNZFSI0KQ","Reviewed in the United States on July 13, 2021",4,"I liked it it worked","I liked it it worked",true,1,7,"17","B005GA1H4C","Xbox 360S",false,0,"USD",0,0,0,1144,4.4,"https://www.amazon.com/dp/B005GA1H4C","5033.60",false,false,false,false,"Microsoft XBOX 360 Kinect Sensor","https://m.media-amazon.com/images/I/61eGIYEEEBL._AC_UY218_.jpg"
"R5FORG7VFM8JR","Reviewed in the United States on June 17, 2021",5,"Good buy","The product is in extremely great condition. You won't find it for cheaper.",true,1,7,"17","B005GA1H4C","Xbox 360S",false,0,"USD",0,0,0,1144,4.4,"https://www.amazon.com/dp/B005GA1H4C","5033.60",false,false,false,false,"Microsoft XBOX 360 Kinect Sensor","https://m.media-amazon.com/images/I/61eGIYEEEBL._AC_UY218_.jpg"
"R23SV87P1QVZCR","Reviewed in the United States on June 14, 2021",4,"Good","Works as it should be",true,1,7,"17","B005GA1H4C","Xbox 360S",false,0,"USD",0,0,0,1144,4.4,"https://www.amazon.com/dp/B005GA1H4C","5033.60",false,false,false,false,"Microsoft XBOX 360 Kinect Sensor","https://m.media-amazon.com/images/I/61eGIYEEEBL._AC_UY218_.jpg"
"R35VQQSS2DD8AP","Reviewed in the United States on May 26, 2021",5,"X","Works great",true,1,7,"17","B005GA1H4C","Xbox 360S",false,0,"USD",0,0,0,1144,4.4,"https://www.amazon.com/dp/B005GA1H4C","5033.60",false,false,false,false,"Microsoft XBOX 360 Kinect Sensor","https://m.media-amazon.com/images/I/61eGIYEEEBL._AC_UY218_.jpg"
"R3KEIPICD5CSBQ","Reviewed in the United States on May 11, 2021",3,"Returned","Had to return sensor, it didn't work.",true,1,7,"17","B005GA1H4C","Xbox 360S",false,0,"USD",0,0,0,1144,4.4,"https://www.amazon.com/dp/B005GA1H4C","5033.60",false,false,false,false,"Microsoft XBOX 360 Kinect Sensor","https://m.media-amazon.com/images/I/61eGIYEEEBL._AC_UY218_.jpg"
"R2TVR3EEQZNCS5","Reviewed in the United States on April 11, 2021",1,"Don't buy","When I I plugged it in my xbox it hade family settings on it",true,1,7,"17","B005GA1H4C","Xbox 360S",false,0,"USD",0,0,0,1144,4.4,"https://www.amazon.com/dp/B005GA1H4C","5033.60",false,false,false,false,"Microsoft XBOX 360 Kinect Sensor","https://m.media-amazon.com/images/I/61eGIYEEEBL._AC_UY218_.jpg"
"R2FYL9N0WJBUNA","Reviewed in the United States on April 6, 2021",2,"Missing power cable adapter, hopefully works...","So the sensor came... looks directly from a goodwill as it still had 7.99 tag on it.No power cable adapter included.Will update if it works once I get the separate order I had to just make for the power adapter.",true,1,7,"17","B005GA1H4C","Xbox 360S",false,0,"USD",0,0,0,1144,4.4,"https://www.amazon.com/dp/B005GA1H4C","5033.60",false,false,false,false,"Microsoft XBOX 360 Kinect Sensor","https://m.media-amazon.com/images/I/61eGIYEEEBL._AC_UY218_.jpg"
"R1RUG6A4AADEEA","Reviewed in the United States on March 26, 2021",1,"Why >~<","Then I got it the cord had exposed wires and it didn’t work .",true,1,7,"17","B005GA1H4C","Xbox 360S",false,0,"USD",0,0,0,1144,4.4,"https://www.amazon.com/dp/B005GA1H4C","5033.60",false,false,false,false,"Microsoft XBOX 360 Kinect Sensor","https://m.media-amazon.com/images/I/61eGIYEEEBL._AC_UY218_.jpg"
"R2FKX12BIKH0CG","Reviewed in the United States on March 8, 2021",3,"It does what it does","its works but its still a kinect so don't expect alot.",true,1,7,"17","B005GA1H4C","Xbox 360S",false,0,"USD",0,0,0,1144,4.4,"https://www.amazon.com/dp/B005GA1H4C","5033.60",false,false,false,false,"Microsoft XBOX 360 Kinect Sensor","https://m.media-amazon.com/images/I/61eGIYEEEBL._AC_UY218_.jpg"
"R3I3L3FDB4WC8R","Reviewed in the United States on February 23, 2021",5,"Satisfied customer","Works good",true,1,7,"17","B005GA1H4C","Xbox 360S",false,0,"USD",0,0,0,1144,4.4,"https://www.amazon.com/dp/B005GA1H4C","5033.60",false,false,false,false,"Microsoft XBOX 360 Kinect Sensor","https://m.media-amazon.com/images/I/61eGIYEEEBL._AC_UY218_.jpg"
"R153KSYSCVAS7","Reviewed in the United States on October 12, 2021",1,"Came broken","Before even opening the adapter package, I could tell the adapter was broken. The box that held the adapter looks used, a little worn but moving the box even slightly, I can hear parts inside the adapter itself sliding around. Everything should be fixed and have no way of moving at all. I wanted to give it a test run to see if it turned on at all and noticed one of the outlet prongs were bent, I fixed it but the light was red and didn't change. So it overall wasn't usable.",true,1,8,"18","B07PY8PHQ7","Xbox 360S",false,0,"USD",0,0,0,630,4.3,"https://www.amazon.com/dp/B07PY8PHQ7","2709.00",false,false,false,false,"Power Supply for Xbox 360 Slim,Lyyes AC Adapter Replacement for Xbox 360 Slim Console","https://m.media-amazon.com/images/I/61n+kl6pgnL._AC_UY218_.jpg"
"R2BUNINR6KMOZ7","Reviewed in the United States on July 14, 2021",4,"Good","Good for the price",true,1,8,"18","B07PY8PHQ7","Xbox 360S",false,0,"USD",0,0,0,630,4.3,"https://www.amazon.com/dp/B07PY8PHQ7","2709.00",false,false,false,false,"Power Supply for Xbox 360 Slim,Lyyes AC Adapter Replacement for Xbox 360 Slim Console","https://m.media-amazon.com/images/I/61n+kl6pgnL._AC_UY218_.jpg"
"R35W5HK76DUYD4","Reviewed in the United States on April 9, 2021",1,"Certified piece of crap","An absolute piece of junk!!!I haven’t this ac adapter for a year and it doesn’t work. This is very cheaply made and not even worth $5 let alone $20 something.The power cord never properly fit into the adapter.Luckily, I took out the warranty if not I would be even more mad. Don’t not buy this piece of crap!!",true,1,8,"18","B07PY8PHQ7","Xbox 360S",false,0,"USD",0,0,0,630,4.3,"https://www.amazon.com/dp/B07PY8PHQ7","2709.00",false,false,false,false,"Power Supply for Xbox 360 Slim,Lyyes AC Adapter Replacement for Xbox 360 Slim Console","https://m.media-amazon.com/images/I/61n+kl6pgnL._AC_UY218_.jpg"
"R2JN5NCIA4M9HP","Reviewed in the United States on April 3, 2021",5,"power supply","brand new a works....happy.",true,1,8,"18","B07PY8PHQ7","Xbox 360S",false,0,"USD",0,0,0,630,4.3,"https://www.amazon.com/dp/B07PY8PHQ7","2709.00",false,false,false,false,"Power Supply for Xbox 360 Slim,Lyyes AC Adapter Replacement for Xbox 360 Slim Console","https://m.media-amazon.com/images/I/61n+kl6pgnL._AC_UY218_.jpg"
"R21T0R62NGCA7N","Reviewed in the United States on March 26, 2021",1,"It melted","The brick got really hot and melted.",true,1,8,"18","B07PY8PHQ7","Xbox 360S",false,0,"USD",0,0,0,630,4.3,"https://www.amazon.com/dp/B07PY8PHQ7","2709.00",false,false,false,false,"Power Supply for Xbox 360 Slim,Lyyes AC Adapter Replacement for Xbox 360 Slim Console","https://m.media-amazon.com/images/I/61n+kl6pgnL._AC_UY218_.jpg"
"R38RTJWW3EWLQ6","Reviewed in the United States on December 9, 2020",1,"Defective","Doesn't work!",true,1,8,"18","B07PY8PHQ7","Xbox 360S",false,0,"USD",0,0,0,630,4.3,"https://www.amazon.com/dp/B07PY8PHQ7","2709.00",false,false,false,false,"Power Supply for Xbox 360 Slim,Lyyes AC Adapter Replacement for Xbox 360 Slim Console","https://m.media-amazon.com/images/I/61n+kl6pgnL._AC_UY218_.jpg"
"R3HXO1FSAGG0RJ","Reviewed in the United States on November 27, 2020",5,"Just what you looking for","Great.Just what I was looking for.",true,1,8,"18","B07PY8PHQ7","Xbox 360S",false,0,"USD",0,0,0,630,4.3,"https://www.amazon.com/dp/B07PY8PHQ7","2709.00",false,false,false,false,"Power Supply for Xbox 360 Slim,Lyyes AC Adapter Replacement for Xbox 360 Slim Console","https://m.media-amazon.com/images/I/61n+kl6pgnL._AC_UY218_.jpg"
"RXPDZIJYN184D","Reviewed in the United States on November 10, 2020",1,"Didn't work","The power cord only worked for about 2 days before it would no longer power the Xbox up anymore.",true,1,8,"18","B07PY8PHQ7","Xbox 360S",false,0,"USD",0,0,0,630,4.3,"https://www.amazon.com/dp/B07PY8PHQ7","2709.00",false,false,false,false,"Power Supply for Xbox 360 Slim,Lyyes AC Adapter Replacement for Xbox 360 Slim Console","https://m.media-amazon.com/images/I/61n+kl6pgnL._AC_UY218_.jpg"
"RPSIA93US7KU4","Reviewed in the United States on October 4, 2020",5,"good","worked just right",true,1,8,"18","B07PY8PHQ7","Xbox 360S",false,0,"USD",0,0,0,630,4.3,"https://www.amazon.com/dp/B07PY8PHQ7","2709.00",false,false,false,false,"Power Supply for Xbox 360 Slim,Lyyes AC Adapter Replacement for Xbox 360 Slim Console","https://m.media-amazon.com/images/I/61n+kl6pgnL._AC_UY218_.jpg"
"R24S66K5F516MR","Reviewed in the United States on October 2, 2020",1,"Don’t buy this.","Connection to the adaptor is very loose and getting off all the times. Very frustrated with the purchase.",true,1,8,"18","B07PY8PHQ7","Xbox 360S",false,0,"USD",0,0,0,630,4.3,"https://www.amazon.com/dp/B07PY8PHQ7","2709.00",false,false,false,false,"Power Supply for Xbox 360 Slim,Lyyes AC Adapter Replacement for Xbox 360 Slim Console","https://m.media-amazon.com/images/I/61n+kl6pgnL._AC_UY218_.jpg"
"R14SGUZCUIYAYK","Reviewed in the United States on October 22, 2021",5,"A must if you own more then one Xbox Series Devices","I own a Series X and a Series S, very handy to load games from one room to other without moving a Xbox.Simple plug and play",true,1,9,"19","B01065S79E","Xbox 360S",true,84.99,"USD",109.99,25,22.73,48834,4.8,"https://www.amazon.com/dp/B01065S79E","234403.20",false,false,true,false,"Sponsored Ad - Seagate STEA2000403 Game Drive for Xbox STEA2000403-Hard 2 TB-USB 3.0-Green, 2TB","https://m.media-amazon.com/images/I/810ojt3yChL._AC_UY218_.jpg"
"RP5HT9B6XEFIT","Reviewed in the United States on October 22, 2021",4,"Game Memory","Works as intended. Should have been a 2T for the price I’m paying.",true,1,9,"19","B01065S79E","Xbox 360S",true,84.99,"USD",109.99,25,22.73,48834,4.8,"https://www.amazon.com/dp/B01065S79E","234403.20",false,false,true,false,"Sponsored Ad - Seagate STEA2000403 Game Drive for Xbox STEA2000403-Hard 2 TB-USB 3.0-Green, 2TB","https://m.media-amazon.com/images/I/810ojt3yChL._AC_UY218_.jpg"
"R28UCTWYPK4N3E","Reviewed in the United States on October 22, 2021",4,"Works but expensive","Works but expensive otherwise would give 5 stars",true,1,9,"19","B01065S79E","Xbox 360S",true,84.99,"USD",109.99,25,22.73,48834,4.8,"https://www.amazon.com/dp/B01065S79E","234403.20",false,false,true,false,"Sponsored Ad - Seagate STEA2000403 Game Drive for Xbox STEA2000403-Hard 2 TB-USB 3.0-Green, 2TB","https://m.media-amazon.com/images/I/810ojt3yChL._AC_UY218_.jpg"
"RCH6HCZPVHCWP","Reviewed in the United States on October 21, 2021",5,"Seagate Game Drive 🔥","It’s fast and works perfect 👍",true,1,9,"19","B01065S79E","Xbox 360S",true,84.99,"USD",109.99,25,22.73,48834,4.8,"https://www.amazon.com/dp/B01065S79E","234403.20",false,false,true,false,"Sponsored Ad - Seagate STEA2000403 Game Drive for Xbox STEA2000403-Hard 2 TB-USB 3.0-Green, 2TB","https://m.media-amazon.com/images/I/810ojt3yChL._AC_UY218_.jpg"
"R2JAFTVC7NIGVE","Reviewed in the United States on October 21, 2021",5,"Useful Tool","I bought this thinking I needed to transfer files from old Xbox One to new Xbox One X but found out all files are uploaded to cloud. I later use this to store games that I normally install/uninstall so I placed a few favorite games I'll replay w/o the hassle of either choice. I was able to store games like Dead or Alive 5 Last Round w/ 507 characters + costumes which on internal hard drive will cause a slow lag so it was store on this external hard drive instead and Dead or Alive 6 w/ 217 characters + costumes. I read reviews on external hard drive with pros and cons so it's no big deal if it messes up later or last a lifetime.",true,1,9,"19","B01065S79E","Xbox 360S",true,84.99,"USD",109.99,25,22.73,48834,4.8,"https://www.amazon.com/dp/B01065S79E","234403.20",false,false,true,false,"Sponsored Ad - Seagate STEA2000403 Game Drive for Xbox STEA2000403-Hard 2 TB-USB 3.0-Green, 2TB","https://m.media-amazon.com/images/I/810ojt3yChL._AC_UY218_.jpg"
"R2E2ZSOK69A0TP","Reviewed in the United States on October 20, 2021",5,"Great product","This is a very solid product! Worth the money. It is state of the art and has its own built in heat sink. That’s amazing. One thing I don’t like is the packaging. It’s just sitting there and it isn’t even locked into place or fastened down. It will just fall right out of the package without warning. Be careful everyone. For such a pricey item, it should at least be in a plastic inset that holds it into place.",true,1,9,"19","B01065S79E","Xbox 360S",true,84.99,"USD",109.99,25,22.73,48834,4.8,"https://www.amazon.com/dp/B01065S79E","234403.20",false,false,true,false,"Sponsored Ad - Seagate STEA2000403 Game Drive for Xbox STEA2000403-Hard 2 TB-USB 3.0-Green, 2TB","https://m.media-amazon.com/images/I/810ojt3yChL._AC_UY218_.jpg"
"R256RRT2938AL1","Reviewed in the United States on October 20, 2021",4,"Works Great But","works great but it want let you play some newer games on it. It says you can download them to it but you have to move them over to your Xbox internal storage but other than that it works great on all other games.",true,1,9,"19","B01065S79E","Xbox 360S",true,84.99,"USD",109.99,25,22.73,48834,4.8,"https://www.amazon.com/dp/B01065S79E","234403.20",false,false,true,false,"Sponsored Ad - Seagate STEA2000403 Game Drive for Xbox STEA2000403-Hard 2 TB-USB 3.0-Green, 2TB","https://m.media-amazon.com/images/I/810ojt3yChL._AC_UY218_.jpg"
"R2F1GAP4JBNJEH","Reviewed in the United States on October 20, 2021",5,"It's exactly what you think it is","Way too expensive but increases internal storage capacity for the Xbox series x by 1tb.. essential if you're running the latest games.",true,1,9,"19","B01065S79E","Xbox 360S",true,84.99,"USD",109.99,25,22.73,48834,4.8,"https://www.amazon.com/dp/B01065S79E","234403.20",false,false,true,false,"Sponsored Ad - Seagate STEA2000403 Game Drive for Xbox STEA2000403-Hard 2 TB-USB 3.0-Green, 2TB","https://m.media-amazon.com/images/I/810ojt3yChL._AC_UY218_.jpg"
"R1ZMQI71C2NCSC","Reviewed in the United States on October 20, 2021",5,"Good","Exactly wat we needed",true,1,9,"19","B01065S79E","Xbox 360S",true,84.99,"USD",109.99,25,22.73,48834,4.8,"https://www.amazon.com/dp/B01065S79E","234403.20",false,false,true,false,"Sponsored Ad - Seagate STEA2000403 Game Drive for Xbox STEA2000403-Hard 2 TB-USB 3.0-Green, 2TB","https://m.media-amazon.com/images/I/810ojt3yChL._AC_UY218_.jpg"
"R1ZM4GJCT6VT9V","Reviewed in the United States on October 20, 2021",4,"Fast But Weird Setup","I was really wanting this from the time I bought my Xbox Series X and finally got it. 1 terabyte is just not enough storage, and frankly, this additional terabyte hardly slakes my thirst for more storage. Games are getting so big, now, I may still have to add USB storage.This device is fast. Load times are noticeably faster. But the set up is weird. The instructions come in the way of a simple graphical sheet that seems to indicate you just plug it in, so I did what most people would do and powered down my unit and plugged this in. After powering up, I transferred some of my games and apps from the internal drive to this without problem.However, when I went to play a game or start an app that I had transferred to the Seagate, I got an error that it would not run. After some sleuthing online, I found someone in a forum relating that he was told to leave the power on while plugging in the device. So I powered down the Xbox, took the Seagate out, powered up the Xbox, and while powered up, crossed my fingers and plugged in the Seagate.All was right in the world and it's been working fine ever since.",true,1,9,"19","B01065S79E","Xbox 360S",true,84.99,"USD",109.99,25,22.73,48834,4.8,"https://www.amazon.com/dp/B01065S79E","234403.20",false,false,true,false,"Sponsored Ad - Seagate STEA2000403 Game Drive for Xbox STEA2000403-Hard 2 TB-USB 3.0-Green, 2TB","https://m.media-amazon.com/images/I/810ojt3yChL._AC_UY218_.jpg"
"R2GYBXG12RUFCU","Reviewed in the United States on October 1, 2021",1,"Broke after 2 months","I ordered this Xbox power supply in July, and already in September it stopped functioning, no LED light anymore (neither green/normal or red/error) and a small electric pop happens whenever I try to unplug it and plug it back in.I see no other way to contact the seller than by a negative review, which I’m happy to update if they can help me replace the defective product.",true,1,10,"110","B07VHL45LT","Xbox 360S",false,0,"USD",0,0,0,257,4.4,"https://www.amazon.com/dp/B07VHL45LT","1130.80",false,false,false,false,"Xbox 360 Slim (Only fit 360 Slim) Power Supply, AC Adapter Power Supply Cord Brick for Xbox 360 Slim Auto Voltage (Black)","https://m.media-amazon.com/images/I/61kAYntg+mL._AC_UY218_.jpg"
"RFN1P0YXZEQV4","Reviewed in the United States on September 8, 2021",5,"5 stars!!🌟🌟🌟🌟🌟","Value of money thank you so much 5 stars!!🌟🌟🌟🌟🌟",true,1,10,"110","B07VHL45LT","Xbox 360S",false,0,"USD",0,0,0,257,4.4,"https://www.amazon.com/dp/B07VHL45LT","1130.80",false,false,false,false,"Xbox 360 Slim (Only fit 360 Slim) Power Supply, AC Adapter Power Supply Cord Brick for Xbox 360 Slim Auto Voltage (Black)","https://m.media-amazon.com/images/I/61kAYntg+mL._AC_UY218_.jpg"
"RNBO159KROJLE","Reviewed in the United States on August 7, 2021",5,"Slim power","Perfect",true,1,10,"110","B07VHL45LT","Xbox 360S",false,0,"USD",0,0,0,257,4.4,"https://www.amazon.com/dp/B07VHL45LT","1130.80",false,false,false,false,"Xbox 360 Slim (Only fit 360 Slim) Power Supply, AC Adapter Power Supply Cord Brick for Xbox 360 Slim Auto Voltage (Black)","https://m.media-amazon.com/images/I/61kAYntg+mL._AC_UY218_.jpg"
"R3OI4YM10ALVPS","Reviewed in the United States on June 24, 2021",5,"I works","Works perfectly",true,1,10,"110","B07VHL45LT","Xbox 360S",false,0,"USD",0,0,0,257,4.4,"https://www.amazon.com/dp/B07VHL45LT","1130.80",false,false,false,false,"Xbox 360 Slim (Only fit 360 Slim) Power Supply, AC Adapter Power Supply Cord Brick for Xbox 360 Slim Auto Voltage (Black)","https://m.media-amazon.com/images/I/61kAYntg+mL._AC_UY218_.jpg"
"RP5N5UT9W60W7","Reviewed in the United States on May 26, 2021",2,"Works but very loud sounds like jet engine","Works but very loud sounds like a jet engine. Not worth $20 more like $5",true,1,10,"110","B07VHL45LT","Xbox 360S",false,0,"USD",0,0,0,257,4.4,"https://www.amazon.com/dp/B07VHL45LT","1130.80",false,false,false,false,"Xbox 360 Slim (Only fit 360 Slim) Power Supply, AC Adapter Power Supply Cord Brick for Xbox 360 Slim Auto Voltage (Black)","https://m.media-amazon.com/images/I/61kAYntg+mL._AC_UY218_.jpg"
"R3L4LU13A0I8D1","Reviewed in the United States on April 20, 2021",5,"grandson loved it","grandson loved it",true,1,10,"110","B07VHL45LT","Xbox 360S",false,0,"USD",0,0,0,257,4.4,"https://www.amazon.com/dp/B07VHL45LT","1130.80",false,false,false,false,"Xbox 360 Slim (Only fit 360 Slim) Power Supply, AC Adapter Power Supply Cord Brick for Xbox 360 Slim Auto Voltage (Black)","https://m.media-amazon.com/images/I/61kAYntg+mL._AC_UY218_.jpg"
"RD46F9UHI6DLU","Reviewed in the United States on April 18, 2021",4,"Works but isn't quiet","I have gone through three 360 power supplies. This one works but is still a little noisy. Also not as hefty as the one I got with my system.",true,1,10,"110","B07VHL45LT","Xbox 360S",false,0,"USD",0,0,0,257,4.4,"https://www.amazon.com/dp/B07VHL45LT","1130.80",false,false,false,false,"Xbox 360 Slim (Only fit 360 Slim) Power Supply, AC Adapter Power Supply Cord Brick for Xbox 360 Slim Auto Voltage (Black)","https://m.media-amazon.com/images/I/61kAYntg+mL._AC_UY218_.jpg"
"R3GONXSJOAJ21B","Reviewed in the United States on April 12, 2021",5,"Xbox 360 Power Supply","Was glad to have found this due to the stores no longer carry. It’s not noisy at all. It seems to be not as bulky in size as the power block that originally came with the Xbox 360 when purchased several years ago so that was a pleasant surprise",true,1,10,"110","B07VHL45LT","Xbox 360S",false,0,"USD",0,0,0,257,4.4,"https://www.amazon.com/dp/B07VHL45LT","1130.80",false,false,false,false,"Xbox 360 Slim (Only fit 360 Slim) Power Supply, AC Adapter Power Supply Cord Brick for Xbox 360 Slim Auto Voltage (Black)","https://m.media-amazon.com/images/I/61kAYntg+mL._AC_UY218_.jpg"
"RW7R7WY7TZKTD","Reviewed in the United States on March 28, 2021",4,"dont know yet","as soon as i bought the new cord my x box broke wont be able to give a proper review",true,1,10,"110","B07VHL45LT","Xbox 360S",false,0,"USD",0,0,0,257,4.4,"https://www.amazon.com/dp/B07VHL45LT","1130.80",false,false,false,false,"Xbox 360 Slim (Only fit 360 Slim) Power Supply, AC Adapter Power Supply Cord Brick for Xbox 360 Slim Auto Voltage (Black)","https://m.media-amazon.com/images/I/61kAYntg+mL._AC_UY218_.jpg"
"R14NQOPE56GKHV","Reviewed in the United States on March 22, 2021",5,"👍","👍",true,1,10,"110","B07VHL45LT","Xbox 360S",false,0,"USD",0,0,0,257,4.4,"https://www.amazon.com/dp/B07VHL45LT","1130.80",false,false,false,false,"Xbox 360 Slim (Only fit 360 Slim) Power Supply, AC Adapter Power Supply Cord Brick for Xbox 360 Slim Auto Voltage (Black)","https://m.media-amazon.com/images/I/61kAYntg+mL._AC_UY218_.jpg"
"R1PHA9N64TECS3","Reviewed in the United States on October 21, 2021",1,"Won't connect after initially working for a few days","After initially working for a few days, the unit decided to forget how to connect.I'm sure it can be sorted out, but just super annoying.",true,1,11,"111","B082NQLY97","Xbox 360S",false,0,"USD",0,0,0,4180,4.3,"https://www.amazon.com/dp/B082NQLY97","17974.00",false,false,true,false,"VOYEE Wireless Controller Compatible with Microsoft Xbox 360/Slim PC Windows 10/8/7, Wireless PC Controller with Upgraded ...","https://m.media-amazon.com/images/I/618w1nPIOjL._AC_UY218_.jpg"
"RVM0K1YRJ6GRV","Reviewed in the United States on October 18, 2021",1,"Won't sync","New batteries, controller light circles and circles but won't sync.",true,1,11,"111","B082NQLY97","Xbox 360S",false,0,"USD",0,0,0,4180,4.3,"https://www.amazon.com/dp/B082NQLY97","17974.00",false,false,true,false,"VOYEE Wireless Controller Compatible with Microsoft Xbox 360/Slim PC Windows 10/8/7, Wireless PC Controller with Upgraded ...","https://m.media-amazon.com/images/I/618w1nPIOjL._AC_UY218_.jpg"
"R3EKD4SITI0IHW","Reviewed in the United States on October 17, 2021",1,"Doesn’t work","I should’ve listened to the other reviews. I received this, put batteries in & did the pairing I’ve been doing for 20 years and it WONT PAIR. I tried over and over and it doesn’t work. Super disappointed.",true,1,11,"111","B082NQLY97","Xbox 360S",false,0,"USD",0,0,0,4180,4.3,"https://www.amazon.com/dp/B082NQLY97","17974.00",false,false,true,false,"VOYEE Wireless Controller Compatible with Microsoft Xbox 360/Slim PC Windows 10/8/7, Wireless PC Controller with Upgraded ...","https://m.media-amazon.com/images/I/618w1nPIOjL._AC_UY218_.jpg"
"R12ADX71AIU08C","Reviewed in the United States on October 12, 2021",2,"Lasted 3 months","Started to go bad by shutting down by itself.3 months latter it was dead.",true,1,11,"111","B082NQLY97","Xbox 360S",false,0,"USD",0,0,0,4180,4.3,"https://www.amazon.com/dp/B082NQLY97","17974.00",false,false,true,false,"VOYEE Wireless Controller Compatible with Microsoft Xbox 360/Slim PC Windows 10/8/7, Wireless PC Controller with Upgraded ...","https://m.media-amazon.com/images/I/618w1nPIOjL._AC_UY218_.jpg"
"R36JTNZGGH22VV","Reviewed in the United States on October 11, 2021",5,"Buy it","It works great; no issues",true,1,11,"111","B082NQLY97","Xbox 360S",false,0,"USD",0,0,0,4180,4.3,"https://www.amazon.com/dp/B082NQLY97","17974.00",false,false,true,false,"VOYEE Wireless Controller Compatible with Microsoft Xbox 360/Slim PC Windows 10/8/7, Wireless PC Controller with Upgraded ...","https://m.media-amazon.com/images/I/618w1nPIOjL._AC_UY218_.jpg"
"RFBWPQRW3JEXC","Reviewed in the United States on October 9, 2021",1,"Difficult setup, missed inputs, frequent disconnects","Setting up the drivers was straight up awful on Windows 7. Its probably easier on newer OS's. If you are having trouble your best bet is to plug it in before turning on your pc and then mess with the drivers if necessary.Plenty of times i press a button and the button press is missed. This is unacceptable.Plenty of times that i press a button and there is DELAY before it reads it. This is unacceptable.Plenty of times that the controller just straight up disconnects. This is unacceptable.",true,1,11,"111","B082NQLY97","Xbox 360S",false,0,"USD",0,0,0,4180,4.3,"https://www.amazon.com/dp/B082NQLY97","17974.00",false,false,true,false,"VOYEE Wireless Controller Compatible with Microsoft Xbox 360/Slim PC Windows 10/8/7, Wireless PC Controller with Upgraded ...","https://m.media-amazon.com/images/I/618w1nPIOjL._AC_UY218_.jpg"
"R29OPPYXFWFV0F","Reviewed in the United States on October 8, 2021",1,"Came Broken","The controller came broken...the battery pack was in pieces upon opening the package 👎🏼 Do. Not. Recommend.",true,1,11,"111","B082NQLY97","Xbox 360S",false,0,"USD",0,0,0,4180,4.3,"https://www.amazon.com/dp/B082NQLY97","17974.00",false,false,true,false,"VOYEE Wireless Controller Compatible with Microsoft Xbox 360/Slim PC Windows 10/8/7, Wireless PC Controller with Upgraded ...","https://m.media-amazon.com/images/I/618w1nPIOjL._AC_UY218_.jpg"
"R209QBTYS1OOAZ","Reviewed in the United States on October 7, 2021",5,"Perfect replacement k","Great oe function have several ps3 controllers from them excellent replacement",true,1,11,"111","B082NQLY97","Xbox 360S",false,0,"USD",0,0,0,4180,4.3,"https://www.amazon.com/dp/B082NQLY97","17974.00",false,false,true,false,"VOYEE Wireless Controller Compatible with Microsoft Xbox 360/Slim PC Windows 10/8/7, Wireless PC Controller with Upgraded ...","https://m.media-amazon.com/images/I/618w1nPIOjL._AC_UY218_.jpg"
"REE5HVXYA5SKG","Reviewed in the United States on October 7, 2021",1,"Not happy at all!","The firing mechanism was corrupt and would shoot every time I tried to aim, very frustrating when playing a Ghost Game! Its too bad, I was really excited to use this product. Disappointing!",true,1,11,"111","B082NQLY97","Xbox 360S",false,0,"USD",0,0,0,4180,4.3,"https://www.amazon.com/dp/B082NQLY97","17974.00",false,false,true,false,"VOYEE Wireless Controller Compatible with Microsoft Xbox 360/Slim PC Windows 10/8/7, Wireless PC Controller with Upgraded ...","https://m.media-amazon.com/images/I/618w1nPIOjL._AC_UY218_.jpg"
"R2A4ZXZSL6VCT2","Reviewed in the United States on October 7, 2021",1,"Controller doesn’t shut off","Everything works but it does not shut off",true,1,11,"111","B082NQLY97","Xbox 360S",false,0,"USD",0,0,0,4180,4.3,"https://www.amazon.com/dp/B082NQLY97","17974.00",false,false,true,false,"VOYEE Wireless Controller Compatible with Microsoft Xbox 360/Slim PC Windows 10/8/7, Wireless PC Controller with Upgraded ...","https://m.media-amazon.com/images/I/618w1nPIOjL._AC_UY218_.jpg"
"R1G6FN26JM8VM9","Reviewed in the United States on October 22, 2021",1,"A computer chip sliding around in a metal case","Haven't even tried to use yet.It's basically a chip that resembles a computer memory chip, sliding around loose in a little metal case.NOT what I was expecting based on description and photos when ordered.When I do decide to try it. I hope it works as advertised.Bought to be used as additional external storage for XB1",true,1,12,"112","B008TP1OKI","Xbox 360S",false,0,"USD",0,0,0,4011,4.5,"https://www.amazon.com/dp/B008TP1OKI","18049.50",false,true,false,false,"250GB 250G Internal HDD Hard Drive Disk Disc for Xbox 360 S Slim Games","https://m.media-amazon.com/images/I/31cacgNHGYL._AC_UY218_.jpg"
"R1LAJBRPIDKJF5","Reviewed in the United States on September 18, 2021",1,"Misleading","This does not work with original xbox games on the 360. it is not official hardware and cannot run those games like every other hard drives",true,1,12,"112","B008TP1OKI","Xbox 360S",false,0,"USD",0,0,0,4011,4.5,"https://www.amazon.com/dp/B008TP1OKI","18049.50",false,true,false,false,"250GB 250G Internal HDD Hard Drive Disk Disc for Xbox 360 S Slim Games","https://m.media-amazon.com/images/I/31cacgNHGYL._AC_UY218_.jpg"
"R11QMM7WQVZAHM","Reviewed in the United States on September 14, 2021",5,"Hard drive for xbox 360","It works perfectly",true,1,12,"112","B008TP1OKI","Xbox 360S",false,0,"USD",0,0,0,4011,4.5,"https://www.amazon.com/dp/B008TP1OKI","18049.50",false,true,false,false,"250GB 250G Internal HDD Hard Drive Disk Disc for Xbox 360 S Slim Games","https://m.media-amazon.com/images/I/31cacgNHGYL._AC_UY218_.jpg"
"R1ILP3LHM8IILO","Reviewed in the United States on September 2, 2021",2,"Advertised at 500Gb only comes with 460GB","Misleading information states it’s 500GB but when installed it only has 460GB of free space. Why lie??",true,1,12,"112","B008TP1OKI","Xbox 360S",false,0,"USD",0,0,0,4011,4.5,"https://www.amazon.com/dp/B008TP1OKI","18049.50",false,true,false,false,"250GB 250G Internal HDD Hard Drive Disk Disc for Xbox 360 S Slim Games","https://m.media-amazon.com/images/I/31cacgNHGYL._AC_UY218_.jpg"
"RIOYUGA59E88V","Reviewed in the United States on August 29, 2021",4,"Great unit","...lucky for YouTube, I knew how to install....unit is great as advertised. However, came loose in a box with no attached information or receipt.. the 4 stars are for the unit only. Whomever packaged, shipped and sold it... That's another matter...also, it was late arriving by a day. But, the driver who delivered the item was very nice.",true,1,12,"112","B008TP1OKI","Xbox 360S",false,0,"USD",0,0,0,4011,4.5,"https://www.amazon.com/dp/B008TP1OKI","18049.50",false,true,false,false,"250GB 250G Internal HDD Hard Drive Disk Disc for Xbox 360 S Slim Games","https://m.media-amazon.com/images/I/31cacgNHGYL._AC_UY218_.jpg"
"R29T7U5QWJ2QF","Reviewed in the United States on August 28, 2021",2,"NOT MICROSOFT ITEM","If you are trying to run backwards compatibility- THIS ITEM WILL NOT DO IT.You need to buy the Microsoft item which has ""xbox 360"" across where the pull tab is. The OEM is also like 50-75 bucks more and semi hard to come by",true,1,12,"112","B008TP1OKI","Xbox 360S",false,0,"USD",0,0,0,4011,4.5,"https://www.amazon.com/dp/B008TP1OKI","18049.50",false,true,false,false,"250GB 250G Internal HDD Hard Drive Disk Disc for Xbox 360 S Slim Games","https://m.media-amazon.com/images/I/31cacgNHGYL._AC_UY218_.jpg"
"R21YPHXIWEAVBB","Reviewed in the United States on August 23, 2021",1,"Does not work with Xbox original games","I bought this hard drive for my Xbox 360, because mine originally did not come with one, and I want to play my classic Xbox games. But, low and behold, it doesn’t work, and I no longer have the original box. Waste of money",true,1,12,"112","B008TP1OKI","Xbox 360S",false,0,"USD",0,0,0,4011,4.5,"https://www.amazon.com/dp/B008TP1OKI","18049.50",false,true,false,false,"250GB 250G Internal HDD Hard Drive Disk Disc for Xbox 360 S Slim Games","https://m.media-amazon.com/images/I/31cacgNHGYL._AC_UY218_.jpg"
"R3V25IV3V7W3UO","Reviewed in the United States on August 18, 2021",5,"Damn!","I should've bought this sooner!",true,1,12,"112","B008TP1OKI","Xbox 360S",false,0,"USD",0,0,0,4011,4.5,"https://www.amazon.com/dp/B008TP1OKI","18049.50",false,true,false,false,"250GB 250G Internal HDD Hard Drive Disk Disc for Xbox 360 S Slim Games","https://m.media-amazon.com/images/I/31cacgNHGYL._AC_UY218_.jpg"
"R2A8SQLJOF6HKH","Reviewed in the United States on August 14, 2021",3,"IS NOT BACKWARDS COMPATIBLE!","Great hard drive. However, since it’s not an official Microsoft hard drive it will not allow you to play original Xbox games on your 360.",true,1,12,"112","B008TP1OKI","Xbox 360S",false,0,"USD",0,0,0,4011,4.5,"https://www.amazon.com/dp/B008TP1OKI","18049.50",false,true,false,false,"250GB 250G Internal HDD Hard Drive Disk Disc for Xbox 360 S Slim Games","https://m.media-amazon.com/images/I/31cacgNHGYL._AC_UY218_.jpg"
"R2716GR6O82N61","Reviewed in the United States on August 13, 2021",5,"worked perfectly for my XBOX 360 E","worked perfectly for my XBOX 360 E",true,1,12,"112","B008TP1OKI","Xbox 360S",false,0,"USD",0,0,0,4011,4.5,"https://www.amazon.com/dp/B008TP1OKI","18049.50",false,true,false,false,"250GB 250G Internal HDD Hard Drive Disk Disc for Xbox 360 S Slim Games","https://m.media-amazon.com/images/I/31cacgNHGYL._AC_UY218_.jpg"
"R15DRYGWF0W9KY","Reviewed in the United States on October 18, 2021",3,"I don't like it, not what I was expecting","I just received my package today. Open it up to find some kind of mark & spot on the front of it then the side where you can hold 6 different things one got some fun balls on one of the side walls & the walls are not sturdy like there's foam in it which I dont like. I would of thought it would be better for the price you pay for it. I should of went to a local store. I'm not impressed",true,1,13,"113","B07TD8Z3P9","Xbox 360S",false,0,"USD",0,0,0,577,4.7,"https://www.amazon.com/dp/B07TD8Z3P9","2711.90",false,false,false,false,"Xbox Carrying Case Compatible with Xbox 360/ Xbox One/ Xbox One X/S Large Capacity Xbox Travel Case for Xbox Game Console ...","https://m.media-amazon.com/images/I/71RpEvNnToL._AC_UY218_.jpg"
"R3SX0QMTUEKJDD","Reviewed in the United States on October 16, 2021",5,"Best product","It is a little bit big",true,1,13,"113","B07TD8Z3P9","Xbox 360S",false,0,"USD",0,0,0,577,4.7,"https://www.amazon.com/dp/B07TD8Z3P9","2711.90",false,false,false,false,"Xbox Carrying Case Compatible with Xbox 360/ Xbox One/ Xbox One X/S Large Capacity Xbox Travel Case for Xbox Game Console ...","https://m.media-amazon.com/images/I/71RpEvNnToL._AC_UY218_.jpg"
"R1PVALSZACTD6A","Reviewed in the United States on October 13, 2021",5,"Definitely worth it!","This bag has been a game changer when it comes to traveling with my son and his Xbox. Even after he puts all his gaming stuff he still has enough room to store his oculus in there.",true,1,13,"113","B07TD8Z3P9","Xbox 360S",false,0,"USD",0,0,0,577,4.7,"https://www.amazon.com/dp/B07TD8Z3P9","2711.90",false,false,false,false,"Xbox Carrying Case Compatible with Xbox 360/ Xbox One/ Xbox One X/S Large Capacity Xbox Travel Case for Xbox Game Console ...","https://m.media-amazon.com/images/I/71RpEvNnToL._AC_UY218_.jpg"
"R141D4JUM1QLOG","Reviewed in the United States on September 15, 2021",5,"Exactly what we needed!","My son was carrying his Xbox each piece by piece at risk of dropping the Xbox to go to his friends. This did what it was supposed to do.Everything has its place and fits securely.",true,1,13,"113","B07TD8Z3P9","Xbox 360S",false,0,"USD",0,0,0,577,4.7,"https://www.amazon.com/dp/B07TD8Z3P9","2711.90",false,false,false,false,"Xbox Carrying Case Compatible with Xbox 360/ Xbox One/ Xbox One X/S Large Capacity Xbox Travel Case for Xbox Game Console ...","https://m.media-amazon.com/images/I/71RpEvNnToL._AC_UY218_.jpg"
"R1QD3SHEI7CWZC","Reviewed in the United States on September 15, 2021",3,"Priced Well for Quality","The zipper broke after only 2 uses. A little surprised at the quality.",true,1,13,"113","B07TD8Z3P9","Xbox 360S",false,0,"USD",0,0,0,577,4.7,"https://www.amazon.com/dp/B07TD8Z3P9","2711.90",false,false,false,false,"Xbox Carrying Case Compatible with Xbox 360/ Xbox One/ Xbox One X/S Large Capacity Xbox Travel Case for Xbox Game Console ...","https://m.media-amazon.com/images/I/71RpEvNnToL._AC_UY218_.jpg"
"R3CFFLVBELL8Z8","Reviewed in the United States on September 8, 2021",5,"Great for traveling","I originally purchased this for myself so I could bring my Xbox back and forth from my home and my dorm room and it has worked great for me so far.",true,1,13,"113","B07TD8Z3P9","Xbox 360S",false,0,"USD",0,0,0,577,4.7,"https://www.amazon.com/dp/B07TD8Z3P9","2711.90",false,false,false,false,"Xbox Carrying Case Compatible with Xbox 360/ Xbox One/ Xbox One X/S Large Capacity Xbox Travel Case for Xbox Game Console ...","https://m.media-amazon.com/images/I/71RpEvNnToL._AC_UY218_.jpg"
"R1IFMLKR7FV342","Reviewed in the United States on September 2, 2021",5,"It is worth it","Absolutely love this case. I fit my Xbox one, headphones, both controllers, charging base, all my cords, and some games. 10/10 reccomend. It is water resistant which is also very nice.",true,1,13,"113","B07TD8Z3P9","Xbox 360S",false,0,"USD",0,0,0,577,4.7,"https://www.amazon.com/dp/B07TD8Z3P9","2711.90",false,false,false,false,"Xbox Carrying Case Compatible with Xbox 360/ Xbox One/ Xbox One X/S Large Capacity Xbox Travel Case for Xbox Game Console ...","https://m.media-amazon.com/images/I/71RpEvNnToL._AC_UY218_.jpg"
"R2MO0I2U65ZYG2","Reviewed in the United States on August 29, 2021",3,"Not High Quality...","Does the job, according to my son.But him and I both agree this is a $20 product, not a $45 product, and if it were used frequently--it would not last...",true,1,13,"113","B07TD8Z3P9","Xbox 360S",false,0,"USD",0,0,0,577,4.7,"https://www.amazon.com/dp/B07TD8Z3P9","2711.90",false,false,false,false,"Xbox Carrying Case Compatible with Xbox 360/ Xbox One/ Xbox One X/S Large Capacity Xbox Travel Case for Xbox Game Console ...","https://m.media-amazon.com/images/I/71RpEvNnToL._AC_UY218_.jpg"
"R104VTAU7EBABC","Reviewed in the United States on July 27, 2021",5,"Absolutely love this","I bought this for my grandson because he was literally putting everything into a school backpack. This carrier is a total lifesaver. Everything fits perfectly so he’s but having to push and tug to make it fit",true,1,13,"113","B07TD8Z3P9","Xbox 360S",false,0,"USD",0,0,0,577,4.7,"https://www.amazon.com/dp/B07TD8Z3P9","2711.90",false,false,false,false,"Xbox Carrying Case Compatible with Xbox 360/ Xbox One/ Xbox One X/S Large Capacity Xbox Travel Case for Xbox Game Console ...","https://m.media-amazon.com/images/I/71RpEvNnToL._AC_UY218_.jpg"
"R2JGG5G2R84GIP","Reviewed in the United States on July 21, 2021",5,"Great find","Great storage for small space",true,1,13,"113","B07TD8Z3P9","Xbox 360S",false,0,"USD",0,0,0,577,4.7,"https://www.amazon.com/dp/B07TD8Z3P9","2711.90",false,false,false,false,"Xbox Carrying Case Compatible with Xbox 360/ Xbox One/ Xbox One X/S Large Capacity Xbox Travel Case for Xbox Game Console ...","https://m.media-amazon.com/images/I/71RpEvNnToL._AC_UY218_.jpg"
"R3EG6DGW4T9CL6","Reviewed in the United States on October 11, 2021",5,"Great product, confusing installation","Great hard drive, absolutely love how much memory it holds. That being said, it was hard to find where to install it, the panel is nearly invisible. Had to watch a video to find it, but it was as simple to install as it is to put in a game cartridge",true,1,14,"114","B00JPBFC8U","Xbox 360S",false,0,"USD",0,0,0,1989,4.6,"https://www.amazon.com/dp/B00JPBFC8U","9149.40",false,false,false,false,"500GB 500G HDD Internal Hard Drive for Xbox360 E xbox360 Slim Console.","https://m.media-amazon.com/images/I/61ttaBGPvoL._AC_UY218_.jpg"
"R2QS1A3AZ788IY","Reviewed in the United States on September 15, 2021",5,"One happy momma","My son is happy so momma is happy",true,1,14,"114","B00JPBFC8U","Xbox 360S",false,0,"USD",0,0,0,1989,4.6,"https://www.amazon.com/dp/B00JPBFC8U","9149.40",false,false,false,false,"500GB 500G HDD Internal Hard Drive for Xbox360 E xbox360 Slim Console.","https://m.media-amazon.com/images/I/61ttaBGPvoL._AC_UY218_.jpg"
"R5JTTPHBO14RW","Reviewed in the United States on September 10, 2021",5,"Good","Is good cause price and storage",true,1,14,"114","B00JPBFC8U","Xbox 360S",false,0,"USD",0,0,0,1989,4.6,"https://www.amazon.com/dp/B00JPBFC8U","9149.40",false,false,false,false,"500GB 500G HDD Internal Hard Drive for Xbox360 E xbox360 Slim Console.","https://m.media-amazon.com/images/I/61ttaBGPvoL._AC_UY218_.jpg"
"R1SQQYZ8L5K68J","Reviewed in the United States on August 20, 2021",5,"Definitely a smart decision. Working as expected.","Looked to upgrade our Xbox 360 HD (OEM 4GB) and went with this 500GB HD. Purchased this item and it was easy to install and so far, as of Aug 2021, no issues. Still very happy.",true,1,14,"114","B00JPBFC8U","Xbox 360S",false,0,"USD",0,0,0,1989,4.6,"https://www.amazon.com/dp/B00JPBFC8U","9149.40",false,false,false,false,"500GB 500G HDD Internal Hard Drive for Xbox360 E xbox360 Slim Console.","https://m.media-amazon.com/images/I/61ttaBGPvoL._AC_UY218_.jpg"
"R2UCEQVD0N8NYR","Reviewed in the United States on August 16, 2021",5,"Buena compra me funcionó el juego de Battlefield","Excelente",true,1,14,"114","B00JPBFC8U","Xbox 360S",false,0,"USD",0,0,0,1989,4.6,"https://www.amazon.com/dp/B00JPBFC8U","9149.40",false,false,false,false,"500GB 500G HDD Internal Hard Drive for Xbox360 E xbox360 Slim Console.","https://m.media-amazon.com/images/I/61ttaBGPvoL._AC_UY218_.jpg"
"R3AZ41R2EWATS3","Reviewed in the United States on July 28, 2021",5,"Great","Great",true,1,14,"114","B00JPBFC8U","Xbox 360S",false,0,"USD",0,0,0,1989,4.6,"https://www.amazon.com/dp/B00JPBFC8U","9149.40",false,false,false,false,"500GB 500G HDD Internal Hard Drive for Xbox360 E xbox360 Slim Console.","https://m.media-amazon.com/images/I/61ttaBGPvoL._AC_UY218_.jpg"
"R1KUGHI7XHOL37","Reviewed in the United States on July 23, 2021",5,"great","worked amazingly well.",true,1,14,"114","B00JPBFC8U","Xbox 360S",false,0,"USD",0,0,0,1989,4.6,"https://www.amazon.com/dp/B00JPBFC8U","9149.40",false,false,false,false,"500GB 500G HDD Internal Hard Drive for Xbox360 E xbox360 Slim Console.","https://m.media-amazon.com/images/I/61ttaBGPvoL._AC_UY218_.jpg"
"R1D4R6G8IK4K3Z","Reviewed in the United States on July 21, 2021",4,"Ok","Was ok, but when I installed it into my Xbox 360, non of my Xbox games would play which was the reason I bought it. My Xbox 360 games would play but not the Xbox games",true,1,14,"114","B00JPBFC8U","Xbox 360S",false,0,"USD",0,0,0,1989,4.6,"https://www.amazon.com/dp/B00JPBFC8U","9149.40",false,false,false,false,"500GB 500G HDD Internal Hard Drive for Xbox360 E xbox360 Slim Console.","https://m.media-amazon.com/images/I/61ttaBGPvoL._AC_UY218_.jpg"
"R3RVQ74RA83JQ9","Reviewed in the United States on June 27, 2021",5,"Must read while review very important","Just plug it in to the side of the Xbox 360 slim. It cant be some hard drive for a laptop an xbox 360 compatible drive it has to be. Now if your xbox disk drive dies you cant replace it with another drive it has to be the one the xbox had in it originally. Microsoft made xbox's insides only compatible with each console they came with in other words if you buy a toyota you cant put parts from a mercedes in the toyota. So if your xbox dies throw in it the trash and get another one.",true,1,14,"114","B00JPBFC8U","Xbox 360S",false,0,"USD",0,0,0,1989,4.6,"https://www.amazon.com/dp/B00JPBFC8U","9149.40",false,false,false,false,"500GB 500G HDD Internal Hard Drive for Xbox360 E xbox360 Slim Console.","https://m.media-amazon.com/images/I/61ttaBGPvoL._AC_UY218_.jpg"
"R1V8W7KU5PJ10P","Reviewed in the United States on May 30, 2021",3,"Works fine…but it’s very slow","The hard drive is very slow.",true,1,14,"114","B00JPBFC8U","Xbox 360S",false,0,"USD",0,0,0,1989,4.6,"https://www.amazon.com/dp/B00JPBFC8U","9149.40",false,false,false,false,"500GB 500G HDD Internal Hard Drive for Xbox360 E xbox360 Slim Console.","https://m.media-amazon.com/images/I/61ttaBGPvoL._AC_UY218_.jpg"
"R31YII5JC7FFEN","Reviewed in the United States on August 20, 2021",1,"Did not work","Did not work",true,1,15,"115","B08V8XPQZ8","Xbox 360S",false,0,"USD",0,0,0,87,4.4,"https://www.amazon.com/dp/B08V8XPQZ8","382.80",false,false,false,false,"Puning Power Supply Replacement for Xbox 360 Slim Power Supply,Upgraded AC Adapter Power Supply[Advanced Quiet Edition] wi...","https://m.media-amazon.com/images/I/61BiRnFWBqL._AC_UY218_.jpg"
"R34JIYSYOZ6D3F","Reviewed in the United States on August 16, 2021",5,"Good, so far","Perfect for my Xbox 360,glad I found it.",true,1,15,"115","B08V8XPQZ8","Xbox 360S",false,0,"USD",0,0,0,87,4.4,"https://www.amazon.com/dp/B08V8XPQZ8","382.80",false,false,false,false,"Puning Power Supply Replacement for Xbox 360 Slim Power Supply,Upgraded AC Adapter Power Supply[Advanced Quiet Edition] wi...","https://m.media-amazon.com/images/I/61BiRnFWBqL._AC_UY218_.jpg"
"R31ZR43H21SBMP","Reviewed in the United States on July 26, 2021",5,"Great product","This power supply was perfect to replace the XBox 360 power cord that was damaged by lightning.",true,1,15,"115","B08V8XPQZ8","Xbox 360S",false,0,"USD",0,0,0,87,4.4,"https://www.amazon.com/dp/B08V8XPQZ8","382.80",false,false,false,false,"Puning Power Supply Replacement for Xbox 360 Slim Power Supply,Upgraded AC Adapter Power Supply[Advanced Quiet Edition] wi...","https://m.media-amazon.com/images/I/61BiRnFWBqL._AC_UY218_.jpg"
"R1GI8S4OFXCT6X","Reviewed in the United States on July 15, 2021",5,"No problems with this product!","I got my package a day early! Also the product was in good condition and works like a charm. The box was a little smashed, but the inside was golden so I'm not complaining. Lol. My experience was fine. If you're thinking about ordering one just dooooooo it 😁",true,1,15,"115","B08V8XPQZ8","Xbox 360S",false,0,"USD",0,0,0,87,4.4,"https://www.amazon.com/dp/B08V8XPQZ8","382.80",false,false,false,false,"Puning Power Supply Replacement for Xbox 360 Slim Power Supply,Upgraded AC Adapter Power Supply[Advanced Quiet Edition] wi...","https://m.media-amazon.com/images/I/61BiRnFWBqL._AC_UY218_.jpg"
"R2P9TOVKSOGKTF","Reviewed in the United States on July 1, 2021",5,"item works great","as describe and working properly",true,1,15,"115","B08V8XPQZ8","Xbox 360S",false,0,"USD",0,0,0,87,4.4,"https://www.amazon.com/dp/B08V8XPQZ8","382.80",false,false,false,false,"Puning Power Supply Replacement for Xbox 360 Slim Power Supply,Upgraded AC Adapter Power Supply[Advanced Quiet Edition] wi...","https://m.media-amazon.com/images/I/61BiRnFWBqL._AC_UY218_.jpg"
"R7NRSCHRUHHLX","Reviewed in the United States on June 5, 2021",1,"Power supply","The power supply doesn’t work the light is suppose to be green when turned on but it’s on standby the whole time the product is defective",true,1,15,"115","B08V8XPQZ8","Xbox 360S",false,0,"USD",0,0,0,87,4.4,"https://www.amazon.com/dp/B08V8XPQZ8","382.80",false,false,false,false,"Puning Power Supply Replacement for Xbox 360 Slim Power Supply,Upgraded AC Adapter Power Supply[Advanced Quiet Edition] wi...","https://m.media-amazon.com/images/I/61BiRnFWBqL._AC_UY218_.jpg"
"R289L62EXH8ZR0","Reviewed in the United States on June 5, 2021",5,"Satisfied","Exactly what I was looking for. Came fast and works great.",true,1,15,"115","B08V8XPQZ8","Xbox 360S",false,0,"USD",0,0,0,87,4.4,"https://www.amazon.com/dp/B08V8XPQZ8","382.80",false,false,false,false,"Puning Power Supply Replacement for Xbox 360 Slim Power Supply,Upgraded AC Adapter Power Supply[Advanced Quiet Edition] wi...","https://m.media-amazon.com/images/I/61BiRnFWBqL._AC_UY218_.jpg"
"R28CQCTA2KC2KW","Reviewed in the United States on May 11, 2021",5,"Just the right one","Good product.",true,1,15,"115","B08V8XPQZ8","Xbox 360S",false,0,"USD",0,0,0,87,4.4,"https://www.amazon.com/dp/B08V8XPQZ8","382.80",false,false,false,false,"Puning Power Supply Replacement for Xbox 360 Slim Power Supply,Upgraded AC Adapter Power Supply[Advanced Quiet Edition] wi...","https://m.media-amazon.com/images/I/61BiRnFWBqL._AC_UY218_.jpg"
"R1NNGE0YWC9UJT","Reviewed in the United States on May 10, 2021",5,"ONLY IN AMAZON ,WHERE YOU CANFIND THE BEST DEALS","MY FRIEND GAVE ME HIS OLD XBOX 360 AND LOST THE POWER CABLES, BUT ONLY AMAZON IS WHERE YOU CAN ANYTHING BIG OR SMALL ,YOU FIND GREAT DEALS",true,1,15,"115","B08V8XPQZ8","Xbox 360S",false,0,"USD",0,0,0,87,4.4,"https://www.amazon.com/dp/B08V8XPQZ8","382.80",false,false,false,false,"Puning Power Supply Replacement for Xbox 360 Slim Power Supply,Upgraded AC Adapter Power Supply[Advanced Quiet Edition] wi...","https://m.media-amazon.com/images/I/61BiRnFWBqL._AC_UY218_.jpg"
"R12XXV2894MSRH","Reviewed in the United States on May 2, 2021",4,"Doesn't let you play previous console games.","Great for memory but doesn't let you play xbox original games like the factory hard drives",true,1,16,"116","B00IEUVTNU","Xbox 360S",false,0,"USD",0,0,0,1100,4.4,"https://www.amazon.com/dp/B00IEUVTNU","4840.00",false,false,false,false,"Hard Disk Drive HDD for Xbox 360 Slim (120G)","https://m.media-amazon.com/images/I/61xZ-9JEngL._AC_UY218_.jpg"
"R3U6IJERXX1KT2","Reviewed in the United States on March 20, 2021",3,"Not 120GB!","It says ""120gb""...it is NOT!After I plugged it in the xbox showed a capacity of 106gb.Very disappointed.",true,1,16,"116","B00IEUVTNU","Xbox 360S",false,0,"USD",0,0,0,1100,4.4,"https://www.amazon.com/dp/B00IEUVTNU","4840.00",false,false,false,false,"Hard Disk Drive HDD for Xbox 360 Slim (120G)","https://m.media-amazon.com/images/I/61xZ-9JEngL._AC_UY218_.jpg"
"R3RC4YRF8BTGWU","Reviewed in the United States on March 20, 2021",5,"Easy to use","It works",true,1,16,"116","B00IEUVTNU","Xbox 360S",false,0,"USD",0,0,0,1100,4.4,"https://www.amazon.com/dp/B00IEUVTNU","4840.00",false,false,false,false,"Hard Disk Drive HDD for Xbox 360 Slim (120G)","https://m.media-amazon.com/images/I/61xZ-9JEngL._AC_UY218_.jpg"
"R1RDKW4BPWWL0F","Reviewed in the United States on March 2, 2021",5,"Good value.","It's easy to install. Good value for money.",true,1,16,"116","B00IEUVTNU","Xbox 360S",false,0,"USD",0,0,0,1100,4.4,"https://www.amazon.com/dp/B00IEUVTNU","4840.00",false,false,false,false,"Hard Disk Drive HDD for Xbox 360 Slim (120G)","https://m.media-amazon.com/images/I/61xZ-9JEngL._AC_UY218_.jpg"
"R30MTJBKO1TZ1X","Reviewed in the United States on February 23, 2021",1,"Doesn’t work.","Didn’t work. Does not read games downloaded or inserted in to game system.",true,1,16,"116","B00IEUVTNU","Xbox 360S",false,0,"USD",0,0,0,1100,4.4,"https://www.amazon.com/dp/B00IEUVTNU","4840.00",false,false,false,false,"Hard Disk Drive HDD for Xbox 360 Slim (120G)","https://m.media-amazon.com/images/I/61xZ-9JEngL._AC_UY218_.jpg"
"R3VD85SZV75XM7","Reviewed in the United States on February 20, 2021",5,"MORE STORAGE!!!","120 GB of more storage for a 360, do you really need more?",true,1,16,"116","B00IEUVTNU","Xbox 360S",false,0,"USD",0,0,0,1100,4.4,"https://www.amazon.com/dp/B00IEUVTNU","4840.00",false,false,false,false,"Hard Disk Drive HDD for Xbox 360 Slim (120G)","https://m.media-amazon.com/images/I/61xZ-9JEngL._AC_UY218_.jpg"
"R2XSUVV6945HXL","Reviewed in the United States on February 8, 2021",5,"Works","Overpriced but fine",true,1,16,"116","B00IEUVTNU","Xbox 360S",false,0,"USD",0,0,0,1100,4.4,"https://www.amazon.com/dp/B00IEUVTNU","4840.00",false,false,false,false,"Hard Disk Drive HDD for Xbox 360 Slim (120G)","https://m.media-amazon.com/images/I/61xZ-9JEngL._AC_UY218_.jpg"
"R1K9M1V3I3KC8U","Reviewed in the United States on January 26, 2021",1,"Isnt recognized by some systems. This is a knock off","Since its not mentioned in the description I just want to point out that this is a knock off and probably wont work for your system. I would hate for more people to end up like me ordering returning and waiting for a hard drive that works.",true,1,16,"116","B00IEUVTNU","Xbox 360S",false,0,"USD",0,0,0,1100,4.4,"https://www.amazon.com/dp/B00IEUVTNU","4840.00",false,false,false,false,"Hard Disk Drive HDD for Xbox 360 Slim (120G)","https://m.media-amazon.com/images/I/61xZ-9JEngL._AC_UY218_.jpg"
"R30CVTFC8AFS5F","Reviewed in the United States on January 25, 2021",5,"Worked great","Worked great.",true,1,16,"116","B00IEUVTNU","Xbox 360S",false,0,"USD",0,0,0,1100,4.4,"https://www.amazon.com/dp/B00IEUVTNU","4840.00",false,false,false,false,"Hard Disk Drive HDD for Xbox 360 Slim (120G)","https://m.media-amazon.com/images/I/61xZ-9JEngL._AC_UY218_.jpg"
"R1XJBWOAJOYKG8","Reviewed in the United States on January 12, 2021",3,"Not 120Gig!!","It's a NOT 120 gig my system says it's 107. Other than that it works 🤷‍♂️",true,1,16,"116","B00IEUVTNU","Xbox 360S",false,0,"USD",0,0,0,1100,4.4,"https://www.amazon.com/dp/B00IEUVTNU","4840.00",false,false,false,false,"Hard Disk Drive HDD for Xbox 360 Slim (120G)","https://m.media-amazon.com/images/I/61xZ-9JEngL._AC_UY218_.jpg"
"RSZMW7IG3LC21","Reviewed in the United States on October 22, 2021",5,"Love it","Great system",true,1,17,"117","B087VM5XC6","Xbox 360S",false,475.34,"USD",0,0,0,4020,4.7,"https://www.amazon.com/dp/B087VM5XC6","18894.00",false,false,true,false,"Xbox Series S - 512GB SSD Console with Wireless Controller - EU Version with US Power Cable","https://m.media-amazon.com/images/I/61-x29sqlpS._AC_UY218_.jpg"
"R1KYCFUSXU4JPH","Reviewed in the United States on October 22, 2021",3,"Not even close to 512 GB more like 364!","",true,1,17,"117","B087VM5XC6","Xbox 360S",false,475.34,"USD",0,0,0,4020,4.7,"https://www.amazon.com/dp/B087VM5XC6","18894.00",false,false,true,false,"Xbox Series S - 512GB SSD Console with Wireless Controller - EU Version with US Power Cable","https://m.media-amazon.com/images/I/61-x29sqlpS._AC_UY218_.jpg"
"R1OX4ID0VYUHZL","Reviewed in the United States on October 22, 2021",5,"It runs great","it runs great",true,1,17,"117","B087VM5XC6","Xbox 360S",false,475.34,"USD",0,0,0,4020,4.7,"https://www.amazon.com/dp/B087VM5XC6","18894.00",false,false,true,false,"Xbox Series S - 512GB SSD Console with Wireless Controller - EU Version with US Power Cable","https://m.media-amazon.com/images/I/61-x29sqlpS._AC_UY218_.jpg"
"RJAHS7YPDKFKG","Reviewed in the United States on October 21, 2021",5,"Great console","The seller was great and the consul is perfect so glad I bought this for my nephew",true,1,17,"117","B087VM5XC6","Xbox 360S",false,475.34,"USD",0,0,0,4020,4.7,"https://www.amazon.com/dp/B087VM5XC6","18894.00",false,false,true,false,"Xbox Series S - 512GB SSD Console with Wireless Controller - EU Version with US Power Cable","https://m.media-amazon.com/images/I/61-x29sqlpS._AC_UY218_.jpg"
"R3VXLCI04D0XRU","Reviewed in the United States on October 20, 2021",3,"OPENED PACKAGE","It was wide open when we received this. But, it seems to be in working order.",true,1,17,"117","B087VM5XC6","Xbox 360S",false,475.34,"USD",0,0,0,4020,4.7,"https://www.amazon.com/dp/B087VM5XC6","18894.00",false,false,true,false,"Xbox Series S - 512GB SSD Console with Wireless Controller - EU Version with US Power Cable","https://m.media-amazon.com/images/I/61-x29sqlpS._AC_UY218_.jpg"
"R2JLMS1C2816G9","Reviewed in the United States on October 19, 2021",5,"Satisfied","Thank you for sending my Xbox earlier.My Fiance loves his birthday gift 😊",true,1,17,"117","B087VM5XC6","Xbox 360S",false,475.34,"USD",0,0,0,4020,4.7,"https://www.amazon.com/dp/B087VM5XC6","18894.00",false,false,true,false,"Xbox Series S - 512GB SSD Console with Wireless Controller - EU Version with US Power Cable","https://m.media-amazon.com/images/I/61-x29sqlpS._AC_UY218_.jpg"
"R7ET8OOBFDRD6","Reviewed in the United States on October 18, 2021",2,"Charger is European!!","Be aware when buying this, the charger is European so it will not work in the U.S unless you have an adaptor or you buy a charger for it. And the box was opened and repackaged. A lot of red flags don’t buy from a re seller just wait for it in the stores!",true,1,17,"117","B087VM5XC6","Xbox 360S",false,475.34,"USD",0,0,0,4020,4.7,"https://www.amazon.com/dp/B087VM5XC6","18894.00",false,false,true,false,"Xbox Series S - 512GB SSD Console with Wireless Controller - EU Version with US Power Cable","https://m.media-amazon.com/images/I/61-x29sqlpS._AC_UY218_.jpg"
"RRFIRZPMYCUSX","Reviewed in the United States on October 16, 2021",4,"Came super quick","Everything in working order thanks alot",true,1,17,"117","B087VM5XC6","Xbox 360S",false,475.34,"USD",0,0,0,4020,4.7,"https://www.amazon.com/dp/B087VM5XC6","18894.00",false,false,true,false,"Xbox Series S - 512GB SSD Console with Wireless Controller - EU Version with US Power Cable","https://m.media-amazon.com/images/I/61-x29sqlpS._AC_UY218_.jpg"
"R787SWESTMUZI","Reviewed in the United States on October 15, 2021",5,"Its what's advertised","Im in the US. Purchased the console and received it a week earlier than expected. It indeed comes with a US plug. That was my biggest worry concerning the console. Works as expected.",true,1,17,"117","B087VM5XC6","Xbox 360S",false,475.34,"USD",0,0,0,4020,4.7,"https://www.amazon.com/dp/B087VM5XC6","18894.00",false,false,true,false,"Xbox Series S - 512GB SSD Console with Wireless Controller - EU Version with US Power Cable","https://m.media-amazon.com/images/I/61-x29sqlpS._AC_UY218_.jpg"
"RHKG9E53BN8B6","Reviewed in the United States on October 9, 2021",5,"Fast shipping and great quality","My Xbox sires s got shipped and delivered in 2 days the box to the Xbox was a bit damaged but my Xbox is fine and runs great",true,1,17,"117","B087VM5XC6","Xbox 360S",false,475.34,"USD",0,0,0,4020,4.7,"https://www.amazon.com/dp/B087VM5XC6","18894.00",false,false,true,false,"Xbox Series S - 512GB SSD Console with Wireless Controller - EU Version with US Power Cable","https://m.media-amazon.com/images/I/61-x29sqlpS._AC_UY218_.jpg"