"review.id","review.review_data","review.rating","review.title","review.review","review.verified_purchase","product.position.page","product.position.position","product.position.global_position","product.asin","product.keyword","product.price.discounted","product.price.current_price","product.price.currency","product.price.before_price","product.price.savings_amount","product.price.savings_percent","product.reviews.total_reviews","product.reviews.rating","product.url","product.score","product.sponsored","product.amazonChoice","product.bestSeller","product.amazonPrime","product.title","product.thumbnail"
"cr-translate--97447265",,,"","",false,1,1,"10","B07PP3B1RS","nintendo switch v2",false,34.5,"USD",0,0,0,224,4.4,"https://www.amazon.com/dp/B07PP3B1RS","985.60",false,false,false,false,"Sniper Elite V2 Remastered (Nintendo Switch)","https://m.media-amazon.com/images/I/81UJAucQjuL._AC_UY218_.jpg"
"R2MHL40UI57EPW","Reviewed in the United States on June 15, 2021",1,"This game is not very good","Horrible",true,1,1,"10","B07PP3B1RS","nintendo switch v2",false,34.5,"USD",0,0,0,224,4.4,"https://www.amazon.com/dp/B07PP3B1RS","985.60",false,false,false,false,"Sniper Elite V2 Remastered (Nintendo Switch)","https://m.media-amazon.com/images/I/81UJAucQjuL._AC_UY218_.jpg"
"RQR9RACWN04D6","Reviewed in the United States on April 24, 2021",5,"Great product","Item as described. Item arrived sealed and on time.",true,1,1,"10","B07PP3B1RS","nintendo switch v2",false,34.5,"USD",0,0,0,224,4.4,"https://www.amazon.com/dp/B07PP3B1RS","985.60",false,false,false,false,"Sniper Elite V2 Remastered (Nintendo Switch)","https://m.media-amazon.com/images/I/81UJAucQjuL._AC_UY218_.jpg"
"R2ZO2FT4ER8WOB","Reviewed in the United States on January 4, 2021",1,"Que no funcionó was not work","The game was not working el juego no funcionó.",true,1,1,"10","B07PP3B1RS","nintendo switch v2",false,34.5,"USD",0,0,0,224,4.4,"https://www.amazon.com/dp/B07PP3B1RS","985.60",false,false,false,false,"Sniper Elite V2 Remastered (Nintendo Switch)","https://m.media-amazon.com/images/I/81UJAucQjuL._AC_UY218_.jpg"
"R1KYFLLLQRL9BJ","Reviewed in the United Kingdom on October 22, 2021",,"Great game","Very good",true,1,1,"10","B07PP3B1RS","nintendo switch v2",false,34.5,"USD",0,0,0,224,4.4,"https://www.amazon.com/dp/B07PP3B1RS","985.60",false,false,false,false,"Sniper Elite V2 Remastered (Nintendo Switch)","https://m.media-amazon.com/images/I/81UJAucQjuL._AC_UY218_.jpg"
"R1ZSIUN5EEYRK2","Reviewed in Canada on October 2, 2021",,"Super","Super hâte de jouer",true,1,1,"10","B07PP3B1RS","nintendo switch v2",false,34.5,"USD",0,0,0,224,4.4,"https://www.amazon.com/dp/B07PP3B1RS","985.60",false,false,false,false,"Sniper Elite V2 Remastered (Nintendo Switch)","https://m.media-amazon.com/images/I/81UJAucQjuL._AC_UY218_.jpg"
"RG4SH4MLZKGSA","Reviewed in France on July 18, 2021",,"Jeu sympa","Notre filleul a aimé pour son noel",true,1,1,"10","B07PP3B1RS","nintendo switch v2",false,34.5,"USD",0,0,0,224,4.4,"https://www.amazon.com/dp/B07PP3B1RS","985.60",false,false,false,false,"Sniper Elite V2 Remastered (Nintendo Switch)","https://m.media-amazon.com/images/I/81UJAucQjuL._AC_UY218_.jpg"
"R2WEKEI2I0FMQJ","Reviewed in the United Kingdom on July 7, 2021",,"To Be a Sniper or Not to Be a Sniper that's not a question","I actually Played Sniper Elite V1 on Wii and found the controls a bit hard V2 has no such problems. Amazing idea for a game (Sneaking around and head shots) this is what I played after those PC Delta Force games were done. I'm not into COD or Halo Multiplayer FPS type things I played the for the single player campaign and the kill shots. I love this game and it's 2 so far sequels will play SEV5 on the switch if such a thing comes about.",true,1,1,"10","B07PP3B1RS","nintendo switch v2",false,34.5,"USD",0,0,0,224,4.4,"https://www.amazon.com/dp/B07PP3B1RS","985.60",false,false,false,false,"Sniper Elite V2 Remastered (Nintendo Switch)","https://m.media-amazon.com/images/I/81UJAucQjuL._AC_UY218_.jpg"
"R1EDQZCQ28574Z","Reviewed in Italy on June 20, 2021",,"Bel gioco","Se si è appassionati di videogame di cecchini sicuramente è da acquistare (insieme agli altri della serie), su Nintendo Switch Lite non è alla pari delle console casalinghe, ma sicuramente rende bene graficamente e la giocabilità è la stessa, il bello però è di poterci giocare dovunque. Copertina in inglese, ma videogame completamente in italiano.",true,1,1,"10","B07PP3B1RS","nintendo switch v2",false,34.5,"USD",0,0,0,224,4.4,"https://www.amazon.com/dp/B07PP3B1RS","985.60",false,false,false,false,"Sniper Elite V2 Remastered (Nintendo Switch)","https://m.media-amazon.com/images/I/81UJAucQjuL._AC_UY218_.jpg"
"R2QHG1K5OHKZPR","Reviewed in Germany on February 27, 2021",,"Macht Spaß","Macht Spaß!",true,1,1,"10","B07PP3B1RS","nintendo switch v2",false,34.5,"USD",0,0,0,224,4.4,"https://www.amazon.com/dp/B07PP3B1RS","985.60",false,false,false,false,"Sniper Elite V2 Remastered (Nintendo Switch)","https://m.media-amazon.com/images/I/81UJAucQjuL._AC_UY218_.jpg"
"R3R9OB1F1HR5RK","Reviewed in the United Kingdom on January 8, 2021",,"Good game","Good game, great graphics. Arrived fast.",true,1,1,"10","B07PP3B1RS","nintendo switch v2",false,34.5,"USD",0,0,0,224,4.4,"https://www.amazon.com/dp/B07PP3B1RS","985.60",false,false,false,false,"Sniper Elite V2 Remastered (Nintendo Switch)","https://m.media-amazon.com/images/I/81UJAucQjuL._AC_UY218_.jpg"
"cr-translate--1253620835",,,"","",false,1,2,"11","B07VJRZ62R","nintendo switch v2",false,0,"USD",0,0,0,95561,4.9,"https://www.amazon.com/dp/B07VJRZ62R","468248.90",false,false,false,false,"Nintendo Switch with Gray Joy‑Con - HAC-001(-01)","https://m.media-amazon.com/images/I/61i421VnFYL._AC_UY218_.jpg"
"REDUJX6J6BGNT","Reviewed in the United States on October 22, 2021",1,"Not mine","Wrong person",true,1,2,"11","B07VJRZ62R","nintendo switch v2",false,0,"USD",0,0,0,95561,4.9,"https://www.amazon.com/dp/B07VJRZ62R","468248.90",false,false,false,false,"Nintendo Switch with Gray Joy‑Con - HAC-001(-01)","https://m.media-amazon.com/images/I/61i421VnFYL._AC_UY218_.jpg"
"RTXJ87AC8ZQ0V","Reviewed in the United States on October 21, 2021",5,"Excelente regalo","Nos encantó a mi familia y a mi, muy divertidos los juegos. La idea de que puedes jugar frente al televisor y llevar la consola portátil contigo me encantó.",true,1,2,"11","B07VJRZ62R","nintendo switch v2",false,0,"USD",0,0,0,95561,4.9,"https://www.amazon.com/dp/B07VJRZ62R","468248.90",false,false,false,false,"Nintendo Switch with Gray Joy‑Con - HAC-001(-01)","https://m.media-amazon.com/images/I/61i421VnFYL._AC_UY218_.jpg"
"R2HDOEB71WN54N","Reviewed in the United States on October 21, 2021",5,"Highly recommend for the great product. Lots of fun at home and on the road.","Great product my wife and daughter love it and they play together.",true,1,2,"11","B07VJRZ62R","nintendo switch v2",false,0,"USD",0,0,0,95561,4.9,"https://www.amazon.com/dp/B07VJRZ62R","468248.90",false,false,false,false,"Nintendo Switch with Gray Joy‑Con - HAC-001(-01)","https://m.media-amazon.com/images/I/61i421VnFYL._AC_UY218_.jpg"
"R3LD758ONO8L87","Reviewed in the United States on October 21, 2021",3,"Good quality but not a good platform for all games","Do not buy it unless you are in love with Nintendo. The product is well built, but the conasole is limited to certain game companies. You do not have access to all EA games. In this case PlayStation and Xbox are better consoles.",true,1,2,"11","B07VJRZ62R","nintendo switch v2",false,0,"USD",0,0,0,95561,4.9,"https://www.amazon.com/dp/B07VJRZ62R","468248.90",false,false,false,false,"Nintendo Switch with Gray Joy‑Con - HAC-001(-01)","https://m.media-amazon.com/images/I/61i421VnFYL._AC_UY218_.jpg"
"RLX0BJLNW2J7C","Reviewed in the United States on October 21, 2021",2,"Used, not original Nintendo parts","The dock is not Nintendo. It’s Vogek. Not original parts.",true,1,2,"11","B07VJRZ62R","nintendo switch v2",false,0,"USD",0,0,0,95561,4.9,"https://www.amazon.com/dp/B07VJRZ62R","468248.90",false,false,false,false,"Nintendo Switch with Gray Joy‑Con - HAC-001(-01)","https://m.media-amazon.com/images/I/61i421VnFYL._AC_UY218_.jpg"
"R2551HFR1SQ9UR","Reviewed in the United States on October 21, 2021",5,"Yessss I finally got one","I wish I would have gotten one sooner but the pandemic prevented that. I love this thing so much and even more that I can easily take it on vacation with me.",true,1,2,"11","B07VJRZ62R","nintendo switch v2",false,0,"USD",0,0,0,95561,4.9,"https://www.amazon.com/dp/B07VJRZ62R","468248.90",false,false,false,false,"Nintendo Switch with Gray Joy‑Con - HAC-001(-01)","https://m.media-amazon.com/images/I/61i421VnFYL._AC_UY218_.jpg"
"R1NANTSEKG9RXO","Reviewed in the United States on October 21, 2021",1,"Buttons on the controllers kept on malfunctioning.","The buttons on the controllers kept on malfunctioning. Made out of cheap material. I am very unsatisfied with this purchase.",true,1,2,"11","B07VJRZ62R","nintendo switch v2",false,0,"USD",0,0,0,95561,4.9,"https://www.amazon.com/dp/B07VJRZ62R","468248.90",false,false,false,false,"Nintendo Switch with Gray Joy‑Con - HAC-001(-01)","https://m.media-amazon.com/images/I/61i421VnFYL._AC_UY218_.jpg"
"R2OW24SI6KXD3Y","Reviewed in the United States on October 20, 2021",5,"Love it.","Exactly as described and came quick.",true,1,2,"11","B07VJRZ62R","nintendo switch v2",false,0,"USD",0,0,0,95561,4.9,"https://www.amazon.com/dp/B07VJRZ62R","468248.90",false,false,false,false,"Nintendo Switch with Gray Joy‑Con - HAC-001(-01)","https://m.media-amazon.com/images/I/61i421VnFYL._AC_UY218_.jpg"
"R1XOCLOE6HIL8K","Reviewed in the United States on October 20, 2021",5,"BRAND NEW","I was afraid it would come damaged but it’s a brand new system! I love it, even though it cost more than what Nintendo is selling it for, this limited edition switch is hard to find and the price is very much so worth it!",true,1,2,"11","B07VJRZ62R","nintendo switch v2",false,0,"USD",0,0,0,95561,4.9,"https://www.amazon.com/dp/B07VJRZ62R","468248.90",false,false,false,false,"Nintendo Switch with Gray Joy‑Con - HAC-001(-01)","https://m.media-amazon.com/images/I/61i421VnFYL._AC_UY218_.jpg"
"R22UCFSU4PNY9E","Reviewed in the United States on October 20, 2021",5,"Nice","Works perfect, came in quick.",true,1,2,"11","B07VJRZ62R","nintendo switch v2",false,0,"USD",0,0,0,95561,4.9,"https://www.amazon.com/dp/B07VJRZ62R","468248.90",false,false,false,false,"Nintendo Switch with Gray Joy‑Con - HAC-001(-01)","https://m.media-amazon.com/images/I/61i421VnFYL._AC_UY218_.jpg"
"R1PY9A6XB55XWE","Reviewed in the United States on October 22, 2021",2,"It's a UK version","It comes with a UK adapter maybe actually advertise that next time? The console isn't region locked but people shouldn't have to go digging to find out if their product is going to have the correct plug.",true,1,3,"12","B07W4CK8KR","nintendo switch v2",false,317.21,"USD",0,0,0,13564,4.8,"https://www.amazon.com/dp/B07W4CK8KR","65107.20",false,false,false,false,"Nintendo Switch (Neon Red/Neon blue)","https://m.media-amazon.com/images/I/71dDcOto3KL._AC_UY218_.jpg"
"R3HS7ALVMFXG2X","Reviewed in the United States on October 21, 2021",3,"THIS HAS A EUROPEAN PLUG NOT A US ONE.","not sure if description from clear but this is the European Outlet Version",true,1,3,"12","B07W4CK8KR","nintendo switch v2",false,317.21,"USD",0,0,0,13564,4.8,"https://www.amazon.com/dp/B07W4CK8KR","65107.20",false,false,false,false,"Nintendo Switch (Neon Red/Neon blue)","https://m.media-amazon.com/images/I/71dDcOto3KL._AC_UY218_.jpg"
"R1HRSLI7IMSWPM","Reviewed in the United States on October 21, 2021",5,"PRODUCT SPEAKS FOR ITSELF !LOVE IT","iLOVE EVERYTHING ABOUT THIS PRODUCT",true,1,3,"12","B07W4CK8KR","nintendo switch v2",false,317.21,"USD",0,0,0,13564,4.8,"https://www.amazon.com/dp/B07W4CK8KR","65107.20",false,false,false,false,"Nintendo Switch (Neon Red/Neon blue)","https://m.media-amazon.com/images/I/71dDcOto3KL._AC_UY218_.jpg"
"R3HMGFLLS0IRAW","Reviewed in the United States on October 13, 2021",5,"great price!","I really cannot give an actual review of this since it is a Christmas present and hasn't been removed yet from the box.But I bought it at a really good price and it was delivered as scheduled.",true,1,3,"12","B07W4CK8KR","nintendo switch v2",false,317.21,"USD",0,0,0,13564,4.8,"https://www.amazon.com/dp/B07W4CK8KR","65107.20",false,false,false,false,"Nintendo Switch (Neon Red/Neon blue)","https://m.media-amazon.com/images/I/71dDcOto3KL._AC_UY218_.jpg"
"R13IEGSZW3IIX0","Reviewed in the United States on September 20, 2021",5,"All in good fun","Great product, loved by children and adults alike, excellent quality with a choice lineup of games that is sure to keep you playing",true,1,3,"12","B07W4CK8KR","nintendo switch v2",false,317.21,"USD",0,0,0,13564,4.8,"https://www.amazon.com/dp/B07W4CK8KR","65107.20",false,false,false,false,"Nintendo Switch (Neon Red/Neon blue)","https://m.media-amazon.com/images/I/71dDcOto3KL._AC_UY218_.jpg"
"R3EYB4DB4P8P6T","Reviewed in the United States on September 16, 2021",5,"Good","Good",true,1,3,"12","B07W4CK8KR","nintendo switch v2",false,317.21,"USD",0,0,0,13564,4.8,"https://www.amazon.com/dp/B07W4CK8KR","65107.20",false,false,false,false,"Nintendo Switch (Neon Red/Neon blue)","https://m.media-amazon.com/images/I/71dDcOto3KL._AC_UY218_.jpg"
"R24LG0L3UJQTFQ","Reviewed in the United States on September 7, 2021",1,"Screen stopped working after 3 months!!","Screen topped working after 3 months!",true,1,3,"12","B07W4CK8KR","nintendo switch v2",false,317.21,"USD",0,0,0,13564,4.8,"https://www.amazon.com/dp/B07W4CK8KR","65107.20",false,false,false,false,"Nintendo Switch (Neon Red/Neon blue)","https://m.media-amazon.com/images/I/71dDcOto3KL._AC_UY218_.jpg"
"R276WFVWT1SGF0","Reviewed in the United States on September 5, 2021",3,"Already broken","I bought this switch for my son’s birthday and already broken in less than a month",true,1,3,"12","B07W4CK8KR","nintendo switch v2",false,317.21,"USD",0,0,0,13564,4.8,"https://www.amazon.com/dp/B07W4CK8KR","65107.20",false,false,false,false,"Nintendo Switch (Neon Red/Neon blue)","https://m.media-amazon.com/images/I/71dDcOto3KL._AC_UY218_.jpg"
"RTR3X8CAQQ2Z8","Reviewed in the United States on July 27, 2021",3,"Works good but a little worn","Took a week even tho I'm a prime member and was a little more worn than said. But it works great and I was pleased over all just a longer wait than expected and box said it came with a game but it did not I didn't expect one but I also expected the right box",true,1,3,"12","B07W4CK8KR","nintendo switch v2",false,317.21,"USD",0,0,0,13564,4.8,"https://www.amazon.com/dp/B07W4CK8KR","65107.20",false,false,false,false,"Nintendo Switch (Neon Red/Neon blue)","https://m.media-amazon.com/images/I/71dDcOto3KL._AC_UY218_.jpg"
"RJE1EUH4XL8I8","Reviewed in the United States on July 25, 2021",5,"Definitely recommend","Arrived on time, in perfect condition, as advertised in the overview. Kids, and even myself and the wife, love playing the switch in the evening to unwind a bit. Would recommend to anyone interested.",true,1,3,"12","B07W4CK8KR","nintendo switch v2",false,317.21,"USD",0,0,0,13564,4.8,"https://www.amazon.com/dp/B07W4CK8KR","65107.20",false,false,false,false,"Nintendo Switch (Neon Red/Neon blue)","https://m.media-amazon.com/images/I/71dDcOto3KL._AC_UY218_.jpg"
"cr-translate-1564989698",,,"","",false,1,4,"13","B084DDDNRP","nintendo switch v2",false,0,"USD",0,0,0,95561,4.9,"https://www.amazon.com/dp/B084DDDNRP","468248.90",false,false,true,false,"Nintendo Switch - Animal Crossing: New Horizons Edition - Switch","https://m.media-amazon.com/images/I/81Sxdp0JBLL._AC_UY218_.jpg"
"REDUJX6J6BGNT","Reviewed in the United States on October 22, 2021",1,"Not mine","Wrong person",true,1,4,"13","B084DDDNRP","nintendo switch v2",false,0,"USD",0,0,0,95561,4.9,"https://www.amazon.com/dp/B084DDDNRP","468248.90",false,false,true,false,"Nintendo Switch - Animal Crossing: New Horizons Edition - Switch","https://m.media-amazon.com/images/I/81Sxdp0JBLL._AC_UY218_.jpg"
"RTXJ87AC8ZQ0V","Reviewed in the United States on October 21, 2021",5,"Excelente regalo","Nos encantó a mi familia y a mi, muy divertidos los juegos. La idea de que puedes jugar frente al televisor y llevar la consola portátil contigo me encantó.",true,1,4,"13","B084DDDNRP","nintendo switch v2",false,0,"USD",0,0,0,95561,4.9,"https://www.amazon.com/dp/B084DDDNRP","468248.90",false,false,true,false,"Nintendo Switch - Animal Crossing: New Horizons Edition - Switch","https://m.media-amazon.com/images/I/81Sxdp0JBLL._AC_UY218_.jpg"
"R2HDOEB71WN54N","Reviewed in the United States on October 21, 2021",5,"Highly recommend for the great product. Lots of fun at home and on the road.","Great product my wife and daughter love it and they play together.",true,1,4,"13","B084DDDNRP","nintendo switch v2",false,0,"USD",0,0,0,95561,4.9,"https://www.amazon.com/dp/B084DDDNRP","468248.90",false,false,true,false,"Nintendo Switch - Animal Crossing: New Horizons Edition - Switch","https://m.media-amazon.com/images/I/81Sxdp0JBLL._AC_UY218_.jpg"
"R3LD758ONO8L87","Reviewed in the United States on October 21, 2021",3,"Good quality but not a good platform for all games","Do not buy it unless you are in love with Nintendo. The product is well built, but the conasole is limited to certain game companies. You do not have access to all EA games. In this case PlayStation and Xbox are better consoles.",true,1,4,"13","B084DDDNRP","nintendo switch v2",false,0,"USD",0,0,0,95561,4.9,"https://www.amazon.com/dp/B084DDDNRP","468248.90",false,false,true,false,"Nintendo Switch - Animal Crossing: New Horizons Edition - Switch","https://m.media-amazon.com/images/I/81Sxdp0JBLL._AC_UY218_.jpg"
"RLX0BJLNW2J7C","Reviewed in the United States on October 21, 2021",2,"Used, not original Nintendo parts","The dock is not Nintendo. It’s Vogek. Not original parts.",true,1,4,"13","B084DDDNRP","nintendo switch v2",false,0,"USD",0,0,0,95561,4.9,"https://www.amazon.com/dp/B084DDDNRP","468248.90",false,false,true,false,"Nintendo Switch - Animal Crossing: New Horizons Edition - Switch","https://m.media-amazon.com/images/I/81Sxdp0JBLL._AC_UY218_.jpg"
"R2551HFR1SQ9UR","Reviewed in the United States on October 21, 2021",5,"Yessss I finally got one","I wish I would have gotten one sooner but the pandemic prevented that. I love this thing so much and even more that I can easily take it on vacation with me.",true,1,4,"13","B084DDDNRP","nintendo switch v2",false,0,"USD",0,0,0,95561,4.9,"https://www.amazon.com/dp/B084DDDNRP","468248.90",false,false,true,false,"Nintendo Switch - Animal Crossing: New Horizons Edition - Switch","https://m.media-amazon.com/images/I/81Sxdp0JBLL._AC_UY218_.jpg"
"R1NANTSEKG9RXO","Reviewed in the United States on October 21, 2021",1,"Buttons on the controllers kept on malfunctioning.","The buttons on the controllers kept on malfunctioning. Made out of cheap material. I am very unsatisfied with this purchase.",true,1,4,"13","B084DDDNRP","nintendo switch v2",false,0,"USD",0,0,0,95561,4.9,"https://www.amazon.com/dp/B084DDDNRP","468248.90",false,false,true,false,"Nintendo Switch - Animal Crossing: New Horizons Edition - Switch","https://m.media-amazon.com/images/I/81Sxdp0JBLL._AC_UY218_.jpg"
"R2OW24SI6KXD3Y","Reviewed in the United States on October 20, 2021",5,"Love it.","Exactly as described and came quick.",true,1,4,"13","B084DDDNRP","nintendo switch v2",false,0,"USD",0,0,0,95561,4.9,"https://www.amazon.com/dp/B084DDDNRP","468248.90",false,false,true,false,"Nintendo Switch - Animal Crossing: New Horizons Edition - Switch","https://m.media-amazon.com/images/I/81Sxdp0JBLL._AC_UY218_.jpg"
"R1XOCLOE6HIL8K","Reviewed in the United States on October 20, 2021",5,"BRAND NEW","I was afraid it would come damaged but it’s a brand new system! I love it, even though it cost more than what Nintendo is selling it for, this limited edition switch is hard to find and the price is very much so worth it!",true,1,4,"13","B084DDDNRP","nintendo switch v2",false,0,"USD",0,0,0,95561,4.9,"https://www.amazon.com/dp/B084DDDNRP","468248.90",false,false,true,false,"Nintendo Switch - Animal Crossing: New Horizons Edition - Switch","https://m.media-amazon.com/images/I/81Sxdp0JBLL._AC_UY218_.jpg"
"R22UCFSU4PNY9E","Reviewed in the United States on October 20, 2021",5,"Nice","Works perfect, came in quick.",true,1,4,"13","B084DDDNRP","nintendo switch v2",false,0,"USD",0,0,0,95561,4.9,"https://www.amazon.com/dp/B084DDDNRP","468248.90",false,false,true,false,"Nintendo Switch - Animal Crossing: New Horizons Edition - Switch","https://m.media-amazon.com/images/I/81Sxdp0JBLL._AC_UY218_.jpg"
"cr-translate-690920313",,,"","",false,1,5,"14","B071LCFLH6","nintendo switch v2",false,0,"USD",0,0,0,494,4.7,"https://www.amazon.com/dp/B071LCFLH6","2321.80",false,false,false,false,"Nintendo Switch Neon Blue and Neon Red Joy-Con","https://m.media-amazon.com/images/I/61rlb-5vPJL._AC_UY218_.jpg"
"RMOVMC73JFTH","Reviewed in the United States on October 22, 2021",5,"Muy buena inversión","me parece una muy buena inversión",true,1,5,"14","B071LCFLH6","nintendo switch v2",false,0,"USD",0,0,0,494,4.7,"https://www.amazon.com/dp/B071LCFLH6","2321.80",false,false,false,false,"Nintendo Switch Neon Blue and Neon Red Joy-Con","https://m.media-amazon.com/images/I/61rlb-5vPJL._AC_UY218_.jpg"
"R1VIC2MOSVCPJT","Reviewed in the United States on September 28, 2021",5,"Él regalo fue para mi nieto.","Me agrado. Gracias",true,1,5,"14","B071LCFLH6","nintendo switch v2",false,0,"USD",0,0,0,494,4.7,"https://www.amazon.com/dp/B071LCFLH6","2321.80",false,false,false,false,"Nintendo Switch Neon Blue and Neon Red Joy-Con","https://m.media-amazon.com/images/I/61rlb-5vPJL._AC_UY218_.jpg"
"RXGO7QRZXELT3","Reviewed in the United States on June 16, 2021",5,"Great!","Great!",true,1,5,"14","B071LCFLH6","nintendo switch v2",false,0,"USD",0,0,0,494,4.7,"https://www.amazon.com/dp/B071LCFLH6","2321.80",false,false,false,false,"Nintendo Switch Neon Blue and Neon Red Joy-Con","https://m.media-amazon.com/images/I/61rlb-5vPJL._AC_UY218_.jpg"
"R3JVJAK3QA7FE","Reviewed in the United States on June 7, 2021",1,"They need to fix the problem.","Doesn't stay connected to the wifi.",true,1,5,"14","B071LCFLH6","nintendo switch v2",false,0,"USD",0,0,0,494,4.7,"https://www.amazon.com/dp/B071LCFLH6","2321.80",false,false,false,false,"Nintendo Switch Neon Blue and Neon Red Joy-Con","https://m.media-amazon.com/images/I/61rlb-5vPJL._AC_UY218_.jpg"
"R22IKVOFXKUELQ","Reviewed in the United States on June 4, 2021",5,"Perfect gifts","When you have a 6 and 8 year old who are like twins and want the same of everything you make sure to buy doubles of everything.This was one of those purchases.",true,1,5,"14","B071LCFLH6","nintendo switch v2",false,0,"USD",0,0,0,494,4.7,"https://www.amazon.com/dp/B071LCFLH6","2321.80",false,false,false,false,"Nintendo Switch Neon Blue and Neon Red Joy-Con","https://m.media-amazon.com/images/I/61rlb-5vPJL._AC_UY218_.jpg"
"R3PCQQ7MJUCWU9","Reviewed in the United States on May 15, 2021",5,"Awesome worth the money !","Worth the buy everything came packaged and I works very well when I first got it I played fornite all day !",true,1,5,"14","B071LCFLH6","nintendo switch v2",false,0,"USD",0,0,0,494,4.7,"https://www.amazon.com/dp/B071LCFLH6","2321.80",false,false,false,false,"Nintendo Switch Neon Blue and Neon Red Joy-Con","https://m.media-amazon.com/images/I/61rlb-5vPJL._AC_UY218_.jpg"
"R13L3RGFYF98JY","Reviewed in the United States on May 9, 2021",4,"Good","Good",true,1,5,"14","B071LCFLH6","nintendo switch v2",false,0,"USD",0,0,0,494,4.7,"https://www.amazon.com/dp/B071LCFLH6","2321.80",false,false,false,false,"Nintendo Switch Neon Blue and Neon Red Joy-Con","https://m.media-amazon.com/images/I/61rlb-5vPJL._AC_UY218_.jpg"
"RWO6P88DDF607","Reviewed in the United States on May 7, 2021",5,"The Nintendo Switch is amazing","Just got one for my birthday and I love it. Worth the money. I never had so much fun on the go and my family and friends can join on the to.",true,1,5,"14","B071LCFLH6","nintendo switch v2",false,0,"USD",0,0,0,494,4.7,"https://www.amazon.com/dp/B071LCFLH6","2321.80",false,false,false,false,"Nintendo Switch Neon Blue and Neon Red Joy-Con","https://m.media-amazon.com/images/I/61rlb-5vPJL._AC_UY218_.jpg"
"R16FL4C9LMWESL","Reviewed in the United States on April 18, 2021",5,"excelente","Excelente",true,1,5,"14","B071LCFLH6","nintendo switch v2",false,0,"USD",0,0,0,494,4.7,"https://www.amazon.com/dp/B071LCFLH6","2321.80",false,false,false,false,"Nintendo Switch Neon Blue and Neon Red Joy-Con","https://m.media-amazon.com/images/I/61rlb-5vPJL._AC_UY218_.jpg"
"R2GW21LUP1UNK8","Reviewed in the United States on February 10, 2021",5,"Product received in time, as described","The console was shipped quickly and arrived in Nairobi, Kenya with in a week.It is working fine. Much appreciated.",true,1,5,"14","B071LCFLH6","nintendo switch v2",false,0,"USD",0,0,0,494,4.7,"https://www.amazon.com/dp/B071LCFLH6","2321.80",false,false,false,false,"Nintendo Switch Neon Blue and Neon Red Joy-Con","https://m.media-amazon.com/images/I/61rlb-5vPJL._AC_UY218_.jpg"
"R1IX7QH0ANZBE4","Reviewed in the United States on August 22, 2021",5,"Nintendo","Great stuff",true,1,6,"15","B07YFKM7N6","nintendo switch v2",false,432.49,"USD",0,0,0,572,4.7,"https://www.amazon.com/dp/B07YFKM7N6","2688.40",false,true,false,false,"Nintendo 32GB Switch with Gray Joy-Con Controllers - with SanDisk 128GB UHS-I microSDXC Memory Card for The Switch","https://m.media-amazon.com/images/I/412KY6IRgcL._AC_UY218_.jpg"
"R2SUA74YBYO6DP","Reviewed in the United States on June 6, 2021",5,"1000%","1000%",true,1,6,"15","B07YFKM7N6","nintendo switch v2",false,432.49,"USD",0,0,0,572,4.7,"https://www.amazon.com/dp/B07YFKM7N6","2688.40",false,true,false,false,"Nintendo 32GB Switch with Gray Joy-Con Controllers - with SanDisk 128GB UHS-I microSDXC Memory Card for The Switch","https://m.media-amazon.com/images/I/412KY6IRgcL._AC_UY218_.jpg"
"R24MBI615XSDX7","Reviewed in the United States on April 30, 2021",5,"What I saw is what I got. Works great","It was a good pack price. It was exactly what I wanted. It runs fine. Startup is really easy.",true,1,6,"15","B07YFKM7N6","nintendo switch v2",false,432.49,"USD",0,0,0,572,4.7,"https://www.amazon.com/dp/B07YFKM7N6","2688.40",false,true,false,false,"Nintendo 32GB Switch with Gray Joy-Con Controllers - with SanDisk 128GB UHS-I microSDXC Memory Card for The Switch","https://m.media-amazon.com/images/I/412KY6IRgcL._AC_UY218_.jpg"
"REW671P7XRETI","Reviewed in the United States on January 22, 2021",5,"awesome","I love it",true,1,6,"15","B07YFKM7N6","nintendo switch v2",false,432.49,"USD",0,0,0,572,4.7,"https://www.amazon.com/dp/B07YFKM7N6","2688.40",false,true,false,false,"Nintendo 32GB Switch with Gray Joy-Con Controllers - with SanDisk 128GB UHS-I microSDXC Memory Card for The Switch","https://m.media-amazon.com/images/I/412KY6IRgcL._AC_UY218_.jpg"
"R3QY3T2UYCH84B","Reviewed in the United States on November 23, 2020",4,"customer support was good.","When I bought this console I saw that it came with a memory card. But when it arrived it had no memory card. When I contacted the seller they refunded me the amount that the memory card was worth and the customer service representative was nice.",true,1,6,"15","B07YFKM7N6","nintendo switch v2",false,432.49,"USD",0,0,0,572,4.7,"https://www.amazon.com/dp/B07YFKM7N6","2688.40",false,true,false,false,"Nintendo 32GB Switch with Gray Joy-Con Controllers - with SanDisk 128GB UHS-I microSDXC Memory Card for The Switch","https://m.media-amazon.com/images/I/412KY6IRgcL._AC_UY218_.jpg"
"R19AL8F0ZW34AQ","Reviewed in the United States on November 18, 2020",5,"handy","quality sounds and easy to operate",true,1,6,"15","B07YFKM7N6","nintendo switch v2",false,432.49,"USD",0,0,0,572,4.7,"https://www.amazon.com/dp/B07YFKM7N6","2688.40",false,true,false,false,"Nintendo 32GB Switch with Gray Joy-Con Controllers - with SanDisk 128GB UHS-I microSDXC Memory Card for The Switch","https://m.media-amazon.com/images/I/412KY6IRgcL._AC_UY218_.jpg"
"RKM0S1FHPUF5M","Reviewed in the United States on September 23, 2020",5,"Great system to have for kids","Got my stuff almost at 10:00pm didnt bother me, everything was all there, and the kids cant get enough of it",true,1,6,"15","B07YFKM7N6","nintendo switch v2",false,432.49,"USD",0,0,0,572,4.7,"https://www.amazon.com/dp/B07YFKM7N6","2688.40",false,true,false,false,"Nintendo 32GB Switch with Gray Joy-Con Controllers - with SanDisk 128GB UHS-I microSDXC Memory Card for The Switch","https://m.media-amazon.com/images/I/412KY6IRgcL._AC_UY218_.jpg"
"R2S45NJ8E981X7","Reviewed in the United States on September 22, 2020",3,"Amazing Condition, No Memory Card","Switch came in amazing condition, not a single scratch on the screen or device. Box was perfect as well. I am only rating 3 stars because I did not receive the memory card with the Switch. Can anything be done about this?",true,1,6,"15","B07YFKM7N6","nintendo switch v2",false,432.49,"USD",0,0,0,572,4.7,"https://www.amazon.com/dp/B07YFKM7N6","2688.40",false,true,false,false,"Nintendo 32GB Switch with Gray Joy-Con Controllers - with SanDisk 128GB UHS-I microSDXC Memory Card for The Switch","https://m.media-amazon.com/images/I/412KY6IRgcL._AC_UY218_.jpg"
"RYZF9BZ39A5QE","Reviewed in the United States on September 22, 2020",4,"Fast","Came in two days but did not come with sd card",true,1,6,"15","B07YFKM7N6","nintendo switch v2",false,432.49,"USD",0,0,0,572,4.7,"https://www.amazon.com/dp/B07YFKM7N6","2688.40",false,true,false,false,"Nintendo 32GB Switch with Gray Joy-Con Controllers - with SanDisk 128GB UHS-I microSDXC Memory Card for The Switch","https://m.media-amazon.com/images/I/412KY6IRgcL._AC_UY218_.jpg"
"R2YCEWXMPWE49Q","Reviewed in the United States on September 15, 2020",5,"Love Nintendo? Get a Nintendo Switch 😁","Awesome & well worth 👍",true,1,6,"15","B07YFKM7N6","nintendo switch v2",false,432.49,"USD",0,0,0,572,4.7,"https://www.amazon.com/dp/B07YFKM7N6","2688.40",false,true,false,false,"Nintendo 32GB Switch with Gray Joy-Con Controllers - with SanDisk 128GB UHS-I microSDXC Memory Card for The Switch","https://m.media-amazon.com/images/I/412KY6IRgcL._AC_UY218_.jpg"
"cr-translate--1829416213",,,"","",false,1,7,"16","B07RGFF98S","nintendo switch v2",false,438.99,"USD",0,0,0,7142,4.8,"https://www.amazon.com/dp/B07RGFF98S","34281.60",false,false,false,false,"Nintendo Switch 32GB Console Video Games w/ 32GB Memory Card | Neon Red/Neon Blue Joy-Con | 1080p Resolution | 802.11ac Wi...","https://m.media-amazon.com/images/I/61445UADu9L._AC_UY218_.jpg"
"R31EN26JXJLACJ","Reviewed in the United States on October 20, 2021",5,"It's a good system","My wife was thrilled I bought this for her and she loves playing many different games on it.",true,1,7,"16","B07RGFF98S","nintendo switch v2",false,438.99,"USD",0,0,0,7142,4.8,"https://www.amazon.com/dp/B07RGFF98S","34281.60",false,false,false,false,"Nintendo Switch 32GB Console Video Games w/ 32GB Memory Card | Neon Red/Neon Blue Joy-Con | 1080p Resolution | 802.11ac Wi...","https://m.media-amazon.com/images/I/61445UADu9L._AC_UY218_.jpg"
"RF9CUJTPUB3H1","Reviewed in the United States on October 15, 2021",5,"bien","bien",true,1,7,"16","B07RGFF98S","nintendo switch v2",false,438.99,"USD",0,0,0,7142,4.8,"https://www.amazon.com/dp/B07RGFF98S","34281.60",false,false,false,false,"Nintendo Switch 32GB Console Video Games w/ 32GB Memory Card | Neon Red/Neon Blue Joy-Con | 1080p Resolution | 802.11ac Wi...","https://m.media-amazon.com/images/I/61445UADu9L._AC_UY218_.jpg"
"R170VY4JOS13L8","Reviewed in the United States on October 14, 2021",5,"works wonders","ive had my switch for over a year now and it works perfect still",true,1,7,"16","B07RGFF98S","nintendo switch v2",false,438.99,"USD",0,0,0,7142,4.8,"https://www.amazon.com/dp/B07RGFF98S","34281.60",false,false,false,false,"Nintendo Switch 32GB Console Video Games w/ 32GB Memory Card | Neon Red/Neon Blue Joy-Con | 1080p Resolution | 802.11ac Wi...","https://m.media-amazon.com/images/I/61445UADu9L._AC_UY218_.jpg"
"R3OMZ3GWFPXFK9","Reviewed in the United States on October 8, 2021",5,"Me encanta!","Llegó super rápido y en excelente estado!",true,1,7,"16","B07RGFF98S","nintendo switch v2",false,438.99,"USD",0,0,0,7142,4.8,"https://www.amazon.com/dp/B07RGFF98S","34281.60",false,false,false,false,"Nintendo Switch 32GB Console Video Games w/ 32GB Memory Card | Neon Red/Neon Blue Joy-Con | 1080p Resolution | 802.11ac Wi...","https://m.media-amazon.com/images/I/61445UADu9L._AC_UY218_.jpg"
"R3G31WTXNQ8TCM","Reviewed in the United States on October 6, 2021",5,"Kids love it","I have a 11 and 5 year old who play this. I've even started to play with them! It's a lot of fun. Very easy set up.",true,1,7,"16","B07RGFF98S","nintendo switch v2",false,438.99,"USD",0,0,0,7142,4.8,"https://www.amazon.com/dp/B07RGFF98S","34281.60",false,false,false,false,"Nintendo Switch 32GB Console Video Games w/ 32GB Memory Card | Neon Red/Neon Blue Joy-Con | 1080p Resolution | 802.11ac Wi...","https://m.media-amazon.com/images/I/61445UADu9L._AC_UY218_.jpg"
"RTPR0YPT74473","Reviewed in the United States on September 30, 2021",5,"very good","Very good game console",true,1,7,"16","B07RGFF98S","nintendo switch v2",false,438.99,"USD",0,0,0,7142,4.8,"https://www.amazon.com/dp/B07RGFF98S","34281.60",false,false,false,false,"Nintendo Switch 32GB Console Video Games w/ 32GB Memory Card | Neon Red/Neon Blue Joy-Con | 1080p Resolution | 802.11ac Wi...","https://m.media-amazon.com/images/I/61445UADu9L._AC_UY218_.jpg"
"R3EGF7B6IU6L6Q","Reviewed in the United States on September 17, 2021",3,"after 1 year - stopped working","wish I could have said it was a good deal - but after 1 year - stopped working",true,1,7,"16","B07RGFF98S","nintendo switch v2",false,438.99,"USD",0,0,0,7142,4.8,"https://www.amazon.com/dp/B07RGFF98S","34281.60",false,false,false,false,"Nintendo Switch 32GB Console Video Games w/ 32GB Memory Card | Neon Red/Neon Blue Joy-Con | 1080p Resolution | 802.11ac Wi...","https://m.media-amazon.com/images/I/61445UADu9L._AC_UY218_.jpg"
"R319G8IAE1IQQI","Reviewed in the United States on September 11, 2021",5,"Beyond over joyed in","I got this switch for myself for Christmas last year and I love it! do it!!!",true,1,7,"16","B07RGFF98S","nintendo switch v2",false,438.99,"USD",0,0,0,7142,4.8,"https://www.amazon.com/dp/B07RGFF98S","34281.60",false,false,false,false,"Nintendo Switch 32GB Console Video Games w/ 32GB Memory Card | Neon Red/Neon Blue Joy-Con | 1080p Resolution | 802.11ac Wi...","https://m.media-amazon.com/images/I/61445UADu9L._AC_UY218_.jpg"
"R3BGMYNLOCZOGR","Reviewed in the United States on September 11, 2021",1,"Joy cons constantly disconnect in handheld mode","It's not the seller but the console itself. The joy cons constantly disconnect in handheld mode.",true,1,7,"16","B07RGFF98S","nintendo switch v2",false,438.99,"USD",0,0,0,7142,4.8,"https://www.amazon.com/dp/B07RGFF98S","34281.60",false,false,false,false,"Nintendo Switch 32GB Console Video Games w/ 32GB Memory Card | Neon Red/Neon Blue Joy-Con | 1080p Resolution | 802.11ac Wi...","https://m.media-amazon.com/images/I/61445UADu9L._AC_UY218_.jpg"
"R2299SLVMXXC65","Reviewed in the United States on September 1, 2021",5,"Un niño feliz y emocionado","Me parece un poco costoso , pero valió la pena al ver la cara de felicidad de mi pequeño , funciona correctamente 👌",true,1,7,"16","B07RGFF98S","nintendo switch v2",false,438.99,"USD",0,0,0,7142,4.8,"https://www.amazon.com/dp/B07RGFF98S","34281.60",false,false,false,false,"Nintendo Switch 32GB Console Video Games w/ 32GB Memory Card | Neon Red/Neon Blue Joy-Con | 1080p Resolution | 802.11ac Wi...","https://m.media-amazon.com/images/I/61445UADu9L._AC_UY218_.jpg"
"cr-translate-934740225",,,"","",false,1,8,"17","B08KB652Q2","nintendo switch v2",false,0,"USD",0,0,0,6638,4.9,"https://www.amazon.com/dp/B08KB652Q2","32526.20",false,false,false,false,"Nintendo Switch w/ Neon Blue & Neon Red Joy-Con + Mario Kart 8 Deluxe (Full Game Download) + 3 Month Nintendo Switch Onlin...","https://m.media-amazon.com/images/I/71V7q4qctgL._AC_UY218_.jpg"
"R2KI8VG9KKYPDL","Reviewed in the United States on October 4, 2021",5,"Great system","The product came new, no scratches, it works perfect, but the games are very expensive, 60 dollars for a game made by Nintendo, I bought the yellow controller separately, it's the perfect portable console, I recommend buying it.",true,1,8,"17","B08KB652Q2","nintendo switch v2",false,0,"USD",0,0,0,6638,4.9,"https://www.amazon.com/dp/B08KB652Q2","32526.20",false,false,false,false,"Nintendo Switch w/ Neon Blue & Neon Red Joy-Con + Mario Kart 8 Deluxe (Full Game Download) + 3 Month Nintendo Switch Onlin...","https://m.media-amazon.com/images/I/71V7q4qctgL._AC_UY218_.jpg"
"R1J06GK0ZPKA23","Reviewed in the United States on September 28, 2021",1,"Game card version NOT a download code","If i knew i wasn't getting a download code, i would NOT have bought this bundle.The listing explicitly states it comes with the full download TWICE. Once in the title and once in the details.It came with a physical copy instead.",true,1,8,"17","B08KB652Q2","nintendo switch v2",false,0,"USD",0,0,0,6638,4.9,"https://www.amazon.com/dp/B08KB652Q2","32526.20",false,false,false,false,"Nintendo Switch w/ Neon Blue & Neon Red Joy-Con + Mario Kart 8 Deluxe (Full Game Download) + 3 Month Nintendo Switch Onlin...","https://m.media-amazon.com/images/I/71V7q4qctgL._AC_UY218_.jpg"
"R1GT3KE8QPBVRT","Reviewed in the United States on September 22, 2021",5,"Muy rápido en envío, muy bueno 5 estrella","The media could not be loaded. Muy bueno amable y rápido a la hora de hacer el envío impecable good",true,1,8,"17","B08KB652Q2","nintendo switch v2",false,0,"USD",0,0,0,6638,4.9,"https://www.amazon.com/dp/B08KB652Q2","32526.20",false,false,false,false,"Nintendo Switch w/ Neon Blue & Neon Red Joy-Con + Mario Kart 8 Deluxe (Full Game Download) + 3 Month Nintendo Switch Onlin...","https://m.media-amazon.com/images/I/71V7q4qctgL._AC_UY218_.jpg"
"R35E15RK9LOR2J","Reviewed in the United States on September 6, 2021",5,"Good","Good",true,1,8,"17","B08KB652Q2","nintendo switch v2",false,0,"USD",0,0,0,6638,4.9,"https://www.amazon.com/dp/B08KB652Q2","32526.20",false,false,false,false,"Nintendo Switch w/ Neon Blue & Neon Red Joy-Con + Mario Kart 8 Deluxe (Full Game Download) + 3 Month Nintendo Switch Onlin...","https://m.media-amazon.com/images/I/71V7q4qctgL._AC_UY218_.jpg"
"RDQNR0XTU5DR5","Reviewed in the United States on August 22, 2021",1,"Cheaper to buy the console and the game separate","No reason to buy this bundle. Get the console and the game separate to save $30 dollars.",true,1,8,"17","B08KB652Q2","nintendo switch v2",false,0,"USD",0,0,0,6638,4.9,"https://www.amazon.com/dp/B08KB652Q2","32526.20",false,false,false,false,"Nintendo Switch w/ Neon Blue & Neon Red Joy-Con + Mario Kart 8 Deluxe (Full Game Download) + 3 Month Nintendo Switch Onlin...","https://m.media-amazon.com/images/I/71V7q4qctgL._AC_UY218_.jpg"
"R30VPNE4KRYAXJ","Reviewed in the United States on July 31, 2021",5,"Good","Awesome",true,1,8,"17","B08KB652Q2","nintendo switch v2",false,0,"USD",0,0,0,6638,4.9,"https://www.amazon.com/dp/B08KB652Q2","32526.20",false,false,false,false,"Nintendo Switch w/ Neon Blue & Neon Red Joy-Con + Mario Kart 8 Deluxe (Full Game Download) + 3 Month Nintendo Switch Onlin...","https://m.media-amazon.com/images/I/71V7q4qctgL._AC_UY218_.jpg"
"R3FLBAXV0BLZAJ","Reviewed in the United States on July 22, 2021",4,"Great for on the go gaming.","This is great for on the go gaming or for just hanging out at home. The removable controllers are easily broken is the only fault I have found. They are easily replaced by buying more, ouch in the pockets.",true,1,8,"17","B08KB652Q2","nintendo switch v2",false,0,"USD",0,0,0,6638,4.9,"https://www.amazon.com/dp/B08KB652Q2","32526.20",false,false,false,false,"Nintendo Switch w/ Neon Blue & Neon Red Joy-Con + Mario Kart 8 Deluxe (Full Game Download) + 3 Month Nintendo Switch Onlin...","https://m.media-amazon.com/images/I/71V7q4qctgL._AC_UY218_.jpg"
"R20EFP4Q8S8QTA","Reviewed in the United States on July 7, 2021",1,"Missing Game","My game did not come with the package as stated in description I had to go to GameStop and purchase it so besides the lie everything else is good",true,1,8,"17","B08KB652Q2","nintendo switch v2",false,0,"USD",0,0,0,6638,4.9,"https://www.amazon.com/dp/B08KB652Q2","32526.20",false,false,false,false,"Nintendo Switch w/ Neon Blue & Neon Red Joy-Con + Mario Kart 8 Deluxe (Full Game Download) + 3 Month Nintendo Switch Onlin...","https://m.media-amazon.com/images/I/71V7q4qctgL._AC_UY218_.jpg"
"R3G9AOYL1G5758","Reviewed in the United States on July 6, 2021",5,"Perfect for everyone","We love that you can take this on the go and play as a family on the tv.",true,1,8,"17","B08KB652Q2","nintendo switch v2",false,0,"USD",0,0,0,6638,4.9,"https://www.amazon.com/dp/B08KB652Q2","32526.20",false,false,false,false,"Nintendo Switch w/ Neon Blue & Neon Red Joy-Con + Mario Kart 8 Deluxe (Full Game Download) + 3 Month Nintendo Switch Onlin...","https://m.media-amazon.com/images/I/71V7q4qctgL._AC_UY218_.jpg"
"RKJRT4NZQ7EA8","Reviewed in the United States on June 28, 2021",5,"Great fun","Just what I wanted",true,1,8,"17","B08KB652Q2","nintendo switch v2",false,0,"USD",0,0,0,6638,4.9,"https://www.amazon.com/dp/B08KB652Q2","32526.20",false,false,false,false,"Nintendo Switch w/ Neon Blue & Neon Red Joy-Con + Mario Kart 8 Deluxe (Full Game Download) + 3 Month Nintendo Switch Onlin...","https://m.media-amazon.com/images/I/71V7q4qctgL._AC_UY218_.jpg"
"RQJ0W8ER0L9TF","Reviewed in the United States on October 20, 2021",5,"I love this game","From the music, to the classic remakes of stages, to the party games, to the different physics. I love it all. Only thing I can recommend is using a GameCube controller to help be more precise on the hard levels. It can be really difficult to go perfectly straight when using a JoyCon Joystick...",true,1,9,"18","B097F4G6WB","nintendo switch v2",false,39.99,"USD",0,0,0,79,4.2,"https://www.amazon.com/dp/B097F4G6WB","331.80",false,false,false,false,"Sponsored Ad - Super Monkey Ball Banana Mania: Anniversary Launch Edition - Nintendo Switch","https://m.media-amazon.com/images/I/81VQsPOhm7L._AC_UY218_.jpg"
"RCHQB512H6TTA","Reviewed in the United States on October 19, 2021",5,"Monkey","Monkey",true,1,9,"18","B097F4G6WB","nintendo switch v2",false,39.99,"USD",0,0,0,79,4.2,"https://www.amazon.com/dp/B097F4G6WB","331.80",false,false,false,false,"Sponsored Ad - Super Monkey Ball Banana Mania: Anniversary Launch Edition - Nintendo Switch","https://m.media-amazon.com/images/I/81VQsPOhm7L._AC_UY218_.jpg"
"R1I36L5C2LAT9F","Reviewed in the United States on October 18, 2021",1,"Awful. Regret Buying.","Not like the original at all. The tilt controls and camera are horrible. The art style is ugly and there is no story. Thoroughly Disappointing. Even worse than Bananna Blitz which is saying something. This series started out amazing, but nowadays just keeps getting worse. Shame on SEGA. This is a cheap mobile tilt game, sold as a fully realized game.",true,1,9,"18","B097F4G6WB","nintendo switch v2",false,39.99,"USD",0,0,0,79,4.2,"https://www.amazon.com/dp/B097F4G6WB","331.80",false,false,false,false,"Sponsored Ad - Super Monkey Ball Banana Mania: Anniversary Launch Edition - Nintendo Switch","https://m.media-amazon.com/images/I/81VQsPOhm7L._AC_UY218_.jpg"
"R2EW7YN9UD8KID","Reviewed in the United States on October 17, 2021",5,"Cool Modes fun play","Pretty cool new update and new game",true,1,9,"18","B097F4G6WB","nintendo switch v2",false,39.99,"USD",0,0,0,79,4.2,"https://www.amazon.com/dp/B097F4G6WB","331.80",false,false,false,false,"Sponsored Ad - Super Monkey Ball Banana Mania: Anniversary Launch Edition - Nintendo Switch","https://m.media-amazon.com/images/I/81VQsPOhm7L._AC_UY218_.jpg"
"R3OADGLMWEQMSG","Reviewed in the United States on October 16, 2021",5,"10/10 Golden Bananas!","Banana Mania exudes joy and charm. It is a love letter to the little lovable monkeys and their fans. SEGA did an excellent job redoing the graphics in the adorable art style that started with Banana Blitz on Wii and lovely musical remixes of original tunes.Some things have been changed, including the exclusion of lives, which I was initially negative about. After playing it, feel like this design decision was not done haphazardly and is completely justified. The bananas function as collectibles that give you points in the in-game shop, so does meeting different challenge requirements, which you can achieve naturally or by checking them and going for the gold. These points add a lot of replay value and make collecting them feel worthwhile. I know I wound up really liking playing the main game or party games, wanting to take a break and use my new points to unlock things in the points shop. The costume items are cute and do feel worth it, but the heavy hitters are the plethora of playable characters you can unlock as well as the creative new modes that are new to this game, like golden banana mode where you collect all bananas in a stage and dark banana mode where you avoid all bananas in a stage.There’s so many things to unlock, this feels like a very complete package, and considering the very reasonable pricing, this is an excellent value, and even would be at full price.The game’s cute visuals and music keeps a game that can be very challenging feeling very light and happy, and like you want to come back for more.If you like feeling like you are learning and improving, this is a game for you. You can see yourself get better and master stages, once you do, you can get even more creative and try to find unlikely shortcuts. This game is really a physics puzzle with lots of action and quick thinking.I have played the original games and most of the games following it. I understand that some retro fans are disappointed this game isn’t exactly like those excellent originals, and it isn’t, but that’s okay! I’m really loving Banana Mania and learning the slight differences in it is fun. I think this game is good enough to stand on its own.Super Monkey Ball Banana Mania is a joyful and cheerful experience that makes me feel happy, and I’m thankful for that.10/10 Golden Bananas! I highly recommend it, friends!",true,1,9,"18","B097F4G6WB","nintendo switch v2",false,39.99,"USD",0,0,0,79,4.2,"https://www.amazon.com/dp/B097F4G6WB","331.80",false,false,false,false,"Sponsored Ad - Super Monkey Ball Banana Mania: Anniversary Launch Edition - Nintendo Switch","https://m.media-amazon.com/images/I/81VQsPOhm7L._AC_UY218_.jpg"
"R38I4500FCEHSX","Reviewed in the United States on October 10, 2021",5,"Great game!!!","Loved! Just ignore the reviews out there and have fun with this casual but challenging game.Definitely one of the coolest IP from SEGA!",true,1,9,"18","B097F4G6WB","nintendo switch v2",false,39.99,"USD",0,0,0,79,4.2,"https://www.amazon.com/dp/B097F4G6WB","331.80",false,false,false,false,"Sponsored Ad - Super Monkey Ball Banana Mania: Anniversary Launch Edition - Nintendo Switch","https://m.media-amazon.com/images/I/81VQsPOhm7L._AC_UY218_.jpg"
"R1DF5HFSA0PKYZ","Reviewed in the United States on October 10, 2021",1,"Not like the original, waste of money","This game is not at all like the original. The camera is terrible and levels are not great. Get the free version on your phone, it is much much better.",true,1,9,"18","B097F4G6WB","nintendo switch v2",false,39.99,"USD",0,0,0,79,4.2,"https://www.amazon.com/dp/B097F4G6WB","331.80",false,false,false,false,"Sponsored Ad - Super Monkey Ball Banana Mania: Anniversary Launch Edition - Nintendo Switch","https://m.media-amazon.com/images/I/81VQsPOhm7L._AC_UY218_.jpg"
"R3CIMF5X6AKCEA","Reviewed in the United States on October 8, 2021",1,"FAR FROM THE ORIGINALS!!","If you have ever played Super Monkey Ball before in your life then do not buy this game. It is a massive downgrade from the originals - physics are changed, cutscenes are replaced, and overall speed is greatly reduced to name a few. Many of the levels feel as if they were not tested thoroughly as the new features make it very difficult to either build up enough speed or to control the map well enough to drop into goals. Not only that they've literally added a ""mark as complete"" option for every level in the pause screen, it makes absolutely no sense. How do you take the challenge out of Monkey Ball? I didn't think that was possible.If you have NEVER played a Super Monkey Ball game and thus have nothing to compare it to then this game may be alright for you. I suggest playing the originals to get the full experience as they are far superior to this easy mode cash grab from Sega. The original game had Dole brand bananas in it. This one couldn't even get the Chiquita sticker. That alone should be enough for you to make an informed decision on the two.",true,1,9,"18","B097F4G6WB","nintendo switch v2",false,39.99,"USD",0,0,0,79,4.2,"https://www.amazon.com/dp/B097F4G6WB","331.80",false,false,false,false,"Sponsored Ad - Super Monkey Ball Banana Mania: Anniversary Launch Edition - Nintendo Switch","https://m.media-amazon.com/images/I/81VQsPOhm7L._AC_UY218_.jpg"
"R19UXV9LD8UKTZ","Reviewed in the United States on October 8, 2021",2,"Party games are a disappointment","If you were thinking about getting this game to relive the good times playing the Monkey Ball party games with friends, stop right now. Every single party game, and I mean all of them, play terribly. There was absolutely no effort placed into these party games to make them look or play like the originals. Instead, they feel like cheap rip-offs that have been tacked on.If all you want is to replay the main game, then I can at least say that that portion of the game does play pretty well and had some thought and care put into it. But the party games are an absolute joke.",true,1,9,"18","B097F4G6WB","nintendo switch v2",false,39.99,"USD",0,0,0,79,4.2,"https://www.amazon.com/dp/B097F4G6WB","331.80",false,false,false,false,"Sponsored Ad - Super Monkey Ball Banana Mania: Anniversary Launch Edition - Nintendo Switch","https://m.media-amazon.com/images/I/81VQsPOhm7L._AC_UY218_.jpg"
"RUUL6NPX0MX10","Reviewed in the United States on October 8, 2021",1,"Disappointing","This game was not what was expected. The mini party games felt like they were all missing something . The monkey target especially did not work correctly . There were a lot of problems of this game . This was not what I thought it would be like at all, it was as if this game was incomplete . Very disappointed",true,1,9,"18","B097F4G6WB","nintendo switch v2",false,39.99,"USD",0,0,0,79,4.2,"https://www.amazon.com/dp/B097F4G6WB","331.80",false,false,false,false,"Sponsored Ad - Super Monkey Ball Banana Mania: Anniversary Launch Edition - Nintendo Switch","https://m.media-amazon.com/images/I/81VQsPOhm7L._AC_UY218_.jpg"
"cr-translate-1772802495",,,"","",false,1,10,"19","B01N9RG3XS","nintendo switch v2",false,0,"USD",0,0,0,28457,4.8,"https://www.amazon.com/dp/B01N9RG3XS","136593.60",false,false,false,false,"Orzly Glass Screen Protectors Compatible with Nintendo Switch - Premium Tempered Glass Screen Protector Twin Pack [2X Scre...","https://m.media-amazon.com/images/I/71YDg2Rg9cL._AC_UY218_.jpg"
"RFA39J5RQ9VYQ","Reviewed in the United States on October 21, 2021",4,"Not a PERFECT fit, but still good","I lined the screen protector up with the bottom right corner and got it perfect. The right and bottom are fully covered, but the top and left have a slight gap.Other than that, this product has worked very well. My old switch scratched from my nails, this hasn't scratched at all.I read the other reviews and many had problems with the dust wipes and alcohol wipes. My switch was new and I handled both of the wipes very carefully, so my screen underneath is in perfect condition.I applied one to my sibling's switch and it has a bubble on a part of the non-screen area. This is because I had to pull it up to better align it. On my own switch I did not have this problem because I did not pull it back up, so I suggest taking your time and doing it as steady as possible. The product come with two screen protectors, so if you only have one switch you can retry or save it as a replacement if the current one ever gets scratched.The touch sensitivity and ability to fit in the dock are not affected, by what I have seen.I recommend this, but am just a bit annoyed at how it was so close to fitting perfectly.",true,1,10,"19","B01N9RG3XS","nintendo switch v2",false,0,"USD",0,0,0,28457,4.8,"https://www.amazon.com/dp/B01N9RG3XS","136593.60",false,false,false,false,"Orzly Glass Screen Protectors Compatible with Nintendo Switch - Premium Tempered Glass Screen Protector Twin Pack [2X Scre...","https://m.media-amazon.com/images/I/71YDg2Rg9cL._AC_UY218_.jpg"
"RIWRGELH7MPUM","Reviewed in the United States on October 20, 2021",2,"Smudges easily","Fit alright , seemed a bit thin compared to my previous screen protector.Easily Smudges and shows fingerprints , noticeably worse than the screen itself does",true,1,10,"19","B01N9RG3XS","nintendo switch v2",false,0,"USD",0,0,0,28457,4.8,"https://www.amazon.com/dp/B01N9RG3XS","136593.60",false,false,false,false,"Orzly Glass Screen Protectors Compatible with Nintendo Switch - Premium Tempered Glass Screen Protector Twin Pack [2X Scre...","https://m.media-amazon.com/images/I/71YDg2Rg9cL._AC_UY218_.jpg"
"R3NHX17WRMBH40","Reviewed in the United States on October 20, 2021",5,"Perfecto","Muy bueno",true,1,10,"19","B01N9RG3XS","nintendo switch v2",false,0,"USD",0,0,0,28457,4.8,"https://www.amazon.com/dp/B01N9RG3XS","136593.60",false,false,false,false,"Orzly Glass Screen Protectors Compatible with Nintendo Switch - Premium Tempered Glass Screen Protector Twin Pack [2X Scre...","https://m.media-amazon.com/images/I/71YDg2Rg9cL._AC_UY218_.jpg"
"R2FSWTS8ZAHVVT","Reviewed in the United States on October 14, 2021",2,"Issues With Installation","Despite being very familiar and experienced in installing these types of screens, I had issues with this.It would not stick down on one particular corner, and I had to end up removing the first one, and started all over with the 2nd (spare) protector to get a proper installation.The first one simply had a corner that did not have enough adhesive on the corner area.Very disappointed.",true,1,10,"19","B01N9RG3XS","nintendo switch v2",false,0,"USD",0,0,0,28457,4.8,"https://www.amazon.com/dp/B01N9RG3XS","136593.60",false,false,false,false,"Orzly Glass Screen Protectors Compatible with Nintendo Switch - Premium Tempered Glass Screen Protector Twin Pack [2X Scre...","https://m.media-amazon.com/images/I/71YDg2Rg9cL._AC_UY218_.jpg"
"R8IOP8HKOU4ZA","Reviewed in the United States on October 11, 2021",5,"Works Great on OLED Model","I used this on the new white OLED model and it works great. It doesn't come perfectly to the right/left edge but covers enough that I'm not worried about scratching the main portion of the screen. I'd say there is 1/16th of an inch of space or less between the right/left edge and the glass protector. It does come very close to the top and bottom edge so careful placement is necessary. I put it on right after purchasing the OLED model and had no trouble at all with installation. No dust or bubbles. I'm not the best at putting these protectors on so I'm relating most of my success to the product. Overall I would recommend this for the new OLED models.",true,1,10,"19","B01N9RG3XS","nintendo switch v2",false,0,"USD",0,0,0,28457,4.8,"https://www.amazon.com/dp/B01N9RG3XS","136593.60",false,false,false,false,"Orzly Glass Screen Protectors Compatible with Nintendo Switch - Premium Tempered Glass Screen Protector Twin Pack [2X Scre...","https://m.media-amazon.com/images/I/71YDg2Rg9cL._AC_UY218_.jpg"
"R1JAMFRNJY7BKS","Reviewed in the United States on September 30, 2021",1,"Does it fit","Does not fit my phone. Now i have to send back.",true,1,10,"19","B01N9RG3XS","nintendo switch v2",false,0,"USD",0,0,0,28457,4.8,"https://www.amazon.com/dp/B01N9RG3XS","136593.60",false,false,false,false,"Orzly Glass Screen Protectors Compatible with Nintendo Switch - Premium Tempered Glass Screen Protector Twin Pack [2X Scre...","https://m.media-amazon.com/images/I/71YDg2Rg9cL._AC_UY218_.jpg"
"R10NNE7K0MOIZP","Reviewed in the United States on September 13, 2021",5,"It does the job!","Excellent product.Have had it installed on my Switch since I bought it in December 2019 and still looks like new!Best money spent on a screen protector in a mighty long time.If you're looking for one for the Switch, your search is over!",true,1,10,"19","B01N9RG3XS","nintendo switch v2",false,0,"USD",0,0,0,28457,4.8,"https://www.amazon.com/dp/B01N9RG3XS","136593.60",false,false,false,false,"Orzly Glass Screen Protectors Compatible with Nintendo Switch - Premium Tempered Glass Screen Protector Twin Pack [2X Scre...","https://m.media-amazon.com/images/I/71YDg2Rg9cL._AC_UY218_.jpg"
"R3EH5K2DBT2S6R","Reviewed in the United States on September 12, 2021",5,"Awesome","Protects the screen for scratches it was easy to apply.",true,1,10,"19","B01N9RG3XS","nintendo switch v2",false,0,"USD",0,0,0,28457,4.8,"https://www.amazon.com/dp/B01N9RG3XS","136593.60",false,false,false,false,"Orzly Glass Screen Protectors Compatible with Nintendo Switch - Premium Tempered Glass Screen Protector Twin Pack [2X Scre...","https://m.media-amazon.com/images/I/71YDg2Rg9cL._AC_UY218_.jpg"
"R3ADPDYVEJ7HGX","Reviewed in the United States on September 5, 2021",1,"Disappointed","I wish I could have liked these. First one on had grit beneath it. I’ve replaced my screen protectors about 10 times in the past so I’m not sure if it came with grit beneath it or...? Finally had to peel it off and start with the next one. This one had huge, dotted scratches across the surface. It was placed perfectly and the scratches didn’t happen during application. The glass, itself, came that way. They fit the switch perfectly but both glass covers were banged up or had flaws on them. I’m so glad I ordered another brand at the same time. I applied that brand’s screen protector in two seconds and no issues at all. It leaves me to believe, since I’ve only ever had problems with this brand, that they’re cheaply made with zero quality control. Disappointed.",true,1,10,"19","B01N9RG3XS","nintendo switch v2",false,0,"USD",0,0,0,28457,4.8,"https://www.amazon.com/dp/B01N9RG3XS","136593.60",false,false,false,false,"Orzly Glass Screen Protectors Compatible with Nintendo Switch - Premium Tempered Glass Screen Protector Twin Pack [2X Scre...","https://m.media-amazon.com/images/I/71YDg2Rg9cL._AC_UY218_.jpg"
"RIZ5KLWJ3A2VB","Reviewed in the United States on September 4, 2021",5,"Great price","The price was great, the items included helped in the assessably",true,1,10,"19","B01N9RG3XS","nintendo switch v2",false,0,"USD",0,0,0,28457,4.8,"https://www.amazon.com/dp/B01N9RG3XS","136593.60",false,false,false,false,"Orzly Glass Screen Protectors Compatible with Nintendo Switch - Premium Tempered Glass Screen Protector Twin Pack [2X Scre...","https://m.media-amazon.com/images/I/71YDg2Rg9cL._AC_UY218_.jpg"
"R3D9CPWI1CI5KR","Reviewed in the United States on October 22, 2021",5,"Perfect condition works perfectly and my hubby loves it","Only thing I would say is I wish it did have the original box but oh well. They packaged it very well when sent. Was definitely worth is. I got it for my hubby for Christmas but decided to give it to him early and he loves it.",true,1,11,"110","B07V4GCFP9","nintendo switch v2",false,0,"USD",0,0,0,68515,4.8,"https://www.amazon.com/dp/B07V4GCFP9","328872.00",false,false,false,false,"Nintendo Switch Lite - Turquoise","https://m.media-amazon.com/images/I/71qmF0FHj7L._AC_UY218_.jpg"
"R197AETPXBHMZU","Reviewed in the United States on October 20, 2021",5,"Love my switch lite!!!!","I've been a cell phone gamer for years and finally decided to make a change. Very happy with the game play and size of the hand held device.",true,1,11,"110","B07V4GCFP9","nintendo switch v2",false,0,"USD",0,0,0,68515,4.8,"https://www.amazon.com/dp/B07V4GCFP9","328872.00",false,false,false,false,"Nintendo Switch Lite - Turquoise","https://m.media-amazon.com/images/I/71qmF0FHj7L._AC_UY218_.jpg"
"R1T9FM3VC12JXQ","Reviewed in the United States on October 19, 2021",1,"Did not work","It would not work I had to return it and bought one from target instead",true,1,11,"110","B07V4GCFP9","nintendo switch v2",false,0,"USD",0,0,0,68515,4.8,"https://www.amazon.com/dp/B07V4GCFP9","328872.00",false,false,false,false,"Nintendo Switch Lite - Turquoise","https://m.media-amazon.com/images/I/71qmF0FHj7L._AC_UY218_.jpg"
"R3F9IY4KUKAW40","Reviewed in the United States on October 15, 2021",5,"Good Sale","I got this used and it came in pretty good condition, not really a scratch on it. Cleaned it and turned it on and it works just fine, you can tell it has a tiny wear to it but it's still excellent.",true,1,11,"110","B07V4GCFP9","nintendo switch v2",false,0,"USD",0,0,0,68515,4.8,"https://www.amazon.com/dp/B07V4GCFP9","328872.00",false,false,false,false,"Nintendo Switch Lite - Turquoise","https://m.media-amazon.com/images/I/71qmF0FHj7L._AC_UY218_.jpg"
"R1A7OIAWO8N5W6","Reviewed in the United States on October 15, 2021",1,"Product stopped working","After 5-6 months, 3 months after 90 day warrenty, the battery will not hold a charge anymore. Doesn't even turn on when on the charger...",true,1,11,"110","B07V4GCFP9","nintendo switch v2",false,0,"USD",0,0,0,68515,4.8,"https://www.amazon.com/dp/B07V4GCFP9","328872.00",false,false,false,false,"Nintendo Switch Lite - Turquoise","https://m.media-amazon.com/images/I/71qmF0FHj7L._AC_UY218_.jpg"
"R1K414MQSW1XLC","Reviewed in the United States on October 14, 2021",5,"It’s insane","I like the switch because I can play anywhere and know I trusted on it to buy it and know you trust on it and you will see what is the best about buying this.",true,1,11,"110","B07V4GCFP9","nintendo switch v2",false,0,"USD",0,0,0,68515,4.8,"https://www.amazon.com/dp/B07V4GCFP9","328872.00",false,false,false,false,"Nintendo Switch Lite - Turquoise","https://m.media-amazon.com/images/I/71qmF0FHj7L._AC_UY218_.jpg"
"RAO9EPE3H6W7O","Reviewed in the United States on October 14, 2021",5,"Absolutely Love It","This was a beautiful birthday present for my son and he fell in love with it. The quality was great. The color was beautiful. Setting it up was fast and efficient and it has a descent amount of memory space. The shipping was super fast as well.",true,1,11,"110","B07V4GCFP9","nintendo switch v2",false,0,"USD",0,0,0,68515,4.8,"https://www.amazon.com/dp/B07V4GCFP9","328872.00",false,false,false,false,"Nintendo Switch Lite - Turquoise","https://m.media-amazon.com/images/I/71qmF0FHj7L._AC_UY218_.jpg"
"R3T39KYIBOJT9L","Reviewed in the United States on October 13, 2021",5,"Absolutely love it!","Exactly as discribed! Arrived a day early. Brand new. Works great. It came with the charger as well. I do recommend getting additional storage and a case for it. It is pretty slim.",true,1,11,"110","B07V4GCFP9","nintendo switch v2",false,0,"USD",0,0,0,68515,4.8,"https://www.amazon.com/dp/B07V4GCFP9","328872.00",false,false,false,false,"Nintendo Switch Lite - Turquoise","https://m.media-amazon.com/images/I/71qmF0FHj7L._AC_UY218_.jpg"
"RE97LQ4A7SFW6","Reviewed in the United States on October 12, 2021",3,"It’s a Christmas gift","It’s a Christmas gift",true,1,11,"110","B07V4GCFP9","nintendo switch v2",false,0,"USD",0,0,0,68515,4.8,"https://www.amazon.com/dp/B07V4GCFP9","328872.00",false,false,false,false,"Nintendo Switch Lite - Turquoise","https://m.media-amazon.com/images/I/71qmF0FHj7L._AC_UY218_.jpg"
"R3LHD65Y3X2AW2","Reviewed in the United States on October 12, 2021",5,"It is so worth the money","The Nintendo Switch Lite is such a good buy I have had for 4 months now and has had no trouble the graphics are good and its easy to pack up and take on the go.",true,1,11,"110","B07V4GCFP9","nintendo switch v2",false,0,"USD",0,0,0,68515,4.8,"https://www.amazon.com/dp/B07V4GCFP9","328872.00",false,false,false,false,"Nintendo Switch Lite - Turquoise","https://m.media-amazon.com/images/I/71qmF0FHj7L._AC_UY218_.jpg"
"cr-translate-426561901",,,"","",false,1,12,"111","B08M8YQMH4","nintendo switch v2",false,0,"USD",0,0,0,95561,4.9,"https://www.amazon.com/dp/B08M8YQMH4","468248.90",false,false,false,false,"Nintendo Switch - Mario Red & Blue Edition - Switch","https://m.media-amazon.com/images/I/61smlrSf0HL._AC_UY218_.jpg"
"REDUJX6J6BGNT","Reviewed in the United States on October 22, 2021",1,"Not mine","Wrong person",true,1,12,"111","B08M8YQMH4","nintendo switch v2",false,0,"USD",0,0,0,95561,4.9,"https://www.amazon.com/dp/B08M8YQMH4","468248.90",false,false,false,false,"Nintendo Switch - Mario Red & Blue Edition - Switch","https://m.media-amazon.com/images/I/61smlrSf0HL._AC_UY218_.jpg"
"RTXJ87AC8ZQ0V","Reviewed in the United States on October 21, 2021",5,"Excelente regalo","Nos encantó a mi familia y a mi, muy divertidos los juegos. La idea de que puedes jugar frente al televisor y llevar la consola portátil contigo me encantó.",true,1,12,"111","B08M8YQMH4","nintendo switch v2",false,0,"USD",0,0,0,95561,4.9,"https://www.amazon.com/dp/B08M8YQMH4","468248.90",false,false,false,false,"Nintendo Switch - Mario Red & Blue Edition - Switch","https://m.media-amazon.com/images/I/61smlrSf0HL._AC_UY218_.jpg"
"R2HDOEB71WN54N","Reviewed in the United States on October 21, 2021",5,"Highly recommend for the great product. Lots of fun at home and on the road.","Great product my wife and daughter love it and they play together.",true,1,12,"111","B08M8YQMH4","nintendo switch v2",false,0,"USD",0,0,0,95561,4.9,"https://www.amazon.com/dp/B08M8YQMH4","468248.90",false,false,false,false,"Nintendo Switch - Mario Red & Blue Edition - Switch","https://m.media-amazon.com/images/I/61smlrSf0HL._AC_UY218_.jpg"
"R3LD758ONO8L87","Reviewed in the United States on October 21, 2021",3,"Good quality but not a good platform for all games","Do not buy it unless you are in love with Nintendo. The product is well built, but the conasole is limited to certain game companies. You do not have access to all EA games. In this case PlayStation and Xbox are better consoles.",true,1,12,"111","B08M8YQMH4","nintendo switch v2",false,0,"USD",0,0,0,95561,4.9,"https://www.amazon.com/dp/B08M8YQMH4","468248.90",false,false,false,false,"Nintendo Switch - Mario Red & Blue Edition - Switch","https://m.media-amazon.com/images/I/61smlrSf0HL._AC_UY218_.jpg"
"RLX0BJLNW2J7C","Reviewed in the United States on October 21, 2021",2,"Used, not original Nintendo parts","The dock is not Nintendo. It’s Vogek. Not original parts.",true,1,12,"111","B08M8YQMH4","nintendo switch v2",false,0,"USD",0,0,0,95561,4.9,"https://www.amazon.com/dp/B08M8YQMH4","468248.90",false,false,false,false,"Nintendo Switch - Mario Red & Blue Edition - Switch","https://m.media-amazon.com/images/I/61smlrSf0HL._AC_UY218_.jpg"
"R2551HFR1SQ9UR","Reviewed in the United States on October 21, 2021",5,"Yessss I finally got one","I wish I would have gotten one sooner but the pandemic prevented that. I love this thing so much and even more that I can easily take it on vacation with me.",true,1,12,"111","B08M8YQMH4","nintendo switch v2",false,0,"USD",0,0,0,95561,4.9,"https://www.amazon.com/dp/B08M8YQMH4","468248.90",false,false,false,false,"Nintendo Switch - Mario Red & Blue Edition - Switch","https://m.media-amazon.com/images/I/61smlrSf0HL._AC_UY218_.jpg"
"R1NANTSEKG9RXO","Reviewed in the United States on October 21, 2021",1,"Buttons on the controllers kept on malfunctioning.","The buttons on the controllers kept on malfunctioning. Made out of cheap material. I am very unsatisfied with this purchase.",true,1,12,"111","B08M8YQMH4","nintendo switch v2",false,0,"USD",0,0,0,95561,4.9,"https://www.amazon.com/dp/B08M8YQMH4","468248.90",false,false,false,false,"Nintendo Switch - Mario Red & Blue Edition - Switch","https://m.media-amazon.com/images/I/61smlrSf0HL._AC_UY218_.jpg"
"R2OW24SI6KXD3Y","Reviewed in the United States on October 20, 2021",5,"Love it.","Exactly as described and came quick.",true,1,12,"111","B08M8YQMH4","nintendo switch v2",false,0,"USD",0,0,0,95561,4.9,"https://www.amazon.com/dp/B08M8YQMH4","468248.90",false,false,false,false,"Nintendo Switch - Mario Red & Blue Edition - Switch","https://m.media-amazon.com/images/I/61smlrSf0HL._AC_UY218_.jpg"
"R1XOCLOE6HIL8K","Reviewed in the United States on October 20, 2021",5,"BRAND NEW","I was afraid it would come damaged but it’s a brand new system! I love it, even though it cost more than what Nintendo is selling it for, this limited edition switch is hard to find and the price is very much so worth it!",true,1,12,"111","B08M8YQMH4","nintendo switch v2",false,0,"USD",0,0,0,95561,4.9,"https://www.amazon.com/dp/B08M8YQMH4","468248.90",false,false,false,false,"Nintendo Switch - Mario Red & Blue Edition - Switch","https://m.media-amazon.com/images/I/61smlrSf0HL._AC_UY218_.jpg"
"R22UCFSU4PNY9E","Reviewed in the United States on October 20, 2021",5,"Nice","Works perfect, came in quick.",true,1,12,"111","B08M8YQMH4","nintendo switch v2",false,0,"USD",0,0,0,95561,4.9,"https://www.amazon.com/dp/B08M8YQMH4","468248.90",false,false,false,false,"Nintendo Switch - Mario Red & Blue Edition - Switch","https://m.media-amazon.com/images/I/61smlrSf0HL._AC_UY218_.jpg"
"R17RRZUKWBOBPY","Reviewed in the United States on October 8, 2021",5,"Great console","Received item quickly. Excellent quality will deal with vendor again.",true,1,13,"112","B01MFADJFV","nintendo switch v2",false,0,"USD",0,0,0,2122,4.8,"https://www.amazon.com/dp/B01MFADJFV","10185.60",false,false,false,false,"Nintendo Switch Console Gray Joy-Con","https://m.media-amazon.com/images/I/61h4GnpILVL._AC_UY218_.jpg"
"R4WRI4QIVMEXB","Reviewed in the United States on August 13, 2021",5,"It's a good product","We love playing",true,1,13,"112","B01MFADJFV","nintendo switch v2",false,0,"USD",0,0,0,2122,4.8,"https://www.amazon.com/dp/B01MFADJFV","10185.60",false,false,false,false,"Nintendo Switch Console Gray Joy-Con","https://m.media-amazon.com/images/I/61h4GnpILVL._AC_UY218_.jpg"
"R1STFLTM97UQ89","Reviewed in the United States on July 22, 2021",5,"Great","It’s supposed to be 4.5 stars if I could, but in truth it was an amazing experience. The only problem I had was that I was given a different version of the switch that I had initially ordered. Besides that top quality service from a top quality seller.",true,1,13,"112","B01MFADJFV","nintendo switch v2",false,0,"USD",0,0,0,2122,4.8,"https://www.amazon.com/dp/B01MFADJFV","10185.60",false,false,false,false,"Nintendo Switch Console Gray Joy-Con","https://m.media-amazon.com/images/I/61h4GnpILVL._AC_UY218_.jpg"
"R1B4Q2W16WOUI2","Reviewed in the United States on July 10, 2021",5,"Wonderful!","Bought a clear case and a graphic skin. Absolutely love it, 100% rating. Breath of The Wild here I come!",true,1,13,"112","B01MFADJFV","nintendo switch v2",false,0,"USD",0,0,0,2122,4.8,"https://www.amazon.com/dp/B01MFADJFV","10185.60",false,false,false,false,"Nintendo Switch Console Gray Joy-Con","https://m.media-amazon.com/images/I/61h4GnpILVL._AC_UY218_.jpg"
"R2KVPB0CIUOIP2","Reviewed in the United States on July 7, 2021",4,"Good product but not new","Was not new but it works good so far package was ripped before I opened it no protective film on the screen",true,1,13,"112","B01MFADJFV","nintendo switch v2",false,0,"USD",0,0,0,2122,4.8,"https://www.amazon.com/dp/B01MFADJFV","10185.60",false,false,false,false,"Nintendo Switch Console Gray Joy-Con","https://m.media-amazon.com/images/I/61h4GnpILVL._AC_UY218_.jpg"
"R2G4JG3IUMYJ5N","Reviewed in the United States on July 5, 2021",5,"Great","Product used for child play",true,1,13,"112","B01MFADJFV","nintendo switch v2",false,0,"USD",0,0,0,2122,4.8,"https://www.amazon.com/dp/B01MFADJFV","10185.60",false,false,false,false,"Nintendo Switch Console Gray Joy-Con","https://m.media-amazon.com/images/I/61h4GnpILVL._AC_UY218_.jpg"
"R1Q1M7PO3XFEN","Reviewed in the United States on June 24, 2021",5,"GREAT FIND","I mean.. I know the price but if you have been wanting a switch as bad as me and hope it actually comes in one piece, or everywhere isn’t sold out, you’re going to want this one :) was worth every penny to me",true,1,13,"112","B01MFADJFV","nintendo switch v2",false,0,"USD",0,0,0,2122,4.8,"https://www.amazon.com/dp/B01MFADJFV","10185.60",false,false,false,false,"Nintendo Switch Console Gray Joy-Con","https://m.media-amazon.com/images/I/61h4GnpILVL._AC_UY218_.jpg"
"RGPPCCC8PBMB8","Reviewed in the United States on June 12, 2021",5,"Perfect","Great",true,1,13,"112","B01MFADJFV","nintendo switch v2",false,0,"USD",0,0,0,2122,4.8,"https://www.amazon.com/dp/B01MFADJFV","10185.60",false,false,false,false,"Nintendo Switch Console Gray Joy-Con","https://m.media-amazon.com/images/I/61h4GnpILVL._AC_UY218_.jpg"
"RDLNX3QDA7QDI","Reviewed in the United States on May 30, 2021",1,"Broken upon delivery","The media could not be loaded. Showed up broken. Video glitch.Box looked used. Perhaps this was a refurb?Returned after less than 1 hour.",true,1,13,"112","B01MFADJFV","nintendo switch v2",false,0,"USD",0,0,0,2122,4.8,"https://www.amazon.com/dp/B01MFADJFV","10185.60",false,false,false,false,"Nintendo Switch Console Gray Joy-Con","https://m.media-amazon.com/images/I/61h4GnpILVL._AC_UY218_.jpg"
"R1BC8U2ECQ92YE","Reviewed in the United States on May 26, 2021",5,"Fast shipping!Great price!High quality!","Fast shipping!Great price!High quality!",true,1,13,"112","B01MFADJFV","nintendo switch v2",false,0,"USD",0,0,0,2122,4.8,"https://www.amazon.com/dp/B01MFADJFV","10185.60",false,false,false,false,"Nintendo Switch Console Gray Joy-Con","https://m.media-amazon.com/images/I/61h4GnpILVL._AC_UY218_.jpg"
"R30RG46G0Y1KVF","Reviewed in the United States on September 22, 2021",1,"I didn’t arrived defective","We bought this for the sole purpose of using it on the docking station so that our kids could play it on the TV. When it arrived it would not connect to the TV dock and we kept getting errors on the screen. We returned this item.",true,1,14,"113","B07GT9MZST","nintendo switch v2",false,230.95,"USD",0,0,0,380,4.7,"https://www.amazon.com/dp/B07GT9MZST","1786.00",false,false,false,false,"Replacement Nintendo Switch 32GB Original System Console Tablet Only","https://m.media-amazon.com/images/I/5101J1Mgk6L._AC_UY218_.jpg"
"R325DHZK7GOOUM","Reviewed in the United States on September 11, 2021",5,"Good","Good product",true,1,14,"113","B07GT9MZST","nintendo switch v2",false,230.95,"USD",0,0,0,380,4.7,"https://www.amazon.com/dp/B07GT9MZST","1786.00",false,false,false,false,"Replacement Nintendo Switch 32GB Original System Console Tablet Only","https://m.media-amazon.com/images/I/5101J1Mgk6L._AC_UY218_.jpg"
"R2WBA5HJWEWLQ","Reviewed in the United States on August 9, 2021",5,"Very nice!","Perfect replacement!",true,1,14,"113","B07GT9MZST","nintendo switch v2",false,230.95,"USD",0,0,0,380,4.7,"https://www.amazon.com/dp/B07GT9MZST","1786.00",false,false,false,false,"Replacement Nintendo Switch 32GB Original System Console Tablet Only","https://m.media-amazon.com/images/I/5101J1Mgk6L._AC_UY218_.jpg"
"R2CYR4QWL7RX5B","Reviewed in the United States on August 5, 2021",5,"Exactly as described. No unwanted surprises.","Came well packaged and works as it should. No complaints yet. This is great item if you are looking to get a switch for a cheaper price, I bought this, joy cons, and a doc separately. All on Amazon for so much less compared to buying a switch from Nintendo.",true,1,14,"113","B07GT9MZST","nintendo switch v2",false,230.95,"USD",0,0,0,380,4.7,"https://www.amazon.com/dp/B07GT9MZST","1786.00",false,false,false,false,"Replacement Nintendo Switch 32GB Original System Console Tablet Only","https://m.media-amazon.com/images/I/5101J1Mgk6L._AC_UY218_.jpg"
"R3M13BVQE010CR","Reviewed in the United States on July 30, 2021",5,"Happy customer","Great price, kids love it.",true,1,14,"113","B07GT9MZST","nintendo switch v2",false,230.95,"USD",0,0,0,380,4.7,"https://www.amazon.com/dp/B07GT9MZST","1786.00",false,false,false,false,"Replacement Nintendo Switch 32GB Original System Console Tablet Only","https://m.media-amazon.com/images/I/5101J1Mgk6L._AC_UY218_.jpg"
"REFVP9MDDVTAH","Reviewed in the United States on July 29, 2021",5,"Better purchase than expected. Amazing Buy!","This replacement model was perfect and in mint condition. What's even better was that it's the new revision of the original model with the better battery life. I purchased some Binbok Slim Joy cons and it was a match made in heaven.",true,1,14,"113","B07GT9MZST","nintendo switch v2",false,230.95,"USD",0,0,0,380,4.7,"https://www.amazon.com/dp/B07GT9MZST","1786.00",false,false,false,false,"Replacement Nintendo Switch 32GB Original System Console Tablet Only","https://m.media-amazon.com/images/I/5101J1Mgk6L._AC_UY218_.jpg"
"RJAZ4POI32E21","Reviewed in the United States on July 19, 2021",5,"Easy to set up to console, kids had broke first screen","Works perfectly",true,1,14,"113","B07GT9MZST","nintendo switch v2",false,230.95,"USD",0,0,0,380,4.7,"https://www.amazon.com/dp/B07GT9MZST","1786.00",false,false,false,false,"Replacement Nintendo Switch 32GB Original System Console Tablet Only","https://m.media-amazon.com/images/I/5101J1Mgk6L._AC_UY218_.jpg"
"RLTA1M7HFNJ5B","Reviewed in the United States on June 28, 2021",3,"Was this refurbished?","Purchased what I assumed was a new replacement switch tablet. Not so sure its new.Either this was previously owned, or took a beating on the way here. It was wrapped in what appeared to be dollar store quality bubble wrap, and placed into a USPS shipping bag. No label marking it fragile.Deep scratchs near the kickstand, scuffs to the screen and scuffs and marks on the back.Product does turn on and connect to the internet, so I will update this with it's functionality after it charges and I play a little..I'll also agree with others; definitely seems over priced, whether new or refurbished/used",true,1,14,"113","B07GT9MZST","nintendo switch v2",false,230.95,"USD",0,0,0,380,4.7,"https://www.amazon.com/dp/B07GT9MZST","1786.00",false,false,false,false,"Replacement Nintendo Switch 32GB Original System Console Tablet Only","https://m.media-amazon.com/images/I/5101J1Mgk6L._AC_UY218_.jpg"
"R10CJ9LG55EH9O","Reviewed in the United States on June 23, 2021",5,"Awesome addition to Switch gear!","We had extra controllers, chargers, etc., so we got a second tablet and we just added the extra controllers we had—boom two fully operational switches! Love that they sell this individually! Now our two kids can play online games together, like Fortnite!",true,1,14,"113","B07GT9MZST","nintendo switch v2",false,230.95,"USD",0,0,0,380,4.7,"https://www.amazon.com/dp/B07GT9MZST","1786.00",false,false,false,false,"Replacement Nintendo Switch 32GB Original System Console Tablet Only","https://m.media-amazon.com/images/I/5101J1Mgk6L._AC_UY218_.jpg"
"R1S26FN4MJA4DF","Reviewed in the United States on June 17, 2021",5,"Thank you!! A+++","Arrived super fast!!! A+++",true,1,14,"113","B07GT9MZST","nintendo switch v2",false,230.95,"USD",0,0,0,380,4.7,"https://www.amazon.com/dp/B07GT9MZST","1786.00",false,false,false,false,"Replacement Nintendo Switch 32GB Original System Console Tablet Only","https://m.media-amazon.com/images/I/5101J1Mgk6L._AC_UY218_.jpg"
"cr-translate--446423408",,,"","",false,1,15,"114","B08WWBWPZK","nintendo switch v2",false,449.99,"USD",0,0,0,534,4.7,"https://www.amazon.com/dp/B08WWBWPZK","2509.80",false,false,false,false,"Nintendo Switch Monster Hunter Rise Deluxe Edition System - Switch","https://m.media-amazon.com/images/I/81JBBp8gdSL._AC_UY218_.jpg"
"R1ZI2RNJIPMCQJ","Reviewed in the United States on October 9, 2021",5,"Love the game","Like most people that love a game they want a limited edition console for said game. Was what I was looking for.",true,1,15,"114","B08WWBWPZK","nintendo switch v2",false,449.99,"USD",0,0,0,534,4.7,"https://www.amazon.com/dp/B08WWBWPZK","2509.80",false,false,false,false,"Nintendo Switch Monster Hunter Rise Deluxe Edition System - Switch","https://m.media-amazon.com/images/I/81JBBp8gdSL._AC_UY218_.jpg"
"R20VSL6YTNB9HG","Reviewed in the United States on September 23, 2021",5,"First Nintendo Switch","Like the Monster Hunter series and took the opportunity to purchase this switch. No regrets.",true,1,15,"114","B08WWBWPZK","nintendo switch v2",false,449.99,"USD",0,0,0,534,4.7,"https://www.amazon.com/dp/B08WWBWPZK","2509.80",false,false,false,false,"Nintendo Switch Monster Hunter Rise Deluxe Edition System - Switch","https://m.media-amazon.com/images/I/81JBBp8gdSL._AC_UY218_.jpg"
"R33LTMEIKFQRKJ","Reviewed in the United States on September 9, 2021",5,"Just got it today","Everything is working and in new condition. Of anything messes up, I'll updated.",true,1,15,"114","B08WWBWPZK","nintendo switch v2",false,449.99,"USD",0,0,0,534,4.7,"https://www.amazon.com/dp/B08WWBWPZK","2509.80",false,false,false,false,"Nintendo Switch Monster Hunter Rise Deluxe Edition System - Switch","https://m.media-amazon.com/images/I/81JBBp8gdSL._AC_UY218_.jpg"
"R8RXQACPHVM5P","Reviewed in the United States on August 21, 2021",1,"Producto Llegó Dañado","Entre lo que llegó había pasado la fecha de retorno, el producto vino dañado. No enciende.",true,1,15,"114","B08WWBWPZK","nintendo switch v2",false,449.99,"USD",0,0,0,534,4.7,"https://www.amazon.com/dp/B08WWBWPZK","2509.80",false,false,false,false,"Nintendo Switch Monster Hunter Rise Deluxe Edition System - Switch","https://m.media-amazon.com/images/I/81JBBp8gdSL._AC_UY218_.jpg"
"R1NFQBQABXY4PQ","Reviewed in the United States on August 17, 2021",1,"Buyer Beware - Code already used","Bought this as an anniversary present but the code was already scratched and redeemed. Nintendo won't help us, Amazon can't help us (too far past the return date) and there's nothing else I can do. :) This is awesome. Find this elsewhere if you can.",true,1,15,"114","B08WWBWPZK","nintendo switch v2",false,449.99,"USD",0,0,0,534,4.7,"https://www.amazon.com/dp/B08WWBWPZK","2509.80",false,false,false,false,"Nintendo Switch Monster Hunter Rise Deluxe Edition System - Switch","https://m.media-amazon.com/images/I/81JBBp8gdSL._AC_UY218_.jpg"
"R7D8T8N59J9MT","Reviewed in the United States on August 13, 2021",5,"Worth the purchase","I’m so glad I ordered it would recommend",true,1,15,"114","B08WWBWPZK","nintendo switch v2",false,449.99,"USD",0,0,0,534,4.7,"https://www.amazon.com/dp/B08WWBWPZK","2509.80",false,false,false,false,"Nintendo Switch Monster Hunter Rise Deluxe Edition System - Switch","https://m.media-amazon.com/images/I/81JBBp8gdSL._AC_UY218_.jpg"
"R13KWD5B46RA4M","Reviewed in the United States on August 12, 2021",5,"Everything provided as said on website","Product arrived a day early which I was pleasantly surprised about. Game code was untouched which I was a little nervous about when reading other reviews, I also believe I have the US switch which is fine (since I live in the US) but felt I should point out since I saw other tslkin about that. Everything was in the original packaging and didn't appear to be touched from what I could see. I was very pleased overall with this purchase. The only thing I was a little sad about was the actual box didn't have plastic on it (idk if it was supposed to or not) so I didn't get that fresh unboxing feeling but I was still able to get it for everything else. I would definitely buy from this company again. Plus the price increase wasn't insanely high which I appreciate given the fact that it is a special switch",true,1,15,"114","B08WWBWPZK","nintendo switch v2",false,449.99,"USD",0,0,0,534,4.7,"https://www.amazon.com/dp/B08WWBWPZK","2509.80",false,false,false,false,"Nintendo Switch Monster Hunter Rise Deluxe Edition System - Switch","https://m.media-amazon.com/images/I/81JBBp8gdSL._AC_UY218_.jpg"
"RJ15PVEP92HJY","Reviewed in the United States on August 11, 2021",5,"They made sure it was what I ordered","No complaints here. They gave the product I wanted al in good time. Superb service.",true,1,15,"114","B08WWBWPZK","nintendo switch v2",false,449.99,"USD",0,0,0,534,4.7,"https://www.amazon.com/dp/B08WWBWPZK","2509.80",false,false,false,false,"Nintendo Switch Monster Hunter Rise Deluxe Edition System - Switch","https://m.media-amazon.com/images/I/81JBBp8gdSL._AC_UY218_.jpg"
"R1136OXLJS7TR5","Reviewed in the United States on August 9, 2021",4,"Very overpriced but came with no issues, so my impatient self was satisfied.","Only made this review 4 stars due to the price. I've been wanting a Nintendo Switch for years and really liked this Monster Hunter Deluxe Edition that came out. So I finally caved and paid the price. Box itself had a few wears on the corners, but other than that, it was a brand new system and works great!",true,1,15,"114","B08WWBWPZK","nintendo switch v2",false,449.99,"USD",0,0,0,534,4.7,"https://www.amazon.com/dp/B08WWBWPZK","2509.80",false,false,false,false,"Nintendo Switch Monster Hunter Rise Deluxe Edition System - Switch","https://m.media-amazon.com/images/I/81JBBp8gdSL._AC_UY218_.jpg"
"RHACOPZL1R4B7","Reviewed in the United States on July 29, 2021",5,"Pretty good","Came in excellent condition. Im about 400 hours in and still having a blast.",true,1,15,"114","B08WWBWPZK","nintendo switch v2",false,449.99,"USD",0,0,0,534,4.7,"https://www.amazon.com/dp/B08WWBWPZK","2509.80",false,false,false,false,"Nintendo Switch Monster Hunter Rise Deluxe Edition System - Switch","https://m.media-amazon.com/images/I/81JBBp8gdSL._AC_UY218_.jpg"
"RNJ99UTTNTFWW","Reviewed in the United States on September 30, 2021",5,"It's Nintendo","There's really nothing to describe it. Just lots of fun ! Of course your experience will depend on the game you purchase or rent.",true,1,16,"115","B07YZQ9QMD","nintendo switch v2",false,0,"USD",0,0,0,1461,4.8,"https://www.amazon.com/dp/B07YZQ9QMD","7012.80",false,false,false,false,"Nintendo Switch w/ Neon Blue & Neon Red Joy-Con + Mario Kart 8 Deluxe (Full Game Download) - Switch","https://m.media-amazon.com/images/I/71aARG3zYBL._AC_UY218_.jpg"
"R33O5KC42V5RFP","Reviewed in the United States on July 13, 2021",5,"Great for kids.Content is kid appropriate","Works great, my kids love it",true,1,16,"115","B07YZQ9QMD","nintendo switch v2",false,0,"USD",0,0,0,1461,4.8,"https://www.amazon.com/dp/B07YZQ9QMD","7012.80",false,false,false,false,"Nintendo Switch w/ Neon Blue & Neon Red Joy-Con + Mario Kart 8 Deluxe (Full Game Download) - Switch","https://m.media-amazon.com/images/I/71aARG3zYBL._AC_UY218_.jpg"
"R22MT6I42G1UXA","Reviewed in the United States on June 11, 2021",5,"Great","I like it",true,1,16,"115","B07YZQ9QMD","nintendo switch v2",false,0,"USD",0,0,0,1461,4.8,"https://www.amazon.com/dp/B07YZQ9QMD","7012.80",false,false,false,false,"Nintendo Switch w/ Neon Blue & Neon Red Joy-Con + Mario Kart 8 Deluxe (Full Game Download) - Switch","https://m.media-amazon.com/images/I/71aARG3zYBL._AC_UY218_.jpg"
"RY5B74XS3NU96","Reviewed in the United States on June 6, 2021",1,"I DON’T RECOMMEND","Bought this for my 7 year old son in Christmas 2019, he only uses it on school breaks. Less than a year later it stop working, stop taking charge, and he took good care of it, I took it to game stop and they can’t seems to find the problem. Don’t feel like I got my money’s worth at all, I will not recommend.😡",true,1,16,"115","B07YZQ9QMD","nintendo switch v2",false,0,"USD",0,0,0,1461,4.8,"https://www.amazon.com/dp/B07YZQ9QMD","7012.80",false,false,false,false,"Nintendo Switch w/ Neon Blue & Neon Red Joy-Con + Mario Kart 8 Deluxe (Full Game Download) - Switch","https://m.media-amazon.com/images/I/71aARG3zYBL._AC_UY218_.jpg"
"R2GCHCWSR9YDJD","Reviewed in the United States on April 27, 2021",5,"Fun for all ages!","My son loves this!! So many different games and accessories you can buy to go with game console. The remotes take some time to get use to. I've personally only used a Xbox controller before. I highly recommend. Fun for all ages!",true,1,16,"115","B07YZQ9QMD","nintendo switch v2",false,0,"USD",0,0,0,1461,4.8,"https://www.amazon.com/dp/B07YZQ9QMD","7012.80",false,false,false,false,"Nintendo Switch w/ Neon Blue & Neon Red Joy-Con + Mario Kart 8 Deluxe (Full Game Download) - Switch","https://m.media-amazon.com/images/I/71aARG3zYBL._AC_UY218_.jpg"
"RFJ3J27RKVYET","Reviewed in the United States on April 8, 2021",5,"Good system.","Great. The joy cons and console work great.",true,1,16,"115","B07YZQ9QMD","nintendo switch v2",false,0,"USD",0,0,0,1461,4.8,"https://www.amazon.com/dp/B07YZQ9QMD","7012.80",false,false,false,false,"Nintendo Switch w/ Neon Blue & Neon Red Joy-Con + Mario Kart 8 Deluxe (Full Game Download) - Switch","https://m.media-amazon.com/images/I/71aARG3zYBL._AC_UY218_.jpg"
"R2JT2X3WGCN6JE","Reviewed in the United States on March 29, 2021",1,"Not as advertised","This a real picture of what they sent. Not the item they showed on Amazon. False advertisement.",true,1,16,"115","B07YZQ9QMD","nintendo switch v2",false,0,"USD",0,0,0,1461,4.8,"https://www.amazon.com/dp/B07YZQ9QMD","7012.80",false,false,false,false,"Nintendo Switch w/ Neon Blue & Neon Red Joy-Con + Mario Kart 8 Deluxe (Full Game Download) - Switch","https://m.media-amazon.com/images/I/71aARG3zYBL._AC_UY218_.jpg"
"RFWXYD2CB7J6S","Reviewed in the United States on March 18, 2021",5,"Great","Happy with the purchase I made.",true,1,16,"115","B07YZQ9QMD","nintendo switch v2",false,0,"USD",0,0,0,1461,4.8,"https://www.amazon.com/dp/B07YZQ9QMD","7012.80",false,false,false,false,"Nintendo Switch w/ Neon Blue & Neon Red Joy-Con + Mario Kart 8 Deluxe (Full Game Download) - Switch","https://m.media-amazon.com/images/I/71aARG3zYBL._AC_UY218_.jpg"
"R1MJTX0WZ40USH","Reviewed in the United States on February 28, 2021",5,"Love my Nintendo","Absolutely love my Nintendo switch came 3days early so much fun to play with fun for all👏👏👏",true,1,16,"115","B07YZQ9QMD","nintendo switch v2",false,0,"USD",0,0,0,1461,4.8,"https://www.amazon.com/dp/B07YZQ9QMD","7012.80",false,false,false,false,"Nintendo Switch w/ Neon Blue & Neon Red Joy-Con + Mario Kart 8 Deluxe (Full Game Download) - Switch","https://m.media-amazon.com/images/I/71aARG3zYBL._AC_UY218_.jpg"
"R1RI27KWPFGOUH","Reviewed in the United States on January 19, 2021",5,"Love it!","Love love love!!!!!",true,1,16,"115","B07YZQ9QMD","nintendo switch v2",false,0,"USD",0,0,0,1461,4.8,"https://www.amazon.com/dp/B07YZQ9QMD","7012.80",false,false,false,false,"Nintendo Switch w/ Neon Blue & Neon Red Joy-Con + Mario Kart 8 Deluxe (Full Game Download) - Switch","https://m.media-amazon.com/images/I/71aARG3zYBL._AC_UY218_.jpg"
"R3LQ16EDIO1YB","Reviewed in the United States on October 20, 2021",1,"Doesn't work.","Didn't work, but it's too late to send it back.",true,1,17,"116","B07THMK55Y","nintendo switch v2",false,24.99,"USD",0,0,0,3389,4.4,"https://www.amazon.com/dp/B07THMK55Y","14911.60",false,false,false,false,"Collective Minds Switch-Up - Nintendo Switch","https://m.media-amazon.com/images/I/41uFwRdczBL._AC_UY218_.jpg"
"R1BZ799VY97XAA","Reviewed in the United States on October 12, 2021",5,"Dope little usb thing","I use it for Pokèmon mainly it’s worth the money there for that mod only especially if your Pokémon fan I breed shiny Pokémon on the constant",true,1,17,"116","B07THMK55Y","nintendo switch v2",false,24.99,"USD",0,0,0,3389,4.4,"https://www.amazon.com/dp/B07THMK55Y","14911.60",false,false,false,false,"Collective Minds Switch-Up - Nintendo Switch","https://m.media-amazon.com/images/I/41uFwRdczBL._AC_UY218_.jpg"
"R2R4M3QZOX4RRV","Reviewed in the United States on October 10, 2021",2,"Doesn't work","I went through almost all the steps to activate it, but it refuses to change or go through the cycles. The Blu-tooth button works but the mode button refuses to change. This is not worth the money to purchase it, I was better off giving the money I used on a used PS2 game.",true,1,17,"116","B07THMK55Y","nintendo switch v2",false,24.99,"USD",0,0,0,3389,4.4,"https://www.amazon.com/dp/B07THMK55Y","14911.60",false,false,false,false,"Collective Minds Switch-Up - Nintendo Switch","https://m.media-amazon.com/images/I/41uFwRdczBL._AC_UY218_.jpg"
"RT4A5306N9349","Reviewed in the United States on October 8, 2021",5,"Here in one piece, excellent shipping","",true,1,17,"116","B07THMK55Y","nintendo switch v2",false,24.99,"USD",0,0,0,3389,4.4,"https://www.amazon.com/dp/B07THMK55Y","14911.60",false,false,false,false,"Collective Minds Switch-Up - Nintendo Switch","https://m.media-amazon.com/images/I/41uFwRdczBL._AC_UY218_.jpg"
"R17Z0429MKXAKF","Reviewed in the United States on October 3, 2021",4,"Initial setup an issue? Test other controllers","I purchased this switch up for Pokemon shiny hunting, and had some issues with getting a controller to connect. As someone has already said in a previous review- switch pro controllers made by Power A will not connect to this device. If you are not sure if your controller is a Power A, there should be a sticker label that has the manufacturer name at the top. If this is the case for you, you may want to try a wired connection to a different controller. PS4 was a very easy set up. You can either watch their video on YouTube- or simply wire everything together, hold the PS4 and share buttons, and it will connect instantly. Then, simply follow the instructions for their other video explaining how to set up shiny hunting. I hope this helps anyone looking to get started! Best wishes.",true,1,17,"116","B07THMK55Y","nintendo switch v2",false,24.99,"USD",0,0,0,3389,4.4,"https://www.amazon.com/dp/B07THMK55Y","14911.60",false,false,false,false,"Collective Minds Switch-Up - Nintendo Switch","https://m.media-amazon.com/images/I/41uFwRdczBL._AC_UY218_.jpg"
"R1B8QTXLO2IJ4F","Reviewed in the United States on October 1, 2021",1,"Total disappointment","This thing was a total let down. Purchased to ease reprogramming controller buttons to match Xbox controllers. But it loses the settings every time unit is turned off. Often would not reconnect to the controller. Overall was useless for me.",true,1,17,"116","B07THMK55Y","nintendo switch v2",false,24.99,"USD",0,0,0,3389,4.4,"https://www.amazon.com/dp/B07THMK55Y","14911.60",false,false,false,false,"Collective Minds Switch-Up - Nintendo Switch","https://m.media-amazon.com/images/I/41uFwRdczBL._AC_UY218_.jpg"
"R17YCJ90F34KMB","Reviewed in the United States on September 20, 2021",1,"Don’t Buy It","Nintendo already patched this so none of the hacks for getting rupees or arrows in BOTW will not work. I didn’t try the other games, but I’m sure it’s the same result. It’s also super laggy it’s impossible to play",true,1,17,"116","B07THMK55Y","nintendo switch v2",false,24.99,"USD",0,0,0,3389,4.4,"https://www.amazon.com/dp/B07THMK55Y","14911.60",false,false,false,false,"Collective Minds Switch-Up - Nintendo Switch","https://m.media-amazon.com/images/I/41uFwRdczBL._AC_UY218_.jpg"
"R1YZJUGV7UMVZK","Reviewed in the United States on September 17, 2021",5,"I was surprised by it.","Works very well and free up players for some time.",true,1,17,"116","B07THMK55Y","nintendo switch v2",false,24.99,"USD",0,0,0,3389,4.4,"https://www.amazon.com/dp/B07THMK55Y","14911.60",false,false,false,false,"Collective Minds Switch-Up - Nintendo Switch","https://m.media-amazon.com/images/I/41uFwRdczBL._AC_UY218_.jpg"
"RCWWZ0OY9DN9P","Reviewed in the United States on September 11, 2021",4,"Works Well","Mainly used it for auto shiny hunting. Got like 1 shiny every day or 2. 3 days for unlucky ones.There is one thing that didn't work right, it was the macro recorder, or the instruction is unclear on how to use it. There is no one else online other than the basic video that is not too clear on how to use it. I tried resetting the recording but it's still stuck on the down button. Not enough info on how to reset that.Other than the macro recording not working right everything else works perfectly as intended.Pokemon swsh egg hatching time shown by the light on the drive, up to 4 lights. Least you should go is 2 down after seeing the 2nd light.5000 steps: 2 down from second light7000 steps 1 down or leave exactly at 2 lightsMore?: probably exactly at 2 lights.You don't have to hatch one at a time, you can let a few in the party at the same time, so save time and hatch more. With this it's approximately 1 box per hour.",true,1,17,"116","B07THMK55Y","nintendo switch v2",false,24.99,"USD",0,0,0,3389,4.4,"https://www.amazon.com/dp/B07THMK55Y","14911.60",false,false,false,false,"Collective Minds Switch-Up - Nintendo Switch","https://m.media-amazon.com/images/I/41uFwRdczBL._AC_UY218_.jpg"
"R1VJB0W7XP5FCS","Reviewed in the United States on September 11, 2021",1,"What freaking joke. -5 stars if I could.","You have to jump through hurdles to use. You don't just plug in and play. Biggest waste of money. Stay away. Controller supports a joke as well. I plugged it in once and tossed in a drawer a few min later.For example the Pokémon shiny is basically what ubalready do in the game to try to get shiny.Supposed to make it easier but dont.",true,1,17,"116","B07THMK55Y","nintendo switch v2",false,24.99,"USD",0,0,0,3389,4.4,"https://www.amazon.com/dp/B07THMK55Y","14911.60",false,false,false,false,"Collective Minds Switch-Up - Nintendo Switch","https://m.media-amazon.com/images/I/41uFwRdczBL._AC_UY218_.jpg"