"review.id","review.review_data","review.rating","review.title","review.review","review.verified_purchase","product.position.page","product.position.position","product.position.global_position","product.asin","product.keyword","product.price.discounted","product.price.current_price","product.price.currency","product.price.before_price","product.price.savings_amount","product.price.savings_percent","product.reviews.total_reviews","product.reviews.rating","product.url","product.score","product.sponsored","product.amazonChoice","product.bestSeller","product.amazonPrime","product.title","product.thumbnail"
"R3QG5WWEOL6Z9X","Reviewed in the United States on October 18, 2021",2,"Junk","I purchase this for my son and after reading the reviews I should not have. It was missing the cord, there were no instructions, and there was no seal making me think that somebody had already purchased it taking the cord out of it and sent it back.Amazon did return it but unfortunately I still haven’t gotten credit for it. I don’t recommend it, it’s not a good product. Five below has the same thing for five bucks",true,1,2,"11","B07H4MPJ5X","Xbox One",false,34.99,"USD",0,0,0,11289,4.1,"https://www.amazon.com/dp/B07H4MPJ5X","46284.90",false,false,true,false,"Collective Minds Xbox One Mod Pack - Xbox One","https://m.media-amazon.com/images/I/71WGstrM25L._AC_UY218_.jpg"
"R25VCCQK6N3CDC","Reviewed in the United States on October 13, 2021",1,"Paddles aren't in right place for my hand.","Takes to much effort to reach the paddles while playing. Might be because I am not use to xbox controllers but for me they seemed to far away from where my fingers are holding the controller.",true,1,2,"11","B07H4MPJ5X","Xbox One",false,34.99,"USD",0,0,0,11289,4.1,"https://www.amazon.com/dp/B07H4MPJ5X","46284.90",false,false,true,false,"Collective Minds Xbox One Mod Pack - Xbox One","https://m.media-amazon.com/images/I/71WGstrM25L._AC_UY218_.jpg"
"R1O1RYHKFO0Z6T","Reviewed in the United States on October 13, 2021",1,"it doesn't worm","this sucks i plug in to my controller watch videos and it doesn't do what the videos are doing. waste of money just save up and buy a cronus zen.",true,1,2,"11","B07H4MPJ5X","Xbox One",false,34.99,"USD",0,0,0,11289,4.1,"https://www.amazon.com/dp/B07H4MPJ5X","46284.90",false,false,true,false,"Collective Minds Xbox One Mod Pack - Xbox One","https://m.media-amazon.com/images/I/71WGstrM25L._AC_UY218_.jpg"
"R58K7I6G8YBVM","Reviewed in the United States on October 12, 2021",4,"The build quality is very good for the price","I like the build quality, and the charger is micro USB, so if you are using a newer Xbox controller you will have to get an adapter.",true,1,2,"11","B07H4MPJ5X","Xbox One",false,34.99,"USD",0,0,0,11289,4.1,"https://www.amazon.com/dp/B07H4MPJ5X","46284.90",false,false,true,false,"Collective Minds Xbox One Mod Pack - Xbox One","https://m.media-amazon.com/images/I/71WGstrM25L._AC_UY218_.jpg"
"RXHKU4POIG591","Reviewed in the United States on October 9, 2021",1,"Worked fine until it didn't","Used moderately for a few months and now the paddles don't work. They are still intact but they no longer map to any buttons .",true,1,2,"11","B07H4MPJ5X","Xbox One",false,34.99,"USD",0,0,0,11289,4.1,"https://www.amazon.com/dp/B07H4MPJ5X","46284.90",false,false,true,false,"Collective Minds Xbox One Mod Pack - Xbox One","https://m.media-amazon.com/images/I/71WGstrM25L._AC_UY218_.jpg"
"R1NSW8WFT51904","Reviewed in the United States on October 9, 2021",4,"Great product but has on major flaw","So I got this about a year ago, and I was super excited. It was my first big gaming purchase that wasn't a console, and it worked out fantastic in the beginning. The paddles were super easy to remap, and I LOVED the rapid fire mod for it. I played Fortnite and the pistol acted like an smg. It was great until the controller started randomly disconnecting. It would happen every day at lease twice, and it was super aggrivating. I found out it was because of the micro-usb connection and it will sometimes shift a little bit. It cost me many games in the long run because I would have to unplug and replug the cord in every time. Sometimes it would take me four tries to get it working again. But I guess it is a $35 product...",true,1,2,"11","B07H4MPJ5X","Xbox One",false,34.99,"USD",0,0,0,11289,4.1,"https://www.amazon.com/dp/B07H4MPJ5X","46284.90",false,false,true,false,"Collective Minds Xbox One Mod Pack - Xbox One","https://m.media-amazon.com/images/I/71WGstrM25L._AC_UY218_.jpg"
"R2X3F95QRZUXD1","Reviewed in the United States on October 9, 2021",1,"Not worth the money","This pack is worthless. Bought it thinking it would be a quick and easy fix for trying to play one game. The pack wouldn't even connect to my controller when plugged in. Also when trying to be used the only button that would work was the Xbox home button. Save your money and buy an elite controller",true,1,2,"11","B07H4MPJ5X","Xbox One",false,34.99,"USD",0,0,0,11289,4.1,"https://www.amazon.com/dp/B07H4MPJ5X","46284.90",false,false,true,false,"Collective Minds Xbox One Mod Pack - Xbox One","https://m.media-amazon.com/images/I/71WGstrM25L._AC_UY218_.jpg"
"R2ISOJJTLKJ42I","Reviewed in the United States on October 6, 2021",1,"Strike pack only worked for 2 days","I’ve had the strike pack for 4 days and only been able to use it twice. The strike pack in not responsive nor is my controller when strike pack is plugged in. I tried firmware update and reset but no luck. I hope my replacement doesn’t end up like my current one.",true,1,2,"11","B07H4MPJ5X","Xbox One",false,34.99,"USD",0,0,0,11289,4.1,"https://www.amazon.com/dp/B07H4MPJ5X","46284.90",false,false,true,false,"Collective Minds Xbox One Mod Pack - Xbox One","https://m.media-amazon.com/images/I/71WGstrM25L._AC_UY218_.jpg"
"R3GKIZ1KTIFJXR","Reviewed in the United States on October 5, 2021",1,"Broke very fast","It broke super fast",true,1,2,"11","B07H4MPJ5X","Xbox One",false,34.99,"USD",0,0,0,11289,4.1,"https://www.amazon.com/dp/B07H4MPJ5X","46284.90",false,false,true,false,"Collective Minds Xbox One Mod Pack - Xbox One","https://m.media-amazon.com/images/I/71WGstrM25L._AC_UY218_.jpg"
"R2VQ32TCLD9KQL","Reviewed in the United States on October 5, 2021",1,"Don’t waste your money!!!","Product literally does nothing. I attempted to subscribe to mod central and website doesn’t load or work properly for updates. Customer support was no help after several email attempts. Don’t purchase this product, trust me",true,1,2,"11","B07H4MPJ5X","Xbox One",false,34.99,"USD",0,0,0,11289,4.1,"https://www.amazon.com/dp/B07H4MPJ5X","46284.90",false,false,true,false,"Collective Minds Xbox One Mod Pack - Xbox One","https://m.media-amazon.com/images/I/71WGstrM25L._AC_UY218_.jpg"
"R6SNQ821VNHBE","Reviewed in the United States on October 21, 2021",1,"didnt work","after getting it I took it out of the package to play the game. It wouldnt work. It said I had to either clean it or ensert another disk.Did both and still didnt work.I ordered another. Hopefully that one will work.",true,1,4,"14","B08CKL9K4Z","Xbox One",false,58.85,"USD",0,0,0,59,4,"https://www.amazon.com/dp/B08CKL9K4Z","236.00",false,false,false,false,"Far Cry 6 Xbox Series X S, Xbox One Standard Edition","https://m.media-amazon.com/images/I/81H9XVy5z8S._AC_UY218_.jpg"
"RBGQT9ABUL1A3","Reviewed in the United States on October 17, 2021",1,"Right game","Was not far cry 6. Download blood 4 blood.",true,1,4,"14","B08CKL9K4Z","Xbox One",false,58.85,"USD",0,0,0,59,4,"https://www.amazon.com/dp/B08CKL9K4Z","236.00",false,false,false,false,"Far Cry 6 Xbox Series X S, Xbox One Standard Edition","https://m.media-amazon.com/images/I/81H9XVy5z8S._AC_UY218_.jpg"
"R3JJCP1JBYNJPC","Reviewed in the United States on October 15, 2021",4,"Good. Could be better.","A great FC game. The only thing missing isthe graphics. It's defo last gen graphics with small enhancements. They could've done way more with these powerful current gen consoles.",true,1,4,"14","B08CKL9K4Z","Xbox One",false,58.85,"USD",0,0,0,59,4,"https://www.amazon.com/dp/B08CKL9K4Z","236.00",false,false,false,false,"Far Cry 6 Xbox Series X S, Xbox One Standard Edition","https://m.media-amazon.com/images/I/81H9XVy5z8S._AC_UY218_.jpg"
"R3B6V8CATQDKQ4","Reviewed in the United States on October 15, 2021",3,"Overall good gameplay but bugs and confussion abound","UPDATE: There are three things a seasoned Far Cry Player likes to do: Scout a target to see where all the soldiers and alarms are , be able to quickly change weapons as needed, understand the current objective.I have put this game away for the time being because so many of the missions are ill defined and enemies keep coming even when you turn off all the alarms. Down one helicopter using all your ammo and another shows up. Shoot everything in sight, allies even show up as if you are about to capture the area, then more soldiers materialize out of thin air. So much for scouting and planning!! It is unclear whether you are to accomplish a small objective and run away or capture the area. I would rather play when it is fixed, if ever, I say that because after the last update yet another big problem...The weapons wheel is malfunctioning.At first I thought my controller had gone bad, but I added a brand new wired controller and the same thing happened. First the wheel is hard to generate and may blink off. Then you are frozen on your current weapon and can't move the wheel. Next the weapon isn't really chosen and the wheel stays up, blocking whatever is shooting at you. You have to click the right control button to make it go away. But you still have the issue of not changing the weapon. So you might be fighting a helicopter with a hand gun. It makes the game unplayable.Old review below.....This could be a glitch in the xbox one version but there are a lot of retrieval and inventory issues.Could not kick in the boards on the bunker to get my first supplies. After capturing the first fort and spending a lot of time looking for and finding the armory key, I arrived at the door only to find the key missing from inventory. I went back to make sure I had taken it and i had.Once you leave the small island you've fled to and return to the main there are other issues. Checkpoints are easy to claim, but if you enjoy taking out alarm systems on forts without being detected, then removing the guards to claim the area, that doesn't seem to work anymore. Enemies keep coming, often appearing where you just shot one. Sooner or later you get killed or run out of supplies. I don't think the game is supposed to do this. It isn't fun if it is. I tried shooting every vehicle that arrived as well and nothing changed. Wait a few moments and the enemies appear again.The next issue has to do with picking up an item and also taking to people using the x command. Standing in exactly the right spot to generate the command gets old. Trying to pick up gear ten times in a row or simply get someones attention is not fun and you begin to wonder if you are really supposed to talk to them.There may be a global fix for this that they can apply, but it doesn't affect all objects and people.",true,1,4,"14","B08CKL9K4Z","Xbox One",false,58.85,"USD",0,0,0,59,4,"https://www.amazon.com/dp/B08CKL9K4Z","236.00",false,false,false,false,"Far Cry 6 Xbox Series X S, Xbox One Standard Edition","https://m.media-amazon.com/images/I/81H9XVy5z8S._AC_UY218_.jpg"
"R146WMSLUEVFHM","Reviewed in the United States on October 14, 2021",5,"fast shiping","i love amazon",true,1,4,"14","B08CKL9K4Z","Xbox One",false,58.85,"USD",0,0,0,59,4,"https://www.amazon.com/dp/B08CKL9K4Z","236.00",false,false,false,false,"Far Cry 6 Xbox Series X S, Xbox One Standard Edition","https://m.media-amazon.com/images/I/81H9XVy5z8S._AC_UY218_.jpg"
"R2FW6RNQ1W3IJI","Reviewed in the United States on October 13, 2021",1,"Wrong info","This product is not for the series s it finessed me out of 60$",true,1,4,"14","B08CKL9K4Z","Xbox One",false,58.85,"USD",0,0,0,59,4,"https://www.amazon.com/dp/B08CKL9K4Z","236.00",false,false,false,false,"Far Cry 6 Xbox Series X S, Xbox One Standard Edition","https://m.media-amazon.com/images/I/81H9XVy5z8S._AC_UY218_.jpg"
"R36B7TLKHVHSCO","Reviewed in the United States on October 12, 2021",2,"Weak Protagonist Who Dies Easily And Constantly.","The game is so hard and cumbersome at times and your character dies so pathetically easily (seemingly dead in one or two shots that barely connect with him) that it can become boring as you attempt and reattempt the same things over and over again until you finally accomplish them or give up. As others has said, someone could laugh at you as you shoot them with a flame thrower or assault rifle while they easily kill you with a handgun no matter how armed and how much armor you have.",true,1,4,"14","B08CKL9K4Z","Xbox One",false,58.85,"USD",0,0,0,59,4,"https://www.amazon.com/dp/B08CKL9K4Z","236.00",false,false,false,false,"Far Cry 6 Xbox Series X S, Xbox One Standard Edition","https://m.media-amazon.com/images/I/81H9XVy5z8S._AC_UY218_.jpg"
"RZ9O6AJTO5SGZ","Reviewed in the United States on October 12, 2021",1,"Defective","I ordered this for my hubby for an Xmas gift and the disc didn't work.I thought it was a fluke so i got a replacement and that one didn't work either.I put a different game in and it loaded with no issues.I returned both games and went to game stop and had no issues.I should have got it there in the first place but i didn't want to take my baby out to preorder.",true,1,4,"14","B08CKL9K4Z","Xbox One",false,58.85,"USD",0,0,0,59,4,"https://www.amazon.com/dp/B08CKL9K4Z","236.00",false,false,false,false,"Far Cry 6 Xbox Series X S, Xbox One Standard Edition","https://m.media-amazon.com/images/I/81H9XVy5z8S._AC_UY218_.jpg"
"R2KEP9WP80GLG0","Reviewed in the United States on October 11, 2021",5,"Another great game!","Great game! Highly addicting. Controls very well. Very massive open world to explore. Keep up the good work ubisoft.",true,1,4,"14","B08CKL9K4Z","Xbox One",false,58.85,"USD",0,0,0,59,4,"https://www.amazon.com/dp/B08CKL9K4Z","236.00",false,false,false,false,"Far Cry 6 Xbox Series X S, Xbox One Standard Edition","https://m.media-amazon.com/images/I/81H9XVy5z8S._AC_UY218_.jpg"
"RV0WJJU2AT09","Reviewed in the United States on October 10, 2021",5,"Excellent so far","I've been playing Far Cry 6 on the Xbox One for several days now, ever since the day it came out. The disk works perfectly with zero glitches, unusual for a huge game. Far Cry 6 looks like it will have a lot of playability since you have lots of stuff to do and lots of ways to do it.I can't complain about the game mechanics. Everything seems to have been thought through well. As is usual with the Far Cry series, you start with a small map and gradually expand your activities to bigger maps. And as you would expect from a Far Cry game, there are lots of quirky characters and you spend time capturing bases, crafting, and defeating evil characters.Every one of the games in the Far Cry series has improved on the previous game (although probably the original Far Cry was more fun than Far Cry 2 for most players). This game has every indication of being the best in the series and one of the greatest games to date.",true,1,4,"14","B08CKL9K4Z","Xbox One",false,58.85,"USD",0,0,0,59,4,"https://www.amazon.com/dp/B08CKL9K4Z","236.00",false,false,false,false,"Far Cry 6 Xbox Series X S, Xbox One Standard Edition","https://m.media-amazon.com/images/I/81H9XVy5z8S._AC_UY218_.jpg"
"R209RMABXZDAHN","Reviewed in the United States on October 6, 2021",5,"Happy Kid","Works and happy kid",true,1,7,"17","B089M5L82M","Xbox One",false,0,"USD",0,0,0,1791,4.7,"https://www.amazon.com/dp/B089M5L82M","8417.70",false,false,false,false,"Xbox One S 1TB Console [Previous Generation]","https://m.media-amazon.com/images/I/619Bmcg-EIL._AC_UY218_.jpg"
"R26AKLMPDFRDCV","Reviewed in the United States on October 4, 2021",1,"Junk!!!","This Xbox is junk! Do not buy from this site. After receiving this I tried to set up for my son and I took hours for it to finally register to the tv that the device was on. Once we got it on and an account created we couldn’t play any of the game. ALSO.. this Xbox is used. I tried activating the warranty and it had expired in 2019. Don’t waste your money!!",true,1,7,"17","B089M5L82M","Xbox One",false,0,"USD",0,0,0,1791,4.7,"https://www.amazon.com/dp/B089M5L82M","8417.70",false,false,false,false,"Xbox One S 1TB Console [Previous Generation]","https://m.media-amazon.com/images/I/619Bmcg-EIL._AC_UY218_.jpg"
"R98IOOQ6ETA74","Reviewed in the United States on October 2, 2021",5,"❤️","My Xbox one s works great came earlier then expected",true,1,7,"17","B089M5L82M","Xbox One",false,0,"USD",0,0,0,1791,4.7,"https://www.amazon.com/dp/B089M5L82M","8417.70",false,false,false,false,"Xbox One S 1TB Console [Previous Generation]","https://m.media-amazon.com/images/I/619Bmcg-EIL._AC_UY218_.jpg"
"R38PDV8KL3ZNX0","Reviewed in the United States on October 2, 2021",5,"Great service","Thank you. Everything is working as new. Looks new. Came on time. Thank you for your business",true,1,7,"17","B089M5L82M","Xbox One",false,0,"USD",0,0,0,1791,4.7,"https://www.amazon.com/dp/B089M5L82M","8417.70",false,false,false,false,"Xbox One S 1TB Console [Previous Generation]","https://m.media-amazon.com/images/I/619Bmcg-EIL._AC_UY218_.jpg"
"R2JHPL2XMFN9VX","Reviewed in the United States on September 25, 2021",5,"It works 😂","Works better than my old Xbox 😂🤷🏻‍♀️",true,1,7,"17","B089M5L82M","Xbox One",false,0,"USD",0,0,0,1791,4.7,"https://www.amazon.com/dp/B089M5L82M","8417.70",false,false,false,false,"Xbox One S 1TB Console [Previous Generation]","https://m.media-amazon.com/images/I/619Bmcg-EIL._AC_UY218_.jpg"
"R1J28K5SX1M568","Reviewed in the United States on September 16, 2021",1,"Illegal Xbox","Do not purchase any Xbox from this seller. I had an issue with the network chip after 3 months and contacted Microsoft to get it fixed. They informed me the Xbox was illegal for sale in the United States and that they were unable to do any work on it. It is not an Xbox that is the region for the United States and is a German Xbox. The seller will not help out and there is no warranty with Microsoft since it is illegal in the US.",true,1,7,"17","B089M5L82M","Xbox One",false,0,"USD",0,0,0,1791,4.7,"https://www.amazon.com/dp/B089M5L82M","8417.70",false,false,false,false,"Xbox One S 1TB Console [Previous Generation]","https://m.media-amazon.com/images/I/619Bmcg-EIL._AC_UY218_.jpg"
"R3A0MT7MYU9JHA","Reviewed in the United States on August 28, 2021",5,"Great product!","This item was purchased as a gift. It arrived promptly and looks amazing!!! Will definitely consider future purchases.",true,1,7,"17","B089M5L82M","Xbox One",false,0,"USD",0,0,0,1791,4.7,"https://www.amazon.com/dp/B089M5L82M","8417.70",false,false,false,false,"Xbox One S 1TB Console [Previous Generation]","https://m.media-amazon.com/images/I/619Bmcg-EIL._AC_UY218_.jpg"
"R2LKJ03886SGBW","Reviewed in the United States on August 27, 2021",5,"Thankful to have found this item","During this pandemic, a lot of videogame stores do not have consoles, controllers, or games. Thank God for Amazon and these sellers. Saved my life during this pandemic.",true,1,7,"17","B089M5L82M","Xbox One",false,0,"USD",0,0,0,1791,4.7,"https://www.amazon.com/dp/B089M5L82M","8417.70",false,false,false,false,"Xbox One S 1TB Console [Previous Generation]","https://m.media-amazon.com/images/I/619Bmcg-EIL._AC_UY218_.jpg"
"R3L8A9PNISNRRW","Reviewed in the United States on August 21, 2021",1,"Piece of crap","This Xbox died after just 4 months",true,1,7,"17","B089M5L82M","Xbox One",false,0,"USD",0,0,0,1791,4.7,"https://www.amazon.com/dp/B089M5L82M","8417.70",false,false,false,false,"Xbox One S 1TB Console [Previous Generation]","https://m.media-amazon.com/images/I/619Bmcg-EIL._AC_UY218_.jpg"
"R1VQT7MAIYD4K4","Reviewed in the United States on August 15, 2021",5,"Fast and New","Very happy with this purchase",true,1,7,"17","B089M5L82M","Xbox One",false,0,"USD",0,0,0,1791,4.7,"https://www.amazon.com/dp/B089M5L82M","8417.70",false,false,false,false,"Xbox One S 1TB Console [Previous Generation]","https://m.media-amazon.com/images/I/619Bmcg-EIL._AC_UY218_.jpg"
"RWCMPXNYY20YH","Reviewed in the United States on September 22, 2021",5,"Never Let Me Down","Ordered this product a couple years ago and I forgot to do the review. However it has been a dream for me to use this, it's Never let me down, it's really versatile. Excellent quality product, excellent 4K output quality. Together with a cooling stand, its been awesome. 1T of HDD runs out quick but its never really been a problem for me.",true,1,8,"18","B07NBVPZ6L","Xbox One",false,0,"USD",0,0,0,871,4.5,"https://www.amazon.com/dp/B07NBVPZ6L","3919.50",false,false,false,false,"Microsoft Xbox One X Console - 1TB w/ Accessories - Black","https://m.media-amazon.com/images/I/61LVSqb4BHL._AC_UY218_.jpg"
"R2AXZFB7LGOWXV","Reviewed in the United States on September 10, 2021",1,"Be careful","The system works good but the it’s not new it’s used and the controller didn’t work when I got it. I had to buy a new controller",true,1,8,"18","B07NBVPZ6L","Xbox One",false,0,"USD",0,0,0,871,4.5,"https://www.amazon.com/dp/B07NBVPZ6L","3919.50",false,false,false,false,"Microsoft Xbox One X Console - 1TB w/ Accessories - Black","https://m.media-amazon.com/images/I/61LVSqb4BHL._AC_UY218_.jpg"
"R1GHZN3IUPO1A5","Reviewed in the United States on September 9, 2021",4,"Overall great!","The xbox works great, and I really love it. The controller stopped working after about a week unfortunately. Other than that, no issues.",true,1,8,"18","B07NBVPZ6L","Xbox One",false,0,"USD",0,0,0,871,4.5,"https://www.amazon.com/dp/B07NBVPZ6L","3919.50",false,false,false,false,"Microsoft Xbox One X Console - 1TB w/ Accessories - Black","https://m.media-amazon.com/images/I/61LVSqb4BHL._AC_UY218_.jpg"
"R36QHGL697SWV2","Reviewed in the United States on September 7, 2021",1,"Do Not Buy","Received this less than a week ago and I got the green screen of death. Still trying to fix it, but seemingly is now like a $500 paperweight.",true,1,8,"18","B07NBVPZ6L","Xbox One",false,0,"USD",0,0,0,871,4.5,"https://www.amazon.com/dp/B07NBVPZ6L","3919.50",false,false,false,false,"Microsoft Xbox One X Console - 1TB w/ Accessories - Black","https://m.media-amazon.com/images/I/61LVSqb4BHL._AC_UY218_.jpg"
"R26Y6K861721GK","Reviewed in the United States on August 17, 2021",5,"Like new condition works great way faster then old X box one","No instructions but do everything on E box and phone",true,1,8,"18","B07NBVPZ6L","Xbox One",false,0,"USD",0,0,0,871,4.5,"https://www.amazon.com/dp/B07NBVPZ6L","3919.50",false,false,false,false,"Microsoft Xbox One X Console - 1TB w/ Accessories - Black","https://m.media-amazon.com/images/I/61LVSqb4BHL._AC_UY218_.jpg"
"R2VGG1CUSCM6U6","Reviewed in the United States on August 9, 2021",5,"Great gaming console for a first Xbox.","Bought used and it was well packaged. It came in almost mint condition. Arrived super quick. Came with all the cords and a controller. Works with Alexa which is a plus in every way.",true,1,8,"18","B07NBVPZ6L","Xbox One",false,0,"USD",0,0,0,871,4.5,"https://www.amazon.com/dp/B07NBVPZ6L","3919.50",false,false,false,false,"Microsoft Xbox One X Console - 1TB w/ Accessories - Black","https://m.media-amazon.com/images/I/61LVSqb4BHL._AC_UY218_.jpg"
"R16PRBQJBK8KRF","Reviewed in the United States on July 30, 2021",1,"Inaccurate Product Info","Product was listed as new. The console might have been new, but the box was open and an obvious attempt to reseal the box with cheap stickers that did not seal it. Not worth the risk.",true,1,8,"18","B07NBVPZ6L","Xbox One",false,0,"USD",0,0,0,871,4.5,"https://www.amazon.com/dp/B07NBVPZ6L","3919.50",false,false,false,false,"Microsoft Xbox One X Console - 1TB w/ Accessories - Black","https://m.media-amazon.com/images/I/61LVSqb4BHL._AC_UY218_.jpg"
"R1GICSERTP90B2","Reviewed in the United States on July 18, 2021",2,"Fast shipping, wrong parts.","The XBOX works great now that I went and purchased a power cord and new controller. The power cord that was sent did not fit the XBOX and the non wireless controller did not have a cord with it at all. Fortunately I was able to find these 2 things locally. Otherwise, shipping was fast and the equipment seems to be in good condition.",true,1,8,"18","B07NBVPZ6L","Xbox One",false,0,"USD",0,0,0,871,4.5,"https://www.amazon.com/dp/B07NBVPZ6L","3919.50",false,false,false,false,"Microsoft Xbox One X Console - 1TB w/ Accessories - Black","https://m.media-amazon.com/images/I/61LVSqb4BHL._AC_UY218_.jpg"
"RAUN0W4KPR5B7","Reviewed in the United States on July 12, 2021",5,"xbox 1 was as discribe","looked like new and worked perfectly",true,1,8,"18","B07NBVPZ6L","Xbox One",false,0,"USD",0,0,0,871,4.5,"https://www.amazon.com/dp/B07NBVPZ6L","3919.50",false,false,false,false,"Microsoft Xbox One X Console - 1TB w/ Accessories - Black","https://m.media-amazon.com/images/I/61LVSqb4BHL._AC_UY218_.jpg"
"RB1NLJXTVKUL2","Reviewed in the United States on July 7, 2021",1,"DISAPPOINTED .. HIGHLY.","I WAS TOLD THE UNIT WAS NEW .. BUT IT'S REFURBISHED",true,1,8,"18","B07NBVPZ6L","Xbox One",false,0,"USD",0,0,0,871,4.5,"https://www.amazon.com/dp/B07NBVPZ6L","3919.50",false,false,false,false,"Microsoft Xbox One X Console - 1TB w/ Accessories - Black","https://m.media-amazon.com/images/I/61LVSqb4BHL._AC_UY218_.jpg"
"R2R0HE6O6AE3KM","Reviewed in the United States on June 5, 2021",5,"Fast delivery, no issues","Everything came in worked perfectly no issues fast delivery",true,1,10,"110","B084ZB8VPS","Xbox One",false,0,"USD",0,0,0,513,4.7,"https://www.amazon.com/dp/B084ZB8VPS","2411.10",false,false,false,false,"Microsoft Xbox One S 1TB All-Digital Edition Console with Xbox One Wireless Controller and 1 Month Xbox Live Gold Membersh...","https://m.media-amazon.com/images/I/71pDaLVdGgL._AC_UY218_.jpg"
"R3BXGP3JHCCIUB","Reviewed in the United States on April 11, 2021",5,"Kids love it","Love it very fast and easy",true,1,10,"110","B084ZB8VPS","Xbox One",false,0,"USD",0,0,0,513,4.7,"https://www.amazon.com/dp/B084ZB8VPS","2411.10",false,false,false,false,"Microsoft Xbox One S 1TB All-Digital Edition Console with Xbox One Wireless Controller and 1 Month Xbox Live Gold Membersh...","https://m.media-amazon.com/images/I/71pDaLVdGgL._AC_UY218_.jpg"
"R3KXLJNFBW8QF5","Reviewed in the United States on February 11, 2021",5,"It’s perfect for the x box lover","My son can not stop playing",true,1,10,"110","B084ZB8VPS","Xbox One",false,0,"USD",0,0,0,513,4.7,"https://www.amazon.com/dp/B084ZB8VPS","2411.10",false,false,false,false,"Microsoft Xbox One S 1TB All-Digital Edition Console with Xbox One Wireless Controller and 1 Month Xbox Live Gold Membersh...","https://m.media-amazon.com/images/I/71pDaLVdGgL._AC_UY218_.jpg"
"R1810RMP4ORQND","Reviewed in the United States on January 30, 2021",5,"it does it job","Works like all other xbox one systems",true,1,10,"110","B084ZB8VPS","Xbox One",false,0,"USD",0,0,0,513,4.7,"https://www.amazon.com/dp/B084ZB8VPS","2411.10",false,false,false,false,"Microsoft Xbox One S 1TB All-Digital Edition Console with Xbox One Wireless Controller and 1 Month Xbox Live Gold Membersh...","https://m.media-amazon.com/images/I/71pDaLVdGgL._AC_UY218_.jpg"
"REKJKBXGQGU5I","Reviewed in the United States on January 24, 2021",5,"Review","Gaming",true,1,10,"110","B084ZB8VPS","Xbox One",false,0,"USD",0,0,0,513,4.7,"https://www.amazon.com/dp/B084ZB8VPS","2411.10",false,false,false,false,"Microsoft Xbox One S 1TB All-Digital Edition Console with Xbox One Wireless Controller and 1 Month Xbox Live Gold Membersh...","https://m.media-amazon.com/images/I/71pDaLVdGgL._AC_UY218_.jpg"
"R3B3K33RAGG4UR","Reviewed in the United States on January 2, 2021",5,"Kids love it!","This Xbox still performs well and the newest model isn't even able to fully utilize all of its own features.There aren't many games out for the new one yet either so we went with this one and the kids love it.",true,1,10,"110","B084ZB8VPS","Xbox One",false,0,"USD",0,0,0,513,4.7,"https://www.amazon.com/dp/B084ZB8VPS","2411.10",false,false,false,false,"Microsoft Xbox One S 1TB All-Digital Edition Console with Xbox One Wireless Controller and 1 Month Xbox Live Gold Membersh...","https://m.media-amazon.com/images/I/71pDaLVdGgL._AC_UY218_.jpg"
"RLLSWJBW6K3Z5","Reviewed in the United States on January 1, 2021",5,"SO happy","Best purchase. Works great, have been using for over a year now. There has been about 3-4 times within a year that it's frozen up on me, which was whatever! Simply restart and it was fixed!",true,1,10,"110","B084ZB8VPS","Xbox One",false,0,"USD",0,0,0,513,4.7,"https://www.amazon.com/dp/B084ZB8VPS","2411.10",false,false,false,false,"Microsoft Xbox One S 1TB All-Digital Edition Console with Xbox One Wireless Controller and 1 Month Xbox Live Gold Membersh...","https://m.media-amazon.com/images/I/71pDaLVdGgL._AC_UY218_.jpg"
"RYPFB8C3JMOLK","Reviewed in the United States on December 28, 2020",5,"Love this","Got this for my husband for Christmas and he loves it!",true,1,10,"110","B084ZB8VPS","Xbox One",false,0,"USD",0,0,0,513,4.7,"https://www.amazon.com/dp/B084ZB8VPS","2411.10",false,false,false,false,"Microsoft Xbox One S 1TB All-Digital Edition Console with Xbox One Wireless Controller and 1 Month Xbox Live Gold Membersh...","https://m.media-amazon.com/images/I/71pDaLVdGgL._AC_UY218_.jpg"
"R3S7B99LLN8IUG","Reviewed in the United States on December 17, 2020",5,"fun","came with three months free of xbox gold, good for the price and love using it",true,1,10,"110","B084ZB8VPS","Xbox One",false,0,"USD",0,0,0,513,4.7,"https://www.amazon.com/dp/B084ZB8VPS","2411.10",false,false,false,false,"Microsoft Xbox One S 1TB All-Digital Edition Console with Xbox One Wireless Controller and 1 Month Xbox Live Gold Membersh...","https://m.media-amazon.com/images/I/71pDaLVdGgL._AC_UY218_.jpg"
"R17MWXW2ZK1H87","Reviewed in the United States on October 26, 2020",5,"Worth it","You can never go wrong owning an Xbox",true,1,10,"110","B084ZB8VPS","Xbox One",false,0,"USD",0,0,0,513,4.7,"https://www.amazon.com/dp/B084ZB8VPS","2411.10",false,false,false,false,"Microsoft Xbox One S 1TB All-Digital Edition Console with Xbox One Wireless Controller and 1 Month Xbox Live Gold Membersh...","https://m.media-amazon.com/images/I/71pDaLVdGgL._AC_UY218_.jpg"
"cr-translate--2006500034",,,"","",false,1,11,"111","B01L1Y0RZQ","Xbox One",false,0,"USD",0,0,0,1381,4.7,"https://www.amazon.com/dp/B01L1Y0RZQ","6490.70",false,false,false,false,"Xbox One S 500GB Console - Minecraft Bundle [Discontinued]","https://m.media-amazon.com/images/I/71c7C-q7K6L._AC_UY218_.jpg"
"R1MJU86VPYFZZG","Reviewed in the United States on September 14, 2021",5,"Great purchase","It came brand new condition. Everything works perfectly on it.",true,1,11,"111","B01L1Y0RZQ","Xbox One",false,0,"USD",0,0,0,1381,4.7,"https://www.amazon.com/dp/B01L1Y0RZQ","6490.70",false,false,false,false,"Xbox One S 500GB Console - Minecraft Bundle [Discontinued]","https://m.media-amazon.com/images/I/71c7C-q7K6L._AC_UY218_.jpg"
"R31AL0HM8AG3DM","Reviewed in the United States on August 27, 2021",2,"Muy usado muy caro","Muy usado roto",true,1,11,"111","B01L1Y0RZQ","Xbox One",false,0,"USD",0,0,0,1381,4.7,"https://www.amazon.com/dp/B01L1Y0RZQ","6490.70",false,false,false,false,"Xbox One S 500GB Console - Minecraft Bundle [Discontinued]","https://m.media-amazon.com/images/I/71c7C-q7K6L._AC_UY218_.jpg"
"RI0G0XE7YT868","Reviewed in the United States on August 19, 2021",5,"Xbox One 500g can be enjoyed by all the family","The Xbox One 500g has been enjoyed by my grandsons and their father. It brings the guys together and they can enjoy the game and their togetherness",true,1,11,"111","B01L1Y0RZQ","Xbox One",false,0,"USD",0,0,0,1381,4.7,"https://www.amazon.com/dp/B01L1Y0RZQ","6490.70",false,false,false,false,"Xbox One S 500GB Console - Minecraft Bundle [Discontinued]","https://m.media-amazon.com/images/I/71c7C-q7K6L._AC_UY218_.jpg"
"R2YP9J2N7FCGOA","Reviewed in the United States on July 21, 2021",5,"Two thumbs up!","Exactly what we ordered. No complaints so far!",true,1,11,"111","B01L1Y0RZQ","Xbox One",false,0,"USD",0,0,0,1381,4.7,"https://www.amazon.com/dp/B01L1Y0RZQ","6490.70",false,false,false,false,"Xbox One S 500GB Console - Minecraft Bundle [Discontinued]","https://m.media-amazon.com/images/I/71c7C-q7K6L._AC_UY218_.jpg"
"R20WGGVKHU2WWI","Reviewed in the United States on June 13, 2021",5,"Outlasts!","I have had this console for years! I bought it as a Birthday gift for my son, who would use it for 8+ hours everyday if I let him. We have thankfully had no issues and would recommend this specific one over the rest. I didn't realize I never write a review...sorry for the late response!",true,1,11,"111","B01L1Y0RZQ","Xbox One",false,0,"USD",0,0,0,1381,4.7,"https://www.amazon.com/dp/B01L1Y0RZQ","6490.70",false,false,false,false,"Xbox One S 500GB Console - Minecraft Bundle [Discontinued]","https://m.media-amazon.com/images/I/71c7C-q7K6L._AC_UY218_.jpg"
"R2WYOQ6JW80WK4","Reviewed in the United States on February 14, 2021",1,"DO NOT BUY FROM PIGGY TECH","I gave this one star because zero wasn’t an option.. This product was purchased for my son for Christmas. It not only came with game passes, Xbox live cards, and other bundle accessories that were already used. After paying almost $600 for this this scam after shipping, I still had to go buy half of everything “included” all over again, just to get it to work. Supposedly this was brand new in the box, never opened!! It worked for a total of 5 weeks and will not power on and When does the screen is black. I contacted the company and they refused to take it back and refund after 30 days or at the least even try to replace it with a working console. They are absolute frauds and could use some real lessons on not scamming people and practicing better customer service!!",true,1,11,"111","B01L1Y0RZQ","Xbox One",false,0,"USD",0,0,0,1381,4.7,"https://www.amazon.com/dp/B01L1Y0RZQ","6490.70",false,false,false,false,"Xbox One S 500GB Console - Minecraft Bundle [Discontinued]","https://m.media-amazon.com/images/I/71c7C-q7K6L._AC_UY218_.jpg"
"R61SCYGFZGB7M","Reviewed in the United States on January 20, 2021",5,"Great 👍🏼","Awesome look new Xbox thank you",true,1,11,"111","B01L1Y0RZQ","Xbox One",false,0,"USD",0,0,0,1381,4.7,"https://www.amazon.com/dp/B01L1Y0RZQ","6490.70",false,false,false,false,"Xbox One S 500GB Console - Minecraft Bundle [Discontinued]","https://m.media-amazon.com/images/I/71c7C-q7K6L._AC_UY218_.jpg"
"R2RIVU4ZGLXU7A","Reviewed in the United States on December 21, 2020",4,"Great deal","Seems to work well, in good condition. Only down side was it did not come in a box as it was a gift but other than that everything was perfect.",true,1,11,"111","B01L1Y0RZQ","Xbox One",false,0,"USD",0,0,0,1381,4.7,"https://www.amazon.com/dp/B01L1Y0RZQ","6490.70",false,false,false,false,"Xbox One S 500GB Console - Minecraft Bundle [Discontinued]","https://m.media-amazon.com/images/I/71c7C-q7K6L._AC_UY218_.jpg"
"R38PMDZPSONIEY","Reviewed in the United States on December 9, 2020",1,"Questionable advertisement and product.","This product was NOT advertised appropriately. According to the photos it was going to be packaged in a mine craft box and new. This product was used and had a sticky residue on the outside of the Xbox. The remote controller also had some white crusty stuff (?) around the joy stick.",true,1,11,"111","B01L1Y0RZQ","Xbox One",false,0,"USD",0,0,0,1381,4.7,"https://www.amazon.com/dp/B01L1Y0RZQ","6490.70",false,false,false,false,"Xbox One S 500GB Console - Minecraft Bundle [Discontinued]","https://m.media-amazon.com/images/I/71c7C-q7K6L._AC_UY218_.jpg"
"R2ABRMM4OJSIFV","Reviewed in the United States on December 3, 2020",1,"Quality","No controller, empty game box, and package looked smashed when delivered, very unhappy!!!!!",true,1,11,"111","B01L1Y0RZQ","Xbox One",false,0,"USD",0,0,0,1381,4.7,"https://www.amazon.com/dp/B01L1Y0RZQ","6490.70",false,false,false,false,"Xbox One S 500GB Console - Minecraft Bundle [Discontinued]","https://m.media-amazon.com/images/I/71c7C-q7K6L._AC_UY218_.jpg"
"R25LL8N2B8PU5C","Reviewed in the United States on October 14, 2021",5,"Very happy :)","Amazing quality! Perfect condition! Very happy with my purchase. 10/10 would recommend!!!",true,1,12,"112","B074WPGYRF","Xbox One",false,719,"USD",0,0,0,5334,4.6,"https://www.amazon.com/dp/B074WPGYRF","24536.40",false,false,false,false,"Microsoft Xbox One X 1Tb Console With Wireless Controller: Xbox One X Enhanced, Hdr, Native 4K, Ultra Hd (Discontinued)","https://m.media-amazon.com/images/I/61ux1cU49XL._AC_UY218_.jpg"
"R9LEHL1Y3OGWX","Reviewed in the United States on October 8, 2021",5,"better then the description","box was a little damages no prpblem there console came looikng brand new very well packed i will be posting vids of my console and doing a instant 1,3,6 month update so far im very happy thankyou gamergirls better then expected flawless not a scratch nothing even seems used",true,1,12,"112","B074WPGYRF","Xbox One",false,719,"USD",0,0,0,5334,4.6,"https://www.amazon.com/dp/B074WPGYRF","24536.40",false,false,false,false,"Microsoft Xbox One X 1Tb Console With Wireless Controller: Xbox One X Enhanced, Hdr, Native 4K, Ultra Hd (Discontinued)","https://m.media-amazon.com/images/I/61ux1cU49XL._AC_UY218_.jpg"
"R3Q7MKPEOZITVY","Reviewed in the United States on October 5, 2021",1,"Water damage","After about 2-3 months of running fine It had stopped putting out a signal of HDMI after finding out that the warranty was void due to this Xbox being opened ! Before purchasing! I had opened it up planning to use my thermal camera to find a bad HDMI IN instead I find water damage all over the board waste of money",true,1,12,"112","B074WPGYRF","Xbox One",false,719,"USD",0,0,0,5334,4.6,"https://www.amazon.com/dp/B074WPGYRF","24536.40",false,false,false,false,"Microsoft Xbox One X 1Tb Console With Wireless Controller: Xbox One X Enhanced, Hdr, Native 4K, Ultra Hd (Discontinued)","https://m.media-amazon.com/images/I/61ux1cU49XL._AC_UY218_.jpg"
"R11ELU725XRGCU","Reviewed in the United States on October 5, 2021",1,"Wth","I spent 470 for an Xbox one x but I only got an Xbox one I’m not happy with this",true,1,12,"112","B074WPGYRF","Xbox One",false,719,"USD",0,0,0,5334,4.6,"https://www.amazon.com/dp/B074WPGYRF","24536.40",false,false,false,false,"Microsoft Xbox One X 1Tb Console With Wireless Controller: Xbox One X Enhanced, Hdr, Native 4K, Ultra Hd (Discontinued)","https://m.media-amazon.com/images/I/61ux1cU49XL._AC_UY218_.jpg"
"R2NBRWWPBCTF2R","Reviewed in the United States on September 29, 2021",5,"So far so good","Was in good shape and came with everything needed.Hopefully it lasts.Thanks",true,1,12,"112","B074WPGYRF","Xbox One",false,719,"USD",0,0,0,5334,4.6,"https://www.amazon.com/dp/B074WPGYRF","24536.40",false,false,false,false,"Microsoft Xbox One X 1Tb Console With Wireless Controller: Xbox One X Enhanced, Hdr, Native 4K, Ultra Hd (Discontinued)","https://m.media-amazon.com/images/I/61ux1cU49XL._AC_UY218_.jpg"
"RAH1CTF98CDAJ","Reviewed in the United States on September 23, 2021",3,"Heats up way to hot.","This thing is like a furnace once its on, I'm not sure if its supposed to be like that...",true,1,12,"112","B074WPGYRF","Xbox One",false,719,"USD",0,0,0,5334,4.6,"https://www.amazon.com/dp/B074WPGYRF","24536.40",false,false,false,false,"Microsoft Xbox One X 1Tb Console With Wireless Controller: Xbox One X Enhanced, Hdr, Native 4K, Ultra Hd (Discontinued)","https://m.media-amazon.com/images/I/61ux1cU49XL._AC_UY218_.jpg"
"R2V2CN8Y30BP8S","Reviewed in the United States on September 23, 2021",1,"Pos refurbished console","This thing worked for 4 months barely then its is having electrical issues turns on 20 seconds turns off thanks for taking my money 💰",true,1,12,"112","B074WPGYRF","Xbox One",false,719,"USD",0,0,0,5334,4.6,"https://www.amazon.com/dp/B074WPGYRF","24536.40",false,false,false,false,"Microsoft Xbox One X 1Tb Console With Wireless Controller: Xbox One X Enhanced, Hdr, Native 4K, Ultra Hd (Discontinued)","https://m.media-amazon.com/images/I/61ux1cU49XL._AC_UY218_.jpg"
"R3GBHH7SWTGHR3","Reviewed in the United States on September 16, 2021",5,"Worked great","Held me over in tell I bought next gen",true,1,12,"112","B074WPGYRF","Xbox One",false,719,"USD",0,0,0,5334,4.6,"https://www.amazon.com/dp/B074WPGYRF","24536.40",false,false,false,false,"Microsoft Xbox One X 1Tb Console With Wireless Controller: Xbox One X Enhanced, Hdr, Native 4K, Ultra Hd (Discontinued)","https://m.media-amazon.com/images/I/61ux1cU49XL._AC_UY218_.jpg"
"R38GJKN27T5PWY","Reviewed in the United States on September 15, 2021",1,"Don’t buy from here, it’s BS and doesn’t work","I got this for my friend in Canada as a birthday gift, he was able to turn it on and login into his account but the Xbox kept freezing and stuttering. Finally it just won’t turn on at all and he just got it TODAY. Spent a lot of money trying to get him it and now he can’t even return it cause the Canadian post wants him to pay $500 for shipping for returning it. What a huge waste of money and time. Don’t buy from here, you’ll only be disappointed the Xbox’s don’t work and you’re just giving these people your money. Guess there goes almost $500",true,1,12,"112","B074WPGYRF","Xbox One",false,719,"USD",0,0,0,5334,4.6,"https://www.amazon.com/dp/B074WPGYRF","24536.40",false,false,false,false,"Microsoft Xbox One X 1Tb Console With Wireless Controller: Xbox One X Enhanced, Hdr, Native 4K, Ultra Hd (Discontinued)","https://m.media-amazon.com/images/I/61ux1cU49XL._AC_UY218_.jpg"
"R2MN9SUC2VCZ1E","Reviewed in the United States on September 14, 2021",5,"Works for what I needed it for.","Works for what I needed it for.",true,1,12,"112","B074WPGYRF","Xbox One",false,719,"USD",0,0,0,5334,4.6,"https://www.amazon.com/dp/B074WPGYRF","24536.40",false,false,false,false,"Microsoft Xbox One X 1Tb Console With Wireless Controller: Xbox One X Enhanced, Hdr, Native 4K, Ultra Hd (Discontinued)","https://m.media-amazon.com/images/I/61ux1cU49XL._AC_UY218_.jpg"
"R1KC4NDISEIWMD","Reviewed in the United States on July 25, 2021",5,"Great product","Worth the price and has lasted many years",true,1,13,"113","B0753FNRJY","Xbox One",false,698,"USD",0,0,0,501,4.7,"https://www.amazon.com/dp/B0753FNRJY","2354.70",false,false,false,false,"Xbox One S 1TB Limited Edition Console - Minecraft Bundle [Discontinued]","https://m.media-amazon.com/images/I/511PecgfrxL._AC_UY218_.jpg"
"R1GX4KO06HUKH4","Reviewed in the United States on July 23, 2021",5,"Good","It's a good game console it's really nice my son loves it",true,1,13,"113","B0753FNRJY","Xbox One",false,698,"USD",0,0,0,501,4.7,"https://www.amazon.com/dp/B0753FNRJY","2354.70",false,false,false,false,"Xbox One S 1TB Limited Edition Console - Minecraft Bundle [Discontinued]","https://m.media-amazon.com/images/I/511PecgfrxL._AC_UY218_.jpg"
"R2NYJ6T7QFKRO0","Reviewed in the United States on July 16, 2021",5,"It's a grass pod from Minecraft","The kids were so excited for it plus they had their own remote control...",true,1,13,"113","B0753FNRJY","Xbox One",false,698,"USD",0,0,0,501,4.7,"https://www.amazon.com/dp/B0753FNRJY","2354.70",false,false,false,false,"Xbox One S 1TB Limited Edition Console - Minecraft Bundle [Discontinued]","https://m.media-amazon.com/images/I/511PecgfrxL._AC_UY218_.jpg"
"R3MQWGWP71KZ1W","Reviewed in the United States on July 7, 2021",4,"Console is Amazing, Controller has Issues","The console itself works and looks fantastic.To date I have not had troubles with it whatsoever!I absolutely love the console....with that being said, the Creeper controller began functioning oddly about a week after using it.When in game, if you stop moving/stand idle for about 15 - 30 seconds your character begins slowly walking forward on it's own.Using the joystick you can stop it by briefly backing up but after another short span it will do it again.It happens on any game or any keyboard where the joystick is usable.",true,1,13,"113","B0753FNRJY","Xbox One",false,698,"USD",0,0,0,501,4.7,"https://www.amazon.com/dp/B0753FNRJY","2354.70",false,false,false,false,"Xbox One S 1TB Limited Edition Console - Minecraft Bundle [Discontinued]","https://m.media-amazon.com/images/I/511PecgfrxL._AC_UY218_.jpg"
"R2J43O8SYHCMCM","Reviewed in the United States on June 23, 2021",1,"Disappointed","I receive damaged Xbox very disappointed",true,1,13,"113","B0753FNRJY","Xbox One",false,698,"USD",0,0,0,501,4.7,"https://www.amazon.com/dp/B0753FNRJY","2354.70",false,false,false,false,"Xbox One S 1TB Limited Edition Console - Minecraft Bundle [Discontinued]","https://m.media-amazon.com/images/I/511PecgfrxL._AC_UY218_.jpg"
"R2NWKWO4VZLE5H","Reviewed in the United States on May 10, 2021",5,"Very happy","Packaging was great! It came with everything promised! Very happy!!!",true,1,13,"113","B0753FNRJY","Xbox One",false,698,"USD",0,0,0,501,4.7,"https://www.amazon.com/dp/B0753FNRJY","2354.70",false,false,false,false,"Xbox One S 1TB Limited Edition Console - Minecraft Bundle [Discontinued]","https://m.media-amazon.com/images/I/511PecgfrxL._AC_UY218_.jpg"
"R2GLVSSTJLJPRA","Reviewed in the United States on December 2, 2020",2,"Watch out!! Region specific DVD & Blu-ray","This has actually been and is a cool product. It runs great expcet...That I live in the US and the Xbox we receive is DVD locked to South East Asia and so we cannot watch any DVDs or blue rays. There was no indication that this Xbox would be a difrent region format.This Xbox was shipped from the US, wich I'm pretty sure means so one got a shipment in from Asia and started selling them not noing about region formatting.",true,1,13,"113","B0753FNRJY","Xbox One",false,698,"USD",0,0,0,501,4.7,"https://www.amazon.com/dp/B0753FNRJY","2354.70",false,false,false,false,"Xbox One S 1TB Limited Edition Console - Minecraft Bundle [Discontinued]","https://m.media-amazon.com/images/I/511PecgfrxL._AC_UY218_.jpg"
"R50D9DRHM68BC","Reviewed in the United States on November 25, 2020",5,"GREAT console for the Minecraft Lover!","Bought this for our son's birthday, he is a HUGE Minecrafter. The system has worked flawlessly. We bought additional PIG controllers to go with the system. It's such a cute console, it's completely Minecraft themed and I love it!",true,1,13,"113","B0753FNRJY","Xbox One",false,698,"USD",0,0,0,501,4.7,"https://www.amazon.com/dp/B0753FNRJY","2354.70",false,false,false,false,"Xbox One S 1TB Limited Edition Console - Minecraft Bundle [Discontinued]","https://m.media-amazon.com/images/I/511PecgfrxL._AC_UY218_.jpg"
"R12ZSBFK1NSAP4","Reviewed in the United States on July 15, 2020",5,"Great design, love the Creeper and Piggy 🐷 controllers.","Love it! The Minecraft design is great. Redstone design on the back side. Controller work better that the generic one I bought.",true,1,13,"113","B0753FNRJY","Xbox One",false,698,"USD",0,0,0,501,4.7,"https://www.amazon.com/dp/B0753FNRJY","2354.70",false,false,false,false,"Xbox One S 1TB Limited Edition Console - Minecraft Bundle [Discontinued]","https://m.media-amazon.com/images/I/511PecgfrxL._AC_UY218_.jpg"
"R31LPYIPH6HQJ8","Reviewed in the United States on June 16, 2020",1,"Won't stay on longer than a few seconds","Got this for my son's birthday, since day one it won't stay on. It'll turn on for about 2 minutes and then shut off, after that it won't even boot up. I've replaced the power cord, tried cleaning the fan, it can't be overheating since it won't even stay on long enough to heat up so there must be an internal problem. Unfortunately since it's been over 30 days since it arrived I'm out almost 500 dollars since they don't accept returns after that time period. Very disappointed.",true,1,13,"113","B0753FNRJY","Xbox One",false,698,"USD",0,0,0,501,4.7,"https://www.amazon.com/dp/B0753FNRJY","2354.70",false,false,false,false,"Xbox One S 1TB Limited Edition Console - Minecraft Bundle [Discontinued]","https://m.media-amazon.com/images/I/511PecgfrxL._AC_UY218_.jpg"
"R2L3NTQNSZD8LD","Reviewed in the United States on October 22, 2021",1,"Worst headset I've ever owned.","Disconnects within 15 feet, fits too tight, gets static for no reason. Just overall a ton of connectivity issues for $100",true,1,14,"114","B08D44WKC4","Xbox One",false,99.95,"USD",0,0,0,18709,4.5,"https://www.amazon.com/dp/B08D44WKC4","84190.50",false,false,false,false,"Sponsored Ad - Turtle Beach Stealth 600 Gen 2 Wireless Gaming Headset for Xbox Series X & Xbox Series S, Xbox One, & Windo...","https://m.media-amazon.com/images/I/81KCsmoRp+L._AC_UY218_.jpg"
"R1XQUKJ9YT0SXZ","Reviewed in the United States on October 22, 2021",3,"Good sound","It has great sound and great imersion ecwpt for it losing connextion every now and again",true,1,14,"114","B08D44WKC4","Xbox One",false,99.95,"USD",0,0,0,18709,4.5,"https://www.amazon.com/dp/B08D44WKC4","84190.50",false,false,false,false,"Sponsored Ad - Turtle Beach Stealth 600 Gen 2 Wireless Gaming Headset for Xbox Series X & Xbox Series S, Xbox One, & Windo...","https://m.media-amazon.com/images/I/81KCsmoRp+L._AC_UY218_.jpg"
"R13NOY7Z4JXETP","Reviewed in the United States on October 21, 2021",1,"Headset strap broke","Headset strap broke 6 months after initial use. Seems to be a common failure based on the reviews I've read.Filed warranty claim in October 2021.Will update after claim is reviewed.",true,1,14,"114","B08D44WKC4","Xbox One",false,99.95,"USD",0,0,0,18709,4.5,"https://www.amazon.com/dp/B08D44WKC4","84190.50",false,false,false,false,"Sponsored Ad - Turtle Beach Stealth 600 Gen 2 Wireless Gaming Headset for Xbox Series X & Xbox Series S, Xbox One, & Windo...","https://m.media-amazon.com/images/I/81KCsmoRp+L._AC_UY218_.jpg"
"RERTYZHFOWTD4","Reviewed in the United States on October 20, 2021",4,"Great","only bad thing is the mic monitoring",true,1,14,"114","B08D44WKC4","Xbox One",false,99.95,"USD",0,0,0,18709,4.5,"https://www.amazon.com/dp/B08D44WKC4","84190.50",false,false,false,false,"Sponsored Ad - Turtle Beach Stealth 600 Gen 2 Wireless Gaming Headset for Xbox Series X & Xbox Series S, Xbox One, & Windo...","https://m.media-amazon.com/images/I/81KCsmoRp+L._AC_UY218_.jpg"
"R3UVNYQJQOKWVC","Reviewed in the United States on October 20, 2021",1,"Quality","ill be honest I liked this pair of headphones... When they worked, I was having a lot of connectivity issues with my pc. I found something to make it work but I was still having issues went to try and return it and it said we are sorry but this item isn't available to return and it wasn't even close to 30 days.now the review of the product when it worked it was okay at best the surround sound wasn't all to great for me and I had pretty high hopes for this set of headphones, I saw a lot of people sayin that you should ""do your update"" didn't change the quality for me. so all in all pretty bad",true,1,14,"114","B08D44WKC4","Xbox One",false,99.95,"USD",0,0,0,18709,4.5,"https://www.amazon.com/dp/B08D44WKC4","84190.50",false,false,false,false,"Sponsored Ad - Turtle Beach Stealth 600 Gen 2 Wireless Gaming Headset for Xbox Series X & Xbox Series S, Xbox One, & Windo...","https://m.media-amazon.com/images/I/81KCsmoRp+L._AC_UY218_.jpg"
"RFD5JSTRGZ7OD","Reviewed in the United States on October 16, 2021",5,"Bluetooth headphones","Awesome",true,1,14,"114","B08D44WKC4","Xbox One",false,99.95,"USD",0,0,0,18709,4.5,"https://www.amazon.com/dp/B08D44WKC4","84190.50",false,false,false,false,"Sponsored Ad - Turtle Beach Stealth 600 Gen 2 Wireless Gaming Headset for Xbox Series X & Xbox Series S, Xbox One, & Windo...","https://m.media-amazon.com/images/I/81KCsmoRp+L._AC_UY218_.jpg"
"R14OVL51ERQ50R","Reviewed in the United States on October 16, 2021",1,"Absolutely terrible","I bought these about 4 months ago and they have already broke. They don’t hold a charge they connect for maybe a minute and die. Turtle Beach won’t return my emails or calls definitely wouldn’t buy!",true,1,14,"114","B08D44WKC4","Xbox One",false,99.95,"USD",0,0,0,18709,4.5,"https://www.amazon.com/dp/B08D44WKC4","84190.50",false,false,false,false,"Sponsored Ad - Turtle Beach Stealth 600 Gen 2 Wireless Gaming Headset for Xbox Series X & Xbox Series S, Xbox One, & Windo...","https://m.media-amazon.com/images/I/81KCsmoRp+L._AC_UY218_.jpg"
"R1R7MSV8FK1H3J","Reviewed in the United States on October 15, 2021",1,"Headphones with terrible audio","I thought I was splurging and buying myself something nice for once, but these headphones are GARBAGE. The one thing headphones are supposed to do, the ONLY thing headphones are supposed to do is provide audio, and these trash things can't even do that. They keep breaking up, and cut in and out. Like CONSTANTLY. The Microsoft headphones I had for years crapped out because 3.5 jacks are awful, so I thought wireless would be better. I was wrong. Don't buy these.",true,1,14,"114","B08D44WKC4","Xbox One",false,99.95,"USD",0,0,0,18709,4.5,"https://www.amazon.com/dp/B08D44WKC4","84190.50",false,false,false,false,"Sponsored Ad - Turtle Beach Stealth 600 Gen 2 Wireless Gaming Headset for Xbox Series X & Xbox Series S, Xbox One, & Windo...","https://m.media-amazon.com/images/I/81KCsmoRp+L._AC_UY218_.jpg"
"R3IJ7UG6858JEQ","Reviewed in the United States on October 15, 2021",2,"Not worth the price","The out of the box experience isn't great - ear pads are uncomfortable out of the gate and take a couple of weeks to really break in. Mic monitoring is horrid at default settings, and while it can be corrected you have to connect to a computer and run updates - not what you're looking for in a piece of console hardware.Once the ear cups are broken in and you've done the updates, these will be acceptable for a while, with only a few annoyances like random de-syncing... and then the headband will just randomly break one day while you're wearing the headset. I got about 8 months of use from mine before it broke, but it sounds like a lot of people have had even worse luck with durability.Not at all what I expected from Turtle Beach at this price point...",true,1,14,"114","B08D44WKC4","Xbox One",false,99.95,"USD",0,0,0,18709,4.5,"https://www.amazon.com/dp/B08D44WKC4","84190.50",false,false,false,false,"Sponsored Ad - Turtle Beach Stealth 600 Gen 2 Wireless Gaming Headset for Xbox Series X & Xbox Series S, Xbox One, & Windo...","https://m.media-amazon.com/images/I/81KCsmoRp+L._AC_UY218_.jpg"
"R2T48FJ6M09TJT","Reviewed in the United States on October 15, 2021",5,"Outstanding Product-Excellent Sound Quality","I enjoyed the first one I ordered so much,I ordered a second for another location.Outstanding sound.",true,1,14,"114","B08D44WKC4","Xbox One",false,99.95,"USD",0,0,0,18709,4.5,"https://www.amazon.com/dp/B08D44WKC4","84190.50",false,false,false,false,"Sponsored Ad - Turtle Beach Stealth 600 Gen 2 Wireless Gaming Headset for Xbox Series X & Xbox Series S, Xbox One, & Windo...","https://m.media-amazon.com/images/I/81KCsmoRp+L._AC_UY218_.jpg"
"R25JDX216Z3SEO","Reviewed in the United States on October 18, 2021",5,"grandson love it.","Grandsongift.",true,1,15,"115","B098Y92BLD","Xbox One",true,39.99,"USD",59.99,20,33.34,129,4.7,"https://www.amazon.com/dp/B098Y92BLD","606.30",false,false,false,false,"NBA 2K22 - Xbox One","https://m.media-amazon.com/images/I/81-UyihCc8L._AC_UY218_.jpg"
"R2ACO7JQW5P3GY","Reviewed in the United States on October 13, 2021",5,"Made Him stomp and Shout!","I have no idea really, but when your oldest Grandson asks you for this and you get it for him, it ends up being a gift for ALL your Grandkids",true,1,15,"115","B098Y92BLD","Xbox One",true,39.99,"USD",59.99,20,33.34,129,4.7,"https://www.amazon.com/dp/B098Y92BLD","606.30",false,false,false,false,"NBA 2K22 - Xbox One","https://m.media-amazon.com/images/I/81-UyihCc8L._AC_UY218_.jpg"
"R15JA17C24FKSS","Reviewed in the United States on October 12, 2021",5,"All aspects of purchase were fantastically smooth and great game, too.","Awesome game. Challenging, but awesome.",true,1,15,"115","B098Y92BLD","Xbox One",true,39.99,"USD",59.99,20,33.34,129,4.7,"https://www.amazon.com/dp/B098Y92BLD","606.30",false,false,false,false,"NBA 2K22 - Xbox One","https://m.media-amazon.com/images/I/81-UyihCc8L._AC_UY218_.jpg"
"R3HRCGKRZWVB39","Reviewed in the United States on October 11, 2021",5,"My 11 years son love it","My son love it",true,1,15,"115","B098Y92BLD","Xbox One",true,39.99,"USD",59.99,20,33.34,129,4.7,"https://www.amazon.com/dp/B098Y92BLD","606.30",false,false,false,false,"NBA 2K22 - Xbox One","https://m.media-amazon.com/images/I/81-UyihCc8L._AC_UY218_.jpg"
"RLLL7ZCL9YDGD","Reviewed in the United States on October 8, 2021",5,"It keeps my son busy","It is better so my son doesn't be bored",true,1,15,"115","B098Y92BLD","Xbox One",true,39.99,"USD",59.99,20,33.34,129,4.7,"https://www.amazon.com/dp/B098Y92BLD","606.30",false,false,false,false,"NBA 2K22 - Xbox One","https://m.media-amazon.com/images/I/81-UyihCc8L._AC_UY218_.jpg"
"RI493468GK3K3","Reviewed in the United States on October 5, 2021",5,"My son loves his game","Good game my sons loves it",true,1,15,"115","B098Y92BLD","Xbox One",true,39.99,"USD",59.99,20,33.34,129,4.7,"https://www.amazon.com/dp/B098Y92BLD","606.30",false,false,false,false,"NBA 2K22 - Xbox One","https://m.media-amazon.com/images/I/81-UyihCc8L._AC_UY218_.jpg"
"RVFAV182VSLLK","Reviewed in the United States on October 4, 2021",5,"Good Game","I bought this for my nephew, and he enjoyed the game very much.He said the graphics and gameplay were great and much better than previous versions of this franchise.",true,1,15,"115","B098Y92BLD","Xbox One",true,39.99,"USD",59.99,20,33.34,129,4.7,"https://www.amazon.com/dp/B098Y92BLD","606.30",false,false,false,false,"NBA 2K22 - Xbox One","https://m.media-amazon.com/images/I/81-UyihCc8L._AC_UY218_.jpg"
"R1H0WE1JTB867Q","Reviewed in the United States on September 16, 2021",5,"Came in good condition","Came in good condition",true,1,15,"115","B098Y92BLD","Xbox One",true,39.99,"USD",59.99,20,33.34,129,4.7,"https://www.amazon.com/dp/B098Y92BLD","606.30",false,false,false,false,"NBA 2K22 - Xbox One","https://m.media-amazon.com/images/I/81-UyihCc8L._AC_UY218_.jpg"
"R33Z4X7W8P4HZK","Reviewed in the United States on October 9, 2021",3,"Its better than 2020 version","It’s the next version of the over priced time suck these things tend to be.However if you are , like myself, semi-addicted to video sports games then you’ll find enjoyment in the time spent in leading “your team-player-what-have-you” to victory (while your gut continues to expand… the result of playing football on a tv inside instead of tossing one outside).Thank you, EA Sports, for our latest fix.",true,1,16,"116","B096NCZ9G2","Xbox One",true,39.88,"USD",59.99,20.11,33.52,409,4.6,"https://www.amazon.com/dp/B096NCZ9G2","1881.40",false,false,true,false,"Madden NFL 22 - Xbox One","https://m.media-amazon.com/images/I/61omsKhOlPS._AC_UY218_.jpg"
"R1U6RQYRDAVFWC","Reviewed in the United States on October 9, 2021",5,"Works well","As advertised no issues",true,1,16,"116","B096NCZ9G2","Xbox One",true,39.88,"USD",59.99,20.11,33.52,409,4.6,"https://www.amazon.com/dp/B096NCZ9G2","1881.40",false,false,true,false,"Madden NFL 22 - Xbox One","https://m.media-amazon.com/images/I/61omsKhOlPS._AC_UY218_.jpg"
"R5HYQ8EF0G0JP","Reviewed in the United States on October 8, 2021",2,"Full of glitches","The game is full of glitches and it wouldn’t play certain players even though they were at the top of the depth chart.EA mailed it in again with Madden.",true,1,16,"116","B096NCZ9G2","Xbox One",true,39.88,"USD",59.99,20.11,33.52,409,4.6,"https://www.amazon.com/dp/B096NCZ9G2","1881.40",false,false,true,false,"Madden NFL 22 - Xbox One","https://m.media-amazon.com/images/I/61omsKhOlPS._AC_UY218_.jpg"
"ROGONRK81850P","Reviewed in the United States on October 5, 2021",5,"Good game","Good game",true,1,16,"116","B096NCZ9G2","Xbox One",true,39.88,"USD",59.99,20.11,33.52,409,4.6,"https://www.amazon.com/dp/B096NCZ9G2","1881.40",false,false,true,false,"Madden NFL 22 - Xbox One","https://m.media-amazon.com/images/I/61omsKhOlPS._AC_UY218_.jpg"
"R16D4EEF9U47G6","Reviewed in the United States on October 3, 2021",5,"Fun fun fun","Our grandson absolutely loved this !",true,1,16,"116","B096NCZ9G2","Xbox One",true,39.88,"USD",59.99,20.11,33.52,409,4.6,"https://www.amazon.com/dp/B096NCZ9G2","1881.40",false,false,true,false,"Madden NFL 22 - Xbox One","https://m.media-amazon.com/images/I/61omsKhOlPS._AC_UY218_.jpg"
"R1OWHLIHD4JI7C","Reviewed in the United States on September 30, 2021",1,"Why can this not be returned?","I did not know that when I preordered this item that it could not be returned and I had already purchased one and now I am stuck with two.",true,1,16,"116","B096NCZ9G2","Xbox One",true,39.88,"USD",59.99,20.11,33.52,409,4.6,"https://www.amazon.com/dp/B096NCZ9G2","1881.40",false,false,true,false,"Madden NFL 22 - Xbox One","https://m.media-amazon.com/images/I/61omsKhOlPS._AC_UY218_.jpg"
"RAVTVAD36KVFM","Reviewed in the United States on September 29, 2021",5,"My baby love his game","Great buy",true,1,16,"116","B096NCZ9G2","Xbox One",true,39.88,"USD",59.99,20.11,33.52,409,4.6,"https://www.amazon.com/dp/B096NCZ9G2","1881.40",false,false,true,false,"Madden NFL 22 - Xbox One","https://m.media-amazon.com/images/I/61omsKhOlPS._AC_UY218_.jpg"
"R2KNPXBWE0SS8J","Reviewed in the United States on September 28, 2021",5,"Very cool","My sons love it22 and 11 years old",true,1,16,"116","B096NCZ9G2","Xbox One",true,39.88,"USD",59.99,20.11,33.52,409,4.6,"https://www.amazon.com/dp/B096NCZ9G2","1881.40",false,false,true,false,"Madden NFL 22 - Xbox One","https://m.media-amazon.com/images/I/61omsKhOlPS._AC_UY218_.jpg"
"R27YQ4Z8ZHCEYJ","Reviewed in the United States on September 26, 2021",2,"getting worse","I think the graphics are poor compared to the show.",true,1,16,"116","B096NCZ9G2","Xbox One",true,39.88,"USD",59.99,20.11,33.52,409,4.6,"https://www.amazon.com/dp/B096NCZ9G2","1881.40",false,false,true,false,"Madden NFL 22 - Xbox One","https://m.media-amazon.com/images/I/61omsKhOlPS._AC_UY218_.jpg"
"RXQIE5WERZFF7","Reviewed in the United States on September 24, 2021",5,"New Specs Are Great","Ordered for my fiance he says the effects are much better than the previous year.",true,1,16,"116","B096NCZ9G2","Xbox One",true,39.88,"USD",59.99,20.11,33.52,409,4.6,"https://www.amazon.com/dp/B096NCZ9G2","1881.40",false,false,true,false,"Madden NFL 22 - Xbox One","https://m.media-amazon.com/images/I/61omsKhOlPS._AC_UY218_.jpg"
"cr-translate-534898582",,,"","",false,1,19,"119","B097VYRPQW","Xbox One",false,59.99,"USD",0,0,0,10,4.1,"https://www.amazon.com/dp/B097VYRPQW","41.00",false,false,false,false,"Sponsored Ad - Demon Slayer: The Hinokami Chronicles - Xbox Series X","https://m.media-amazon.com/images/I/81wSYaUuhaL._AC_UY218_.jpg"
"R296BX930HRR23","Reviewed in the United States on October 21, 2021",5,"Great game","It's a pretty good game. Easy controls, beautiful anime graphics, It's fun.",true,1,19,"119","B097VYRPQW","Xbox One",false,59.99,"USD",0,0,0,10,4.1,"https://www.amazon.com/dp/B097VYRPQW","41.00",false,false,false,false,"Sponsored Ad - Demon Slayer: The Hinokami Chronicles - Xbox Series X","https://m.media-amazon.com/images/I/81wSYaUuhaL._AC_UY218_.jpg"
"RYON0E5T2BC9A","Reviewed in Japan on October 18, 2021",,"操作性は良いですよ","ゲームディスクとダウンロードコードが入ってますよ説明書はないですゲーム自体は全て日本語対応です、アケコンでプレイしてますアケコンと相性良いです",true,1,19,"119","B097VYRPQW","Xbox One",false,59.99,"USD",0,0,0,10,4.1,"https://www.amazon.com/dp/B097VYRPQW","41.00",false,false,false,false,"Sponsored Ad - Demon Slayer: The Hinokami Chronicles - Xbox Series X","https://m.media-amazon.com/images/I/81wSYaUuhaL._AC_UY218_.jpg"
"R15J6D0VPCC5H","Reviewed in Japan on October 17, 2021",,"国内版と一緒です","Xbox one は国内版はDL販売のみですのでパッケージ版が欲しい方は北米版をどうぞ日本語吹替、字幕有りますDLCが付属してましたが日本サーバーは弾かれますので、北米サーバーで入力しましょう認識されましたら、日本サーバーに戻しても反映されます今後発売予定のDLCやアプデは日本サーバーでも問題有りませんゲームの内容は他の方に全集中でお任せします（笑）",true,1,19,"119","B097VYRPQW","Xbox One",false,59.99,"USD",0,0,0,10,4.1,"https://www.amazon.com/dp/B097VYRPQW","41.00",false,false,false,false,"Sponsored Ad - Demon Slayer: The Hinokami Chronicles - Xbox Series X","https://m.media-amazon.com/images/I/81wSYaUuhaL._AC_UY218_.jpg"
"R25PG6330XWY9R","Reviewed in Mexico on October 17, 2021",,"Demon slayer!!!","Llego en la fecha esperada y bien protegido, todo bien.",true,1,19,"119","B097VYRPQW","Xbox One",false,59.99,"USD",0,0,0,10,4.1,"https://www.amazon.com/dp/B097VYRPQW","41.00",false,false,false,false,"Sponsored Ad - Demon Slayer: The Hinokami Chronicles - Xbox Series X","https://m.media-amazon.com/images/I/81wSYaUuhaL._AC_UY218_.jpg"
"cr-translate--369846717",,,"","",false,1,21,"121","B08FCT5DW6","Xbox One",true,27.99,"USD",34.99,7,20.01,3993,4.1,"https://www.amazon.com/dp/B08FCT5DW6","16371.30",false,false,false,false,"Sponsored Ad - PDP Gaming Wired Controller: Revenant Blue - Xbox Series X|S, Xbox One, PC - Summer 2021 Model","https://m.media-amazon.com/images/I/71YY5luRO5L._AC_UY218_.jpg"
"R8Z8SKTU5QMAA","Reviewed in the United States on October 21, 2021",2,"Muy malos","Una estrella porque duraron 6 meses, compre dos y uno tras otro se botaron los botones, experiencia aprendida más vale comprar el original que aún está funcionandoy la segunda estrella pues funciono bien mientas duro.",true,1,21,"121","B08FCT5DW6","Xbox One",true,27.99,"USD",34.99,7,20.01,3993,4.1,"https://www.amazon.com/dp/B08FCT5DW6","16371.30",false,false,false,false,"Sponsored Ad - PDP Gaming Wired Controller: Revenant Blue - Xbox Series X|S, Xbox One, PC - Summer 2021 Model","https://m.media-amazon.com/images/I/71YY5luRO5L._AC_UY218_.jpg"
"R1BDONRONJA2SA","Reviewed in the United States on October 14, 2021",5,"Good","Works very well",true,1,21,"121","B08FCT5DW6","Xbox One",true,27.99,"USD",34.99,7,20.01,3993,4.1,"https://www.amazon.com/dp/B08FCT5DW6","16371.30",false,false,false,false,"Sponsored Ad - PDP Gaming Wired Controller: Revenant Blue - Xbox Series X|S, Xbox One, PC - Summer 2021 Model","https://m.media-amazon.com/images/I/71YY5luRO5L._AC_UY218_.jpg"
"R1J89T6B22ZOU3","Reviewed in the United States on October 6, 2021",1,"A button sticks after a few weeks","My husband bought this to play games on his PC. After 5 weeks of moderate use, the A button started sticking, which makes it virtually useless to him. And, OF COURSE, we were just outside the return window when it happened. What a waste of $30. Spend your money on something better.",true,1,21,"121","B08FCT5DW6","Xbox One",true,27.99,"USD",34.99,7,20.01,3993,4.1,"https://www.amazon.com/dp/B08FCT5DW6","16371.30",false,false,false,false,"Sponsored Ad - PDP Gaming Wired Controller: Revenant Blue - Xbox Series X|S, Xbox One, PC - Summer 2021 Model","https://m.media-amazon.com/images/I/71YY5luRO5L._AC_UY218_.jpg"
"R2HLG0OUQ13DYF","Reviewed in the United States on October 2, 2021",1,"My controller came broken",", it was so used that the controller drifts for every game I play. Was very disappointing",true,1,21,"121","B08FCT5DW6","Xbox One",true,27.99,"USD",34.99,7,20.01,3993,4.1,"https://www.amazon.com/dp/B08FCT5DW6","16371.30",false,false,false,false,"Sponsored Ad - PDP Gaming Wired Controller: Revenant Blue - Xbox Series X|S, Xbox One, PC - Summer 2021 Model","https://m.media-amazon.com/images/I/71YY5luRO5L._AC_UY218_.jpg"
"R31B7A4PJZH1RA","Reviewed in the United States on September 29, 2021",4,"Works on XBOX ONE","Son, who is a gamer says there is a slight lag possibly due to this being designed for the newer XBOX series. Overall no other issues. Huge Fortnite player.",true,1,21,"121","B08FCT5DW6","Xbox One",true,27.99,"USD",34.99,7,20.01,3993,4.1,"https://www.amazon.com/dp/B08FCT5DW6","16371.30",false,false,false,false,"Sponsored Ad - PDP Gaming Wired Controller: Revenant Blue - Xbox Series X|S, Xbox One, PC - Summer 2021 Model","https://m.media-amazon.com/images/I/71YY5luRO5L._AC_UY218_.jpg"
"R3QNB7SD0OTG5C","Reviewed in the United States on September 27, 2021",1,"Atrocious Quality, Stear Clear","I knew this wasn't a top tier quality controller, but I seriously thought I'd get more then 10 days use out of it, Stiff and creaky, and now the A button sticks, don't waste your money on this piece of junk.",true,1,21,"121","B08FCT5DW6","Xbox One",true,27.99,"USD",34.99,7,20.01,3993,4.1,"https://www.amazon.com/dp/B08FCT5DW6","16371.30",false,false,false,false,"Sponsored Ad - PDP Gaming Wired Controller: Revenant Blue - Xbox Series X|S, Xbox One, PC - Summer 2021 Model","https://m.media-amazon.com/images/I/71YY5luRO5L._AC_UY218_.jpg"
"R191UY9II7W6KW","Reviewed in the United States on September 27, 2021",1,"Review","The product is fine. I had to get this reordered to get my correct product. The first time the product I received was oil. That was not even a controller but the second one that came in was correct.",true,1,21,"121","B08FCT5DW6","Xbox One",true,27.99,"USD",34.99,7,20.01,3993,4.1,"https://www.amazon.com/dp/B08FCT5DW6","16371.30",false,false,false,false,"Sponsored Ad - PDP Gaming Wired Controller: Revenant Blue - Xbox Series X|S, Xbox One, PC - Summer 2021 Model","https://m.media-amazon.com/images/I/71YY5luRO5L._AC_UY218_.jpg"
"RM1R5UZ05I3P9","Reviewed in the United States on September 26, 2021",1,"Terrible Quality","Literally stopped working after a god damn month. Dont buy this ever. If I could give this zero start I would",true,1,21,"121","B08FCT5DW6","Xbox One",true,27.99,"USD",34.99,7,20.01,3993,4.1,"https://www.amazon.com/dp/B08FCT5DW6","16371.30",false,false,false,false,"Sponsored Ad - PDP Gaming Wired Controller: Revenant Blue - Xbox Series X|S, Xbox One, PC - Summer 2021 Model","https://m.media-amazon.com/images/I/71YY5luRO5L._AC_UY218_.jpg"
"R228RWIYC6Q7V1","Reviewed in the United States on September 25, 2021",1,"It broke after a few weeks","Past the returns period the joy stick broke.It only last a few weeks.It is poor quality junk. Do not buy.My OEM Xbox joy stick is still working with more usage for a longer period.Not worth the money.",true,1,21,"121","B08FCT5DW6","Xbox One",true,27.99,"USD",34.99,7,20.01,3993,4.1,"https://www.amazon.com/dp/B08FCT5DW6","16371.30",false,false,false,false,"Sponsored Ad - PDP Gaming Wired Controller: Revenant Blue - Xbox Series X|S, Xbox One, PC - Summer 2021 Model","https://m.media-amazon.com/images/I/71YY5luRO5L._AC_UY218_.jpg"
"R2OKKVRPY6GP1T","Reviewed in the United States on September 22, 2021",1,"Didn't work","For some reason it did not work",true,1,21,"121","B08FCT5DW6","Xbox One",true,27.99,"USD",34.99,7,20.01,3993,4.1,"https://www.amazon.com/dp/B08FCT5DW6","16371.30",false,false,false,false,"Sponsored Ad - PDP Gaming Wired Controller: Revenant Blue - Xbox Series X|S, Xbox One, PC - Summer 2021 Model","https://m.media-amazon.com/images/I/71YY5luRO5L._AC_UY218_.jpg"