"review.id","review.review_data","review.rating","review.title","review.review","review.verified_purchase","product.position.page","product.position.position","product.position.global_position","product.asin","product.keyword","product.price.discounted","product.price.current_price","product.price.currency","product.price.before_price","product.price.savings_amount","product.price.savings_percent","product.reviews.total_reviews","product.reviews.rating","product.url","product.score","product.sponsored","product.amazonChoice","product.bestSeller","product.amazonPrime","product.title","product.thumbnail"
"cr-translate-1641072708",,,"","",false,1,1,"10","B08G9J44ZN","Xbox One S",false,0,"USD",0,0,0,7423,4.7,"https://www.amazon.com/dp/B08G9J44ZN","34888.10",false,false,false,false,"Xbox Series S","https://m.media-amazon.com/images/I/71NBQ2a52CL._AC_UY218_.jpg"
"RMPPXHQEYDGCY","Reviewed in the United States on October 22, 2021",5,"X-BOX","Great service, product and price. Thanks",true,1,1,"10","B08G9J44ZN","Xbox One S",false,0,"USD",0,0,0,7423,4.7,"https://www.amazon.com/dp/B08G9J44ZN","34888.10",false,false,false,false,"Xbox Series S","https://m.media-amazon.com/images/I/71NBQ2a52CL._AC_UY218_.jpg"
"RCADQZAZ8LBSC","Reviewed in the United States on October 22, 2021",4,"Gaming machine","Lil brother enjoys it and stays out of my room!",true,1,1,"10","B08G9J44ZN","Xbox One S",false,0,"USD",0,0,0,7423,4.7,"https://www.amazon.com/dp/B08G9J44ZN","34888.10",false,false,false,false,"Xbox Series S","https://m.media-amazon.com/images/I/71NBQ2a52CL._AC_UY218_.jpg"
"R18EH7OX42W74R","Reviewed in the United States on October 21, 2021",5,"My first xbox","Been a playstation/nintendo/PC guy most of my life but since I can't find a gpu and forza and halo are coming out soon I decided to get this. Game pass was a dollar and the series s matches with my other white consoles. Liking the controller but the ui...not so much. Let's see where this goes.",true,1,1,"10","B08G9J44ZN","Xbox One S",false,0,"USD",0,0,0,7423,4.7,"https://www.amazon.com/dp/B08G9J44ZN","34888.10",false,false,false,false,"Xbox Series S","https://m.media-amazon.com/images/I/71NBQ2a52CL._AC_UY218_.jpg"
"R36KYVQ984DCQD","Reviewed in the United States on October 20, 2021",5,"Brand New Series S","The item was as described and it was brand new this seller is super legit thanks!",true,1,1,"10","B08G9J44ZN","Xbox One S",false,0,"USD",0,0,0,7423,4.7,"https://www.amazon.com/dp/B08G9J44ZN","34888.10",false,false,false,false,"Xbox Series S","https://m.media-amazon.com/images/I/71NBQ2a52CL._AC_UY218_.jpg"
"R1NQE0OIJK1C88","Reviewed in the United States on October 20, 2021",5,"Amazing","It’s amazing everything I expected and more",true,1,1,"10","B08G9J44ZN","Xbox One S",false,0,"USD",0,0,0,7423,4.7,"https://www.amazon.com/dp/B08G9J44ZN","34888.10",false,false,false,false,"Xbox Series S","https://m.media-amazon.com/images/I/71NBQ2a52CL._AC_UY218_.jpg"
"R2AOHKQ1KBHXHA","Reviewed in the United States on October 20, 2021",5,"Todo","Todo me agrado",true,1,1,"10","B08G9J44ZN","Xbox One S",false,0,"USD",0,0,0,7423,4.7,"https://www.amazon.com/dp/B08G9J44ZN","34888.10",false,false,false,false,"Xbox Series S","https://m.media-amazon.com/images/I/71NBQ2a52CL._AC_UY218_.jpg"
"R1X89DIQIWGODC","Reviewed in the United States on October 19, 2021",5,"It's current gen hardware for less","I'm really happy that I saw people have been selling more Xbox Series S consoles lately, and not excessively gouging prices because of shortages. Even if Series X was currently available, and at a normal price, I'd rather have the S. It's definitely a game pass box, and that's really worth it, especially with how backwards compatible it is with digital software. The load times from an SSD are incredibly fast, and the games I've played have been running perfectly. I can't wait for Forza Horizon 5 and Halo Infinite, it's the perfect time for a new Xbox.",true,1,1,"10","B08G9J44ZN","Xbox One S",false,0,"USD",0,0,0,7423,4.7,"https://www.amazon.com/dp/B08G9J44ZN","34888.10",false,false,false,false,"Xbox Series S","https://m.media-amazon.com/images/I/71NBQ2a52CL._AC_UY218_.jpg"
"RJMDXKS8TTTDI","Reviewed in the United States on October 19, 2021",1,"Not nearly as good as the PlayStation 5 (or PlayStation 4)","I felt as if I was forced to buy this for an Xmas gift this year for my girlfriend's son who is 6.This will most likely be a dedicated Roblox machine.He already has a PS4 for other games.",true,1,1,"10","B08G9J44ZN","Xbox One S",false,0,"USD",0,0,0,7423,4.7,"https://www.amazon.com/dp/B08G9J44ZN","34888.10",false,false,false,false,"Xbox Series S","https://m.media-amazon.com/images/I/71NBQ2a52CL._AC_UY218_.jpg"
"R18VZE3FZPND2G","Reviewed in the United States on October 18, 2021",5,"Best Budget option for next gen gaming","Very affordable next gen system came with everything you need for budget high powered gaming system. Comes with the console much smaller than the x box one much easier to store and fits very easily on a shelf or desk, a free HDMI chord, a power chord and a controller which feels much durable than previous x box box controllers. The console does have a cooling fan on top which makes for longer gameplay without overheating and the only downside to the console which isn’t really a downside if you hate going in public is the system doesn’t have a insert slot to put physical copies of your gaming disk. Overall a great gaming system with great performance at a lower cost. You may need to buy more storage for this system if you’re a true gamer like me for hours and hours of gaming fun :)",true,1,1,"10","B08G9J44ZN","Xbox One S",false,0,"USD",0,0,0,7423,4.7,"https://www.amazon.com/dp/B08G9J44ZN","34888.10",false,false,false,false,"Xbox Series S","https://m.media-amazon.com/images/I/71NBQ2a52CL._AC_UY218_.jpg"
"R2GXX87I71YPBJ","Reviewed in the United States on October 18, 2021",5,"Excelente","Es el mejor xbox que he tenido, pequeño, poderoso, súper silencioso y rápido y unas gráficas excelentes, lo único malo es el poco espacio en disco duro por lo demás y es una excelente compra",true,1,1,"10","B08G9J44ZN","Xbox One S",false,0,"USD",0,0,0,7423,4.7,"https://www.amazon.com/dp/B08G9J44ZN","34888.10",false,false,false,false,"Xbox Series S","https://m.media-amazon.com/images/I/71NBQ2a52CL._AC_UY218_.jpg"
"cr-translate-727303383",,,"","",false,1,2,"11","B08GGDT47N","Xbox One S",false,609,"USD",0,0,0,1460,4.7,"https://www.amazon.com/dp/B08GGDT47N","6862.00",false,false,false,false,"Xbox One S","https://m.media-amazon.com/images/I/61p7CnmDNlL._AC_UY218_.jpg"
"R3CP9J4NB5I809","Reviewed in the United States on September 17, 2021",5,"Works really well and would recommend this product","Works perfectly fine and the WIFI adapter works way better then my PS4.",true,1,2,"11","B08GGDT47N","Xbox One S",false,609,"USD",0,0,0,1460,4.7,"https://www.amazon.com/dp/B08GGDT47N","6862.00",false,false,false,false,"Xbox One S","https://m.media-amazon.com/images/I/61p7CnmDNlL._AC_UY218_.jpg"
"R1X7R54MAFKGHP","Reviewed in the United States on August 24, 2021",5,"Expensive but they're hard to come by currently .","But it's a GREAT product.. especially with the Ultimate Game Live Pass out whatever it's call where you pay 14.99 a month and you get like 200 games power month to play as much as you want for for free!! And they alternate out every so often, it's a great idea, and money saver.. and the XBox One S work was like a CHARM anyways.. the nothing runs and plays beautifully.. I love it.. grate beat investment for myself, a",true,1,2,"11","B08GGDT47N","Xbox One S",false,609,"USD",0,0,0,1460,4.7,"https://www.amazon.com/dp/B08GGDT47N","6862.00",false,false,false,false,"Xbox One S","https://m.media-amazon.com/images/I/61p7CnmDNlL._AC_UY218_.jpg"
"R24AXSZ1VPMGV4","Reviewed in the United States on August 13, 2021",5,"Muy buen producto, recibido en buenas condiciones sin daños","Lo recibí sin ningún daño muy bueno, recomendable la comprar.",true,1,2,"11","B08GGDT47N","Xbox One S",false,609,"USD",0,0,0,1460,4.7,"https://www.amazon.com/dp/B08GGDT47N","6862.00",false,false,false,false,"Xbox One S","https://m.media-amazon.com/images/I/61p7CnmDNlL._AC_UY218_.jpg"
"R1O61OGVC76I5K","Reviewed in the United States on August 13, 2021",5,"Works great","Great except it was missing the power cord",true,1,2,"11","B08GGDT47N","Xbox One S",false,609,"USD",0,0,0,1460,4.7,"https://www.amazon.com/dp/B08GGDT47N","6862.00",false,false,false,false,"Xbox One S","https://m.media-amazon.com/images/I/61p7CnmDNlL._AC_UY218_.jpg"
"RG8JKW6CP8W39","Reviewed in the United States on July 26, 2021",2,"Disappointed","The Xbox was like new but was not the model they were displaying. It was supposed to have 1TB of memory but only had 500GB",true,1,2,"11","B08GGDT47N","Xbox One S",false,609,"USD",0,0,0,1460,4.7,"https://www.amazon.com/dp/B08GGDT47N","6862.00",false,false,false,false,"Xbox One S","https://m.media-amazon.com/images/I/61p7CnmDNlL._AC_UY218_.jpg"
"R30MZ5PIHL0174","Reviewed in the United States on July 24, 2021",5,"This was a fift for a grand daughter and she is so happy with it.","This was was a gift and is being enjoyed by a very Good granddaughter. Very studious and A/B in school.",true,1,2,"11","B08GGDT47N","Xbox One S",false,609,"USD",0,0,0,1460,4.7,"https://www.amazon.com/dp/B08GGDT47N","6862.00",false,false,false,false,"Xbox One S","https://m.media-amazon.com/images/I/61p7CnmDNlL._AC_UY218_.jpg"
"R18CH6OBF8AM3M","Reviewed in the United States on July 21, 2021",5,"Outstanding!","PERFECT!",true,1,2,"11","B08GGDT47N","Xbox One S",false,609,"USD",0,0,0,1460,4.7,"https://www.amazon.com/dp/B08GGDT47N","6862.00",false,false,false,false,"Xbox One S","https://m.media-amazon.com/images/I/61p7CnmDNlL._AC_UY218_.jpg"
"R2N55BFRNY52GJ","Reviewed in the United States on July 15, 2021",5,"Great Buy","Came on time and working great! My husband was glad anyway! 😂",true,1,2,"11","B08GGDT47N","Xbox One S",false,609,"USD",0,0,0,1460,4.7,"https://www.amazon.com/dp/B08GGDT47N","6862.00",false,false,false,false,"Xbox One S","https://m.media-amazon.com/images/I/61p7CnmDNlL._AC_UY218_.jpg"
"RX2Y0P4VUXKV0","Reviewed in the United States on July 2, 2021",1,"Cannot tell it’s new from banged up box","Arrived in the Xbox box, all banged up. Couldn’t tell it’s new at all. Returned without even opening it.",true,1,2,"11","B08GGDT47N","Xbox One S",false,609,"USD",0,0,0,1460,4.7,"https://www.amazon.com/dp/B08GGDT47N","6862.00",false,false,false,false,"Xbox One S","https://m.media-amazon.com/images/I/61p7CnmDNlL._AC_UY218_.jpg"
"R2PNI2H44SDMJ0","Reviewed in the United States on July 1, 2021",5,"shipped early","Good shape and works good so far",true,1,2,"11","B08GGDT47N","Xbox One S",false,609,"USD",0,0,0,1460,4.7,"https://www.amazon.com/dp/B08GGDT47N","6862.00",false,false,false,false,"Xbox One S","https://m.media-amazon.com/images/I/61p7CnmDNlL._AC_UY218_.jpg"
"R1UIITD916WCAO","Reviewed in the United States on October 3, 2021",5,"!!!! JUNK !!!!","!!!!BEWARE!!!! NO GOOD, DOES NOT LIKE WIFI OR ETHERNET CABLE, VERY SLOW AND NOT WORTH THE MONEY!!!!!! AND I HAVE TO CONSTANTLY UNPLUG IT WAIT 30 SECONDS AND PLUG IT BACK IN TO WORK",true,1,3,"12","B07XQXZXJC","Xbox One S",false,0,"USD",0,0,0,12264,4.7,"https://www.amazon.com/dp/B07XQXZXJC","57640.80",false,false,false,false,"Xbox One S 1TB All-Digital Edition Console (Disc-Free Gaming) - [DISCONTINUED]","https://m.media-amazon.com/images/I/61p7mgi0GAL._AC_UY218_.jpg"
"R1FS5I52DVJGWJ","Reviewed in the United States on September 18, 2021",5,"Excellent","Great console! If you don’t like to own discs, this is the console for you! Great space!",true,1,3,"12","B07XQXZXJC","Xbox One S",false,0,"USD",0,0,0,12264,4.7,"https://www.amazon.com/dp/B07XQXZXJC","57640.80",false,false,false,false,"Xbox One S 1TB All-Digital Edition Console (Disc-Free Gaming) - [DISCONTINUED]","https://m.media-amazon.com/images/I/61p7mgi0GAL._AC_UY218_.jpg"
"R3ED2LX63YW3AT","Reviewed in the United States on August 17, 2021",5,"It is what it is.","Everything works. Several months in, the controller may act up. No disc drive, but still able to download games like Fortnite or Warzone.",true,1,3,"12","B07XQXZXJC","Xbox One S",false,0,"USD",0,0,0,12264,4.7,"https://www.amazon.com/dp/B07XQXZXJC","57640.80",false,false,false,false,"Xbox One S 1TB All-Digital Edition Console (Disc-Free Gaming) - [DISCONTINUED]","https://m.media-amazon.com/images/I/61p7mgi0GAL._AC_UY218_.jpg"
"R1BH3DOKRI8JR9","Reviewed in the United States on August 16, 2021",5,"At $120 brand new, this listing was very poggers, for $500+? Just don't","Don't over pay for things like this",true,1,3,"12","B07XQXZXJC","Xbox One S",false,0,"USD",0,0,0,12264,4.7,"https://www.amazon.com/dp/B07XQXZXJC","57640.80",false,false,false,false,"Xbox One S 1TB All-Digital Edition Console (Disc-Free Gaming) - [DISCONTINUED]","https://m.media-amazon.com/images/I/61p7mgi0GAL._AC_UY218_.jpg"
"R1RJBBXGN4G7TA","Reviewed in the United States on August 9, 2021",5,"Authentic and brand new.","Not worth it if you play a-lot of games.",true,1,3,"12","B07XQXZXJC","Xbox One S",false,0,"USD",0,0,0,12264,4.7,"https://www.amazon.com/dp/B07XQXZXJC","57640.80",false,false,false,false,"Xbox One S 1TB All-Digital Edition Console (Disc-Free Gaming) - [DISCONTINUED]","https://m.media-amazon.com/images/I/61p7mgi0GAL._AC_UY218_.jpg"
"R7MYAKM64RUIW","Reviewed in the United States on August 4, 2021",5,"Use it daily since we recieved it","Amazing",true,1,3,"12","B07XQXZXJC","Xbox One S",false,0,"USD",0,0,0,12264,4.7,"https://www.amazon.com/dp/B07XQXZXJC","57640.80",false,false,false,false,"Xbox One S 1TB All-Digital Edition Console (Disc-Free Gaming) - [DISCONTINUED]","https://m.media-amazon.com/images/I/61p7mgi0GAL._AC_UY218_.jpg"
"R2M6W4F6DAI8HO","Reviewed in the United States on July 19, 2021",1,"Power supply is non responsive, bought in march 20 and minimally used.","not pleased",true,1,3,"12","B07XQXZXJC","Xbox One S",false,0,"USD",0,0,0,12264,4.7,"https://www.amazon.com/dp/B07XQXZXJC","57640.80",false,false,false,false,"Xbox One S 1TB All-Digital Edition Console (Disc-Free Gaming) - [DISCONTINUED]","https://m.media-amazon.com/images/I/61p7mgi0GAL._AC_UY218_.jpg"
"R2K5J1AYF6M83G","Reviewed in the United States on July 10, 2021",5,"Love it","Love it great shape and works perfect",true,1,3,"12","B07XQXZXJC","Xbox One S",false,0,"USD",0,0,0,12264,4.7,"https://www.amazon.com/dp/B07XQXZXJC","57640.80",false,false,false,false,"Xbox One S 1TB All-Digital Edition Console (Disc-Free Gaming) - [DISCONTINUED]","https://m.media-amazon.com/images/I/61p7mgi0GAL._AC_UY218_.jpg"
"R2U7ZE1WQEY1MD","Reviewed in the United States on July 7, 2021",1,"Waist of money","Didn't come in Xbox boxDidn't get any game codesHDMI Didn't even workController buttons wouldn't even press to register. Honestly just a huge waist of time I would be fine without the original box and game codes but everything else was just inconvenient.",true,1,3,"12","B07XQXZXJC","Xbox One S",false,0,"USD",0,0,0,12264,4.7,"https://www.amazon.com/dp/B07XQXZXJC","57640.80",false,false,false,false,"Xbox One S 1TB All-Digital Edition Console (Disc-Free Gaming) - [DISCONTINUED]","https://m.media-amazon.com/images/I/61p7mgi0GAL._AC_UY218_.jpg"
"R2Y5QZEOTUHHUH","Reviewed in the United States on July 6, 2021",1,"Save your money and buy from somewhere else","Xbox was fine for about 2 months then stopped working. It won’t turn on and stay on for more than 10 seconds. I took it to a pc repair place and he said it was defective. It was past my return date though. So I got stuck with a 478$ paperweight",true,1,3,"12","B07XQXZXJC","Xbox One S",false,0,"USD",0,0,0,12264,4.7,"https://www.amazon.com/dp/B07XQXZXJC","57640.80",false,false,false,false,"Xbox One S 1TB All-Digital Edition Console (Disc-Free Gaming) - [DISCONTINUED]","https://m.media-amazon.com/images/I/61p7mgi0GAL._AC_UY218_.jpg"
"R21DL0NXTKRZ2H","Reviewed in the United States on October 8, 2021",5,"The one gripe is that the shipping info was nerve racking","The system is awesome the tracking information was nerve racking because it wasn’t easily tracked the number was invalid til the last day other than the shipping being nerve racking great product and the mints were a nice touch",true,1,4,"14","B07YD67145","Xbox One S",false,0,"USD",0,0,0,2196,4.8,"https://www.amazon.com/dp/B07YD67145","10540.80",false,false,false,false,"Xbox One S 1TB Console - Star Wars Jedi: Fallen Order Bundle [DISCONTINUED]","https://m.media-amazon.com/images/I/61P8eqCIJ-L._AC_UY218_.jpg"
"R2FI04PE5GHUZI","Reviewed in the United States on September 27, 2021",5,"ALWAYS GOOD","You know that at the end of the day it will be waiting for you",true,1,4,"14","B07YD67145","Xbox One S",false,0,"USD",0,0,0,2196,4.8,"https://www.amazon.com/dp/B07YD67145","10540.80",false,false,false,false,"Xbox One S 1TB Console - Star Wars Jedi: Fallen Order Bundle [DISCONTINUED]","https://m.media-amazon.com/images/I/61P8eqCIJ-L._AC_UY218_.jpg"
"R2N64W8WXWXETX","Reviewed in the United States on August 3, 2021",5,"great","works perfectly",true,1,4,"14","B07YD67145","Xbox One S",false,0,"USD",0,0,0,2196,4.8,"https://www.amazon.com/dp/B07YD67145","10540.80",false,false,false,false,"Xbox One S 1TB Console - Star Wars Jedi: Fallen Order Bundle [DISCONTINUED]","https://m.media-amazon.com/images/I/61P8eqCIJ-L._AC_UY218_.jpg"
"R2OF3VXGP3PAJL","Reviewed in the United States on May 10, 2021",4,"Thumbs up","I am very happy with my purchase. Thank you",true,1,4,"14","B07YD67145","Xbox One S",false,0,"USD",0,0,0,2196,4.8,"https://www.amazon.com/dp/B07YD67145","10540.80",false,false,false,false,"Xbox One S 1TB Console - Star Wars Jedi: Fallen Order Bundle [DISCONTINUED]","https://m.media-amazon.com/images/I/61P8eqCIJ-L._AC_UY218_.jpg"
"RWIBI3740W32V","Reviewed in the United States on May 6, 2021",4,"So far, so good","The actual product box had a little bit of damage on the corners, but everything else was pretty much untouched. Only had one issue so far, and it's just that the view button doesn't work on my controller. Not a big deal since i plan on getting a wireless controller that doesnt require batteries, though.",true,1,4,"14","B07YD67145","Xbox One S",false,0,"USD",0,0,0,2196,4.8,"https://www.amazon.com/dp/B07YD67145","10540.80",false,false,false,false,"Xbox One S 1TB Console - Star Wars Jedi: Fallen Order Bundle [DISCONTINUED]","https://m.media-amazon.com/images/I/61P8eqCIJ-L._AC_UY218_.jpg"
"R13A14YDYMQT3S","Reviewed in the United States on April 23, 2021",1,"Doesn’t work anymore after only a year and a half","Turned it on one day after not playing it for a week and the display doesn’t work anymore very disappointed",true,1,4,"14","B07YD67145","Xbox One S",false,0,"USD",0,0,0,2196,4.8,"https://www.amazon.com/dp/B07YD67145","10540.80",false,false,false,false,"Xbox One S 1TB Console - Star Wars Jedi: Fallen Order Bundle [DISCONTINUED]","https://m.media-amazon.com/images/I/61P8eqCIJ-L._AC_UY218_.jpg"
"R3A493M2AUN2VS","Reviewed in the United States on April 20, 2021",5,"Love it","Plays great",true,1,4,"14","B07YD67145","Xbox One S",false,0,"USD",0,0,0,2196,4.8,"https://www.amazon.com/dp/B07YD67145","10540.80",false,false,false,false,"Xbox One S 1TB Console - Star Wars Jedi: Fallen Order Bundle [DISCONTINUED]","https://m.media-amazon.com/images/I/61P8eqCIJ-L._AC_UY218_.jpg"
"RKFSQEBX1A1ZR","Reviewed in the United States on January 14, 2021",1,"Incomplete bundle!!!","Works perfect but advertisement is false. Offers one month of one month gold and that waS not in the bundle when received it.for that alone i feel like someone robbed me. This Was Christmas gift for son when i complained to store on amazon they say if i want to return it after i opened it and gave it to my son for xmas. Do don’t say you include something to a bundle and not give it thats false advertising point blank.",true,1,4,"14","B07YD67145","Xbox One S",false,0,"USD",0,0,0,2196,4.8,"https://www.amazon.com/dp/B07YD67145","10540.80",false,false,false,false,"Xbox One S 1TB Console - Star Wars Jedi: Fallen Order Bundle [DISCONTINUED]","https://m.media-amazon.com/images/I/61P8eqCIJ-L._AC_UY218_.jpg"
"R28071ESBMLK6Z","Reviewed in the United States on October 16, 2020",5,"Great System","Our old Xbox took a dump suddenly and we really needed one to stream our services that we subscribe to. This came very fast and we're still using it today! It hold up great. Sleek, fast, and amazing!",true,1,4,"14","B07YD67145","Xbox One S",false,0,"USD",0,0,0,2196,4.8,"https://www.amazon.com/dp/B07YD67145","10540.80",false,false,false,false,"Xbox One S 1TB Console - Star Wars Jedi: Fallen Order Bundle [DISCONTINUED]","https://m.media-amazon.com/images/I/61P8eqCIJ-L._AC_UY218_.jpg"
"RI1LAMWB2XISI","Reviewed in the United States on August 28, 2020",2,"Never again...","This xbox sucks ...",true,1,4,"14","B07YD67145","Xbox One S",false,0,"USD",0,0,0,2196,4.8,"https://www.amazon.com/dp/B07YD67145","10540.80",false,false,false,false,"Xbox One S 1TB Console - Star Wars Jedi: Fallen Order Bundle [DISCONTINUED]","https://m.media-amazon.com/images/I/61P8eqCIJ-L._AC_UY218_.jpg"
"R209RMABXZDAHN","Reviewed in the United States on October 6, 2021",5,"Happy Kid","Works and happy kid",true,1,5,"15","B089M5L82M","Xbox One S",false,0,"USD",0,0,0,1791,4.7,"https://www.amazon.com/dp/B089M5L82M","8417.70",false,false,false,false,"Xbox One S 1TB Console [Previous Generation]","https://m.media-amazon.com/images/I/619Bmcg-EIL._AC_UY218_.jpg"
"R26AKLMPDFRDCV","Reviewed in the United States on October 4, 2021",1,"Junk!!!","This Xbox is junk! Do not buy from this site. After receiving this I tried to set up for my son and I took hours for it to finally register to the tv that the device was on. Once we got it on and an account created we couldn’t play any of the game. ALSO.. this Xbox is used. I tried activating the warranty and it had expired in 2019. Don’t waste your money!!",true,1,5,"15","B089M5L82M","Xbox One S",false,0,"USD",0,0,0,1791,4.7,"https://www.amazon.com/dp/B089M5L82M","8417.70",false,false,false,false,"Xbox One S 1TB Console [Previous Generation]","https://m.media-amazon.com/images/I/619Bmcg-EIL._AC_UY218_.jpg"
"R98IOOQ6ETA74","Reviewed in the United States on October 2, 2021",5,"❤️","My Xbox one s works great came earlier then expected",true,1,5,"15","B089M5L82M","Xbox One S",false,0,"USD",0,0,0,1791,4.7,"https://www.amazon.com/dp/B089M5L82M","8417.70",false,false,false,false,"Xbox One S 1TB Console [Previous Generation]","https://m.media-amazon.com/images/I/619Bmcg-EIL._AC_UY218_.jpg"
"R38PDV8KL3ZNX0","Reviewed in the United States on October 2, 2021",5,"Great service","Thank you. Everything is working as new. Looks new. Came on time. Thank you for your business",true,1,5,"15","B089M5L82M","Xbox One S",false,0,"USD",0,0,0,1791,4.7,"https://www.amazon.com/dp/B089M5L82M","8417.70",false,false,false,false,"Xbox One S 1TB Console [Previous Generation]","https://m.media-amazon.com/images/I/619Bmcg-EIL._AC_UY218_.jpg"
"R2JHPL2XMFN9VX","Reviewed in the United States on September 25, 2021",5,"It works 😂","Works better than my old Xbox 😂🤷🏻‍♀️",true,1,5,"15","B089M5L82M","Xbox One S",false,0,"USD",0,0,0,1791,4.7,"https://www.amazon.com/dp/B089M5L82M","8417.70",false,false,false,false,"Xbox One S 1TB Console [Previous Generation]","https://m.media-amazon.com/images/I/619Bmcg-EIL._AC_UY218_.jpg"
"R1J28K5SX1M568","Reviewed in the United States on September 16, 2021",1,"Illegal Xbox","Do not purchase any Xbox from this seller. I had an issue with the network chip after 3 months and contacted Microsoft to get it fixed. They informed me the Xbox was illegal for sale in the United States and that they were unable to do any work on it. It is not an Xbox that is the region for the United States and is a German Xbox. The seller will not help out and there is no warranty with Microsoft since it is illegal in the US.",true,1,5,"15","B089M5L82M","Xbox One S",false,0,"USD",0,0,0,1791,4.7,"https://www.amazon.com/dp/B089M5L82M","8417.70",false,false,false,false,"Xbox One S 1TB Console [Previous Generation]","https://m.media-amazon.com/images/I/619Bmcg-EIL._AC_UY218_.jpg"
"R3A0MT7MYU9JHA","Reviewed in the United States on August 28, 2021",5,"Great product!","This item was purchased as a gift. It arrived promptly and looks amazing!!! Will definitely consider future purchases.",true,1,5,"15","B089M5L82M","Xbox One S",false,0,"USD",0,0,0,1791,4.7,"https://www.amazon.com/dp/B089M5L82M","8417.70",false,false,false,false,"Xbox One S 1TB Console [Previous Generation]","https://m.media-amazon.com/images/I/619Bmcg-EIL._AC_UY218_.jpg"
"R2LKJ03886SGBW","Reviewed in the United States on August 27, 2021",5,"Thankful to have found this item","During this pandemic, a lot of videogame stores do not have consoles, controllers, or games. Thank God for Amazon and these sellers. Saved my life during this pandemic.",true,1,5,"15","B089M5L82M","Xbox One S",false,0,"USD",0,0,0,1791,4.7,"https://www.amazon.com/dp/B089M5L82M","8417.70",false,false,false,false,"Xbox One S 1TB Console [Previous Generation]","https://m.media-amazon.com/images/I/619Bmcg-EIL._AC_UY218_.jpg"
"R3L8A9PNISNRRW","Reviewed in the United States on August 21, 2021",1,"Piece of crap","This Xbox died after just 4 months",true,1,5,"15","B089M5L82M","Xbox One S",false,0,"USD",0,0,0,1791,4.7,"https://www.amazon.com/dp/B089M5L82M","8417.70",false,false,false,false,"Xbox One S 1TB Console [Previous Generation]","https://m.media-amazon.com/images/I/619Bmcg-EIL._AC_UY218_.jpg"
"R1VQT7MAIYD4K4","Reviewed in the United States on August 15, 2021",5,"Fast and New","Very happy with this purchase",true,1,5,"15","B089M5L82M","Xbox One S",false,0,"USD",0,0,0,1791,4.7,"https://www.amazon.com/dp/B089M5L82M","8417.70",false,false,false,false,"Xbox One S 1TB Console [Previous Generation]","https://m.media-amazon.com/images/I/619Bmcg-EIL._AC_UY218_.jpg"
"R3JIZKS162E2N3","Reviewed in the United States on September 25, 2021",5,"Still better than the ps4","This here Xbox one is simply superior to the ps4.",true,1,6,"16","B073858Q9X","Xbox One S",false,0,"USD",0,0,0,3556,4.7,"https://www.amazon.com/dp/B073858Q9X","16713.20",false,false,false,false,"Microsoft Xbox One S 1Tb Console - White [Discontinued]","https://m.media-amazon.com/images/I/61zjj2sgXML._AC_UY218_.jpg"
"R1K3CSQVA8P3WM","Reviewed in the United States on September 1, 2021",1,"Wouldn’t work","I bought this Xbox brand new and the first time I plugged it in, it wouldn’t work at all. I tried hard restarts, unplugging and plugging in again, leaving it on to run through initializing… nothing, I straight up wasted $500",true,1,6,"16","B073858Q9X","Xbox One S",false,0,"USD",0,0,0,3556,4.7,"https://www.amazon.com/dp/B073858Q9X","16713.20",false,false,false,false,"Microsoft Xbox One S 1Tb Console - White [Discontinued]","https://m.media-amazon.com/images/I/61zjj2sgXML._AC_UY218_.jpg"
"R2TO55SF5JK4EV","Reviewed in the United States on July 21, 2021",5,"It stopped working 2 months after the purchase","This product didn't last long",true,1,6,"16","B073858Q9X","Xbox One S",false,0,"USD",0,0,0,3556,4.7,"https://www.amazon.com/dp/B073858Q9X","16713.20",false,false,false,false,"Microsoft Xbox One S 1Tb Console - White [Discontinued]","https://m.media-amazon.com/images/I/61zjj2sgXML._AC_UY218_.jpg"
"R35J4GYGYQU4U5","Reviewed in the United States on June 20, 2021",5,"Honest","Just as seller said",true,1,6,"16","B073858Q9X","Xbox One S",false,0,"USD",0,0,0,3556,4.7,"https://www.amazon.com/dp/B073858Q9X","16713.20",false,false,false,false,"Microsoft Xbox One S 1Tb Console - White [Discontinued]","https://m.media-amazon.com/images/I/61zjj2sgXML._AC_UY218_.jpg"
"R181PB2DOXU738","Reviewed in the United States on June 13, 2021",5,"Happy","I liked the fact that I was able to buy one when no retailer in my area had none available. Happy that I got what I paid for, what I expected. Brand new & it works great. I also received it 5 days earlier than anticipated. I am very happy & so is my daughter.",true,1,6,"16","B073858Q9X","Xbox One S",false,0,"USD",0,0,0,3556,4.7,"https://www.amazon.com/dp/B073858Q9X","16713.20",false,false,false,false,"Microsoft Xbox One S 1Tb Console - White [Discontinued]","https://m.media-amazon.com/images/I/61zjj2sgXML._AC_UY218_.jpg"
"R2RBJ2EHUQKGEL","Reviewed in the United States on June 3, 2021",5,"🤗","It came in and was PERFECT! I love it so much!",true,1,6,"16","B073858Q9X","Xbox One S",false,0,"USD",0,0,0,3556,4.7,"https://www.amazon.com/dp/B073858Q9X","16713.20",false,false,false,false,"Microsoft Xbox One S 1Tb Console - White [Discontinued]","https://m.media-amazon.com/images/I/61zjj2sgXML._AC_UY218_.jpg"
"R70G1QV9JE1IQ","Reviewed in the United States on May 30, 2021",5,"Kid love it","My son loves it",true,1,6,"16","B073858Q9X","Xbox One S",false,0,"USD",0,0,0,3556,4.7,"https://www.amazon.com/dp/B073858Q9X","16713.20",false,false,false,false,"Microsoft Xbox One S 1Tb Console - White [Discontinued]","https://m.media-amazon.com/images/I/61zjj2sgXML._AC_UY218_.jpg"
"R33DQQ2K4N82W3","Reviewed in the United States on May 30, 2021",5,"Works perfect","Still have it now, works just fine, not exactly 1 tb more like 870 something gb but close enough",true,1,6,"16","B073858Q9X","Xbox One S",false,0,"USD",0,0,0,3556,4.7,"https://www.amazon.com/dp/B073858Q9X","16713.20",false,false,false,false,"Microsoft Xbox One S 1Tb Console - White [Discontinued]","https://m.media-amazon.com/images/I/61zjj2sgXML._AC_UY218_.jpg"
"R26ZVPSFCD7R6Q","Reviewed in the United States on May 22, 2021",5,"👍🏼","👍🏼",true,1,6,"16","B073858Q9X","Xbox One S",false,0,"USD",0,0,0,3556,4.7,"https://www.amazon.com/dp/B073858Q9X","16713.20",false,false,false,false,"Microsoft Xbox One S 1Tb Console - White [Discontinued]","https://m.media-amazon.com/images/I/61zjj2sgXML._AC_UY218_.jpg"
"R7G6PJOC4ZBUT","Reviewed in the United States on May 8, 2021",5,"Dope","I play every moment I can",true,1,6,"16","B073858Q9X","Xbox One S",false,0,"USD",0,0,0,3556,4.7,"https://www.amazon.com/dp/B073858Q9X","16713.20",false,false,false,false,"Microsoft Xbox One S 1Tb Console - White [Discontinued]","https://m.media-amazon.com/images/I/61zjj2sgXML._AC_UY218_.jpg"
"RHPL47R8GAXH7","Reviewed in the United States on October 22, 2021",5,"Love it love it love it dank dank","Perfect!! Love my new Xbox!! Dank dank!!",true,1,7,"17","B08SMF16HT","Xbox One S",false,0,"USD",0,0,0,197,4.5,"https://www.amazon.com/dp/B08SMF16HT","886.50",false,false,false,false,"Microsoft Xbox Series S 512GB Game All-Digital Console - 1 Xbox Wireless Controller - White - 1440p Gaming Resolution, 4K ...","https://m.media-amazon.com/images/I/71QmrWtvZJL._AC_UY218_.jpg"
"R222S2IXHHGO94","Reviewed in the United States on October 21, 2021",5,"Sorry I’m blind","I’m a dumb dumb I found the other components in the box lol",true,1,7,"17","B08SMF16HT","Xbox One S",false,0,"USD",0,0,0,197,4.5,"https://www.amazon.com/dp/B08SMF16HT","886.50",false,false,false,false,"Microsoft Xbox Series S 512GB Game All-Digital Console - 1 Xbox Wireless Controller - White - 1440p Gaming Resolution, 4K ...","https://m.media-amazon.com/images/I/71QmrWtvZJL._AC_UY218_.jpg"
"RD2GJZW23PBB6","Reviewed in the United States on October 20, 2021",5,"Great!","Although a bit more pricey, overall way worth it it came with everything you need and within a week.",true,1,7,"17","B08SMF16HT","Xbox One S",false,0,"USD",0,0,0,197,4.5,"https://www.amazon.com/dp/B08SMF16HT","886.50",false,false,false,false,"Microsoft Xbox Series S 512GB Game All-Digital Console - 1 Xbox Wireless Controller - White - 1440p Gaming Resolution, 4K ...","https://m.media-amazon.com/images/I/71QmrWtvZJL._AC_UY218_.jpg"
"RLPEWLAA2ZK4A","Reviewed in the United States on September 23, 2021",5,"So far so good","This was the least marked up one I've seen and I got everything that was supposed to come with it: Xbox series s, 1 white controller, 1 power cord, 1 HDMI, 2 AA batteries. Plug and play, literally. All original packaging.",true,1,7,"17","B08SMF16HT","Xbox One S",false,0,"USD",0,0,0,197,4.5,"https://www.amazon.com/dp/B08SMF16HT","886.50",false,false,false,false,"Microsoft Xbox Series S 512GB Game All-Digital Console - 1 Xbox Wireless Controller - White - 1440p Gaming Resolution, 4K ...","https://m.media-amazon.com/images/I/71QmrWtvZJL._AC_UY218_.jpg"
"RDK2ROEB5RUU3","Reviewed in the United States on August 11, 2021",5,"Great.","I’ve had mine for 3 months now. No issues no damages.",true,1,7,"17","B08SMF16HT","Xbox One S",false,0,"USD",0,0,0,197,4.5,"https://www.amazon.com/dp/B08SMF16HT","886.50",false,false,false,false,"Microsoft Xbox Series S 512GB Game All-Digital Console - 1 Xbox Wireless Controller - White - 1440p Gaming Resolution, 4K ...","https://m.media-amazon.com/images/I/71QmrWtvZJL._AC_UY218_.jpg"
"R2BX638IT5UNF5","Reviewed in the United States on August 7, 2021",1,"Ordered by mistake","Wasn't the gaming system that I wanted",true,1,7,"17","B08SMF16HT","Xbox One S",false,0,"USD",0,0,0,197,4.5,"https://www.amazon.com/dp/B08SMF16HT","886.50",false,false,false,false,"Microsoft Xbox Series S 512GB Game All-Digital Console - 1 Xbox Wireless Controller - White - 1440p Gaming Resolution, 4K ...","https://m.media-amazon.com/images/I/71QmrWtvZJL._AC_UY218_.jpg"
"R1TJBVO21HOI3E","Reviewed in the United States on August 2, 2021",1,"Horrible deal","Crazy overpriced, scalpers are subhuman.",true,1,7,"17","B08SMF16HT","Xbox One S",false,0,"USD",0,0,0,197,4.5,"https://www.amazon.com/dp/B08SMF16HT","886.50",false,false,false,false,"Microsoft Xbox Series S 512GB Game All-Digital Console - 1 Xbox Wireless Controller - White - 1440p Gaming Resolution, 4K ...","https://m.media-amazon.com/images/I/71QmrWtvZJL._AC_UY218_.jpg"
"R1VTENHFFBIJZT","Reviewed in the United States on August 2, 2021",5,"Gamer life","Great, fun and durable",true,1,7,"17","B08SMF16HT","Xbox One S",false,0,"USD",0,0,0,197,4.5,"https://www.amazon.com/dp/B08SMF16HT","886.50",false,false,false,false,"Microsoft Xbox Series S 512GB Game All-Digital Console - 1 Xbox Wireless Controller - White - 1440p Gaming Resolution, 4K ...","https://m.media-amazon.com/images/I/71QmrWtvZJL._AC_UY218_.jpg"
"R1KSBVDUA1U9ZW","Reviewed in the United States on July 6, 2021",5,"Doesn’t include a rechargeable battery pack","Pros …* New Series S System* HDMI/Power Cord* (1) Crontroller* (2) AA BatteriesCons …* No rechargeable battery pack* No Storage Expansion Card* Exceeds a 30% increase over SRPOrdered this a couple MONTHS ago, a bit skeptical due to the scams/scalpers. BUT, the system is incredible, coming with all the proper goodies that any other new basic package series S.",true,1,7,"17","B08SMF16HT","Xbox One S",false,0,"USD",0,0,0,197,4.5,"https://www.amazon.com/dp/B08SMF16HT","886.50",false,false,false,false,"Microsoft Xbox Series S 512GB Game All-Digital Console - 1 Xbox Wireless Controller - White - 1440p Gaming Resolution, 4K ...","https://m.media-amazon.com/images/I/71QmrWtvZJL._AC_UY218_.jpg"
"R31Z5IERNWMHFO","Reviewed in the United States on July 3, 2021",5,"Love it","I love it even though the memory isn't that big you can still download a few games well worth it",true,1,7,"17","B08SMF16HT","Xbox One S",false,0,"USD",0,0,0,197,4.5,"https://www.amazon.com/dp/B08SMF16HT","886.50",false,false,false,false,"Microsoft Xbox Series S 512GB Game All-Digital Console - 1 Xbox Wireless Controller - White - 1440p Gaming Resolution, 4K ...","https://m.media-amazon.com/images/I/71QmrWtvZJL._AC_UY218_.jpg"
"R2R0HE6O6AE3KM","Reviewed in the United States on June 5, 2021",5,"Fast delivery, no issues","Everything came in worked perfectly no issues fast delivery",true,1,8,"18","B084ZB8VPS","Xbox One S",false,0,"USD",0,0,0,513,4.7,"https://www.amazon.com/dp/B084ZB8VPS","2411.10",false,false,false,false,"Microsoft Xbox One S 1TB All-Digital Edition Console with Xbox One Wireless Controller and 1 Month Xbox Live Gold Membersh...","https://m.media-amazon.com/images/I/71pDaLVdGgL._AC_UY218_.jpg"
"R3BXGP3JHCCIUB","Reviewed in the United States on April 11, 2021",5,"Kids love it","Love it very fast and easy",true,1,8,"18","B084ZB8VPS","Xbox One S",false,0,"USD",0,0,0,513,4.7,"https://www.amazon.com/dp/B084ZB8VPS","2411.10",false,false,false,false,"Microsoft Xbox One S 1TB All-Digital Edition Console with Xbox One Wireless Controller and 1 Month Xbox Live Gold Membersh...","https://m.media-amazon.com/images/I/71pDaLVdGgL._AC_UY218_.jpg"
"R3KXLJNFBW8QF5","Reviewed in the United States on February 11, 2021",5,"It’s perfect for the x box lover","My son can not stop playing",true,1,8,"18","B084ZB8VPS","Xbox One S",false,0,"USD",0,0,0,513,4.7,"https://www.amazon.com/dp/B084ZB8VPS","2411.10",false,false,false,false,"Microsoft Xbox One S 1TB All-Digital Edition Console with Xbox One Wireless Controller and 1 Month Xbox Live Gold Membersh...","https://m.media-amazon.com/images/I/71pDaLVdGgL._AC_UY218_.jpg"
"R1810RMP4ORQND","Reviewed in the United States on January 30, 2021",5,"it does it job","Works like all other xbox one systems",true,1,8,"18","B084ZB8VPS","Xbox One S",false,0,"USD",0,0,0,513,4.7,"https://www.amazon.com/dp/B084ZB8VPS","2411.10",false,false,false,false,"Microsoft Xbox One S 1TB All-Digital Edition Console with Xbox One Wireless Controller and 1 Month Xbox Live Gold Membersh...","https://m.media-amazon.com/images/I/71pDaLVdGgL._AC_UY218_.jpg"
"REKJKBXGQGU5I","Reviewed in the United States on January 24, 2021",5,"Review","Gaming",true,1,8,"18","B084ZB8VPS","Xbox One S",false,0,"USD",0,0,0,513,4.7,"https://www.amazon.com/dp/B084ZB8VPS","2411.10",false,false,false,false,"Microsoft Xbox One S 1TB All-Digital Edition Console with Xbox One Wireless Controller and 1 Month Xbox Live Gold Membersh...","https://m.media-amazon.com/images/I/71pDaLVdGgL._AC_UY218_.jpg"
"R3B3K33RAGG4UR","Reviewed in the United States on January 2, 2021",5,"Kids love it!","This Xbox still performs well and the newest model isn't even able to fully utilize all of its own features.There aren't many games out for the new one yet either so we went with this one and the kids love it.",true,1,8,"18","B084ZB8VPS","Xbox One S",false,0,"USD",0,0,0,513,4.7,"https://www.amazon.com/dp/B084ZB8VPS","2411.10",false,false,false,false,"Microsoft Xbox One S 1TB All-Digital Edition Console with Xbox One Wireless Controller and 1 Month Xbox Live Gold Membersh...","https://m.media-amazon.com/images/I/71pDaLVdGgL._AC_UY218_.jpg"
"RLLSWJBW6K3Z5","Reviewed in the United States on January 1, 2021",5,"SO happy","Best purchase. Works great, have been using for over a year now. There has been about 3-4 times within a year that it's frozen up on me, which was whatever! Simply restart and it was fixed!",true,1,8,"18","B084ZB8VPS","Xbox One S",false,0,"USD",0,0,0,513,4.7,"https://www.amazon.com/dp/B084ZB8VPS","2411.10",false,false,false,false,"Microsoft Xbox One S 1TB All-Digital Edition Console with Xbox One Wireless Controller and 1 Month Xbox Live Gold Membersh...","https://m.media-amazon.com/images/I/71pDaLVdGgL._AC_UY218_.jpg"
"RYPFB8C3JMOLK","Reviewed in the United States on December 28, 2020",5,"Love this","Got this for my husband for Christmas and he loves it!",true,1,8,"18","B084ZB8VPS","Xbox One S",false,0,"USD",0,0,0,513,4.7,"https://www.amazon.com/dp/B084ZB8VPS","2411.10",false,false,false,false,"Microsoft Xbox One S 1TB All-Digital Edition Console with Xbox One Wireless Controller and 1 Month Xbox Live Gold Membersh...","https://m.media-amazon.com/images/I/71pDaLVdGgL._AC_UY218_.jpg"
"R3S7B99LLN8IUG","Reviewed in the United States on December 17, 2020",5,"fun","came with three months free of xbox gold, good for the price and love using it",true,1,8,"18","B084ZB8VPS","Xbox One S",false,0,"USD",0,0,0,513,4.7,"https://www.amazon.com/dp/B084ZB8VPS","2411.10",false,false,false,false,"Microsoft Xbox One S 1TB All-Digital Edition Console with Xbox One Wireless Controller and 1 Month Xbox Live Gold Membersh...","https://m.media-amazon.com/images/I/71pDaLVdGgL._AC_UY218_.jpg"
"R17MWXW2ZK1H87","Reviewed in the United States on October 26, 2020",5,"Worth it","You can never go wrong owning an Xbox",true,1,8,"18","B084ZB8VPS","Xbox One S",false,0,"USD",0,0,0,513,4.7,"https://www.amazon.com/dp/B084ZB8VPS","2411.10",false,false,false,false,"Microsoft Xbox One S 1TB All-Digital Edition Console with Xbox One Wireless Controller and 1 Month Xbox Live Gold Membersh...","https://m.media-amazon.com/images/I/71pDaLVdGgL._AC_UY218_.jpg"
"R2L3NTQNSZD8LD","Reviewed in the United States on October 22, 2021",1,"Worst headset I've ever owned.","Disconnects within 15 feet, fits too tight, gets static for no reason. Just overall a ton of connectivity issues for $100",true,1,9,"19","B08D44W56B","Xbox One S",false,99.95,"USD",0,0,0,18709,4.5,"https://www.amazon.com/dp/B08D44W56B","84190.50",false,false,false,false,"Sponsored Ad - Turtle Beach Stealth 600 Gen 2 Wireless Gaming Headset for Xbox Series X & Xbox Series S, Xbox One, & Windo...","https://m.media-amazon.com/images/I/61iHiW114KL._AC_UY218_.jpg"
"R1XQUKJ9YT0SXZ","Reviewed in the United States on October 22, 2021",3,"Good sound","It has great sound and great imersion ecwpt for it losing connextion every now and again",true,1,9,"19","B08D44W56B","Xbox One S",false,99.95,"USD",0,0,0,18709,4.5,"https://www.amazon.com/dp/B08D44W56B","84190.50",false,false,false,false,"Sponsored Ad - Turtle Beach Stealth 600 Gen 2 Wireless Gaming Headset for Xbox Series X & Xbox Series S, Xbox One, & Windo...","https://m.media-amazon.com/images/I/61iHiW114KL._AC_UY218_.jpg"
"R13NOY7Z4JXETP","Reviewed in the United States on October 21, 2021",1,"Headset strap broke","Headset strap broke 6 months after initial use. Seems to be a common failure based on the reviews I've read.Filed warranty claim in October 2021.Will update after claim is reviewed.",true,1,9,"19","B08D44W56B","Xbox One S",false,99.95,"USD",0,0,0,18709,4.5,"https://www.amazon.com/dp/B08D44W56B","84190.50",false,false,false,false,"Sponsored Ad - Turtle Beach Stealth 600 Gen 2 Wireless Gaming Headset for Xbox Series X & Xbox Series S, Xbox One, & Windo...","https://m.media-amazon.com/images/I/61iHiW114KL._AC_UY218_.jpg"
"RERTYZHFOWTD4","Reviewed in the United States on October 20, 2021",4,"Great","only bad thing is the mic monitoring",true,1,9,"19","B08D44W56B","Xbox One S",false,99.95,"USD",0,0,0,18709,4.5,"https://www.amazon.com/dp/B08D44W56B","84190.50",false,false,false,false,"Sponsored Ad - Turtle Beach Stealth 600 Gen 2 Wireless Gaming Headset for Xbox Series X & Xbox Series S, Xbox One, & Windo...","https://m.media-amazon.com/images/I/61iHiW114KL._AC_UY218_.jpg"
"R3UVNYQJQOKWVC","Reviewed in the United States on October 20, 2021",1,"Quality","ill be honest I liked this pair of headphones... When they worked, I was having a lot of connectivity issues with my pc. I found something to make it work but I was still having issues went to try and return it and it said we are sorry but this item isn't available to return and it wasn't even close to 30 days.now the review of the product when it worked it was okay at best the surround sound wasn't all to great for me and I had pretty high hopes for this set of headphones, I saw a lot of people sayin that you should ""do your update"" didn't change the quality for me. so all in all pretty bad",true,1,9,"19","B08D44W56B","Xbox One S",false,99.95,"USD",0,0,0,18709,4.5,"https://www.amazon.com/dp/B08D44W56B","84190.50",false,false,false,false,"Sponsored Ad - Turtle Beach Stealth 600 Gen 2 Wireless Gaming Headset for Xbox Series X & Xbox Series S, Xbox One, & Windo...","https://m.media-amazon.com/images/I/61iHiW114KL._AC_UY218_.jpg"
"RFD5JSTRGZ7OD","Reviewed in the United States on October 16, 2021",5,"Bluetooth headphones","Awesome",true,1,9,"19","B08D44W56B","Xbox One S",false,99.95,"USD",0,0,0,18709,4.5,"https://www.amazon.com/dp/B08D44W56B","84190.50",false,false,false,false,"Sponsored Ad - Turtle Beach Stealth 600 Gen 2 Wireless Gaming Headset for Xbox Series X & Xbox Series S, Xbox One, & Windo...","https://m.media-amazon.com/images/I/61iHiW114KL._AC_UY218_.jpg"
"R14OVL51ERQ50R","Reviewed in the United States on October 16, 2021",1,"Absolutely terrible","I bought these about 4 months ago and they have already broke. They don’t hold a charge they connect for maybe a minute and die. Turtle Beach won’t return my emails or calls definitely wouldn’t buy!",true,1,9,"19","B08D44W56B","Xbox One S",false,99.95,"USD",0,0,0,18709,4.5,"https://www.amazon.com/dp/B08D44W56B","84190.50",false,false,false,false,"Sponsored Ad - Turtle Beach Stealth 600 Gen 2 Wireless Gaming Headset for Xbox Series X & Xbox Series S, Xbox One, & Windo...","https://m.media-amazon.com/images/I/61iHiW114KL._AC_UY218_.jpg"
"R1R7MSV8FK1H3J","Reviewed in the United States on October 15, 2021",1,"Headphones with terrible audio","I thought I was splurging and buying myself something nice for once, but these headphones are GARBAGE. The one thing headphones are supposed to do, the ONLY thing headphones are supposed to do is provide audio, and these trash things can't even do that. They keep breaking up, and cut in and out. Like CONSTANTLY. The Microsoft headphones I had for years crapped out because 3.5 jacks are awful, so I thought wireless would be better. I was wrong. Don't buy these.",true,1,9,"19","B08D44W56B","Xbox One S",false,99.95,"USD",0,0,0,18709,4.5,"https://www.amazon.com/dp/B08D44W56B","84190.50",false,false,false,false,"Sponsored Ad - Turtle Beach Stealth 600 Gen 2 Wireless Gaming Headset for Xbox Series X & Xbox Series S, Xbox One, & Windo...","https://m.media-amazon.com/images/I/61iHiW114KL._AC_UY218_.jpg"
"R3IJ7UG6858JEQ","Reviewed in the United States on October 15, 2021",2,"Not worth the price","The out of the box experience isn't great - ear pads are uncomfortable out of the gate and take a couple of weeks to really break in. Mic monitoring is horrid at default settings, and while it can be corrected you have to connect to a computer and run updates - not what you're looking for in a piece of console hardware.Once the ear cups are broken in and you've done the updates, these will be acceptable for a while, with only a few annoyances like random de-syncing... and then the headband will just randomly break one day while you're wearing the headset. I got about 8 months of use from mine before it broke, but it sounds like a lot of people have had even worse luck with durability.Not at all what I expected from Turtle Beach at this price point...",true,1,9,"19","B08D44W56B","Xbox One S",false,99.95,"USD",0,0,0,18709,4.5,"https://www.amazon.com/dp/B08D44W56B","84190.50",false,false,false,false,"Sponsored Ad - Turtle Beach Stealth 600 Gen 2 Wireless Gaming Headset for Xbox Series X & Xbox Series S, Xbox One, & Windo...","https://m.media-amazon.com/images/I/61iHiW114KL._AC_UY218_.jpg"
"R2T48FJ6M09TJT","Reviewed in the United States on October 15, 2021",5,"Outstanding Product-Excellent Sound Quality","I enjoyed the first one I ordered so much,I ordered a second for another location.Outstanding sound.",true,1,9,"19","B08D44W56B","Xbox One S",false,99.95,"USD",0,0,0,18709,4.5,"https://www.amazon.com/dp/B08D44W56B","84190.50",false,false,false,false,"Sponsored Ad - Turtle Beach Stealth 600 Gen 2 Wireless Gaming Headset for Xbox Series X & Xbox Series S, Xbox One, & Windo...","https://m.media-amazon.com/images/I/61iHiW114KL._AC_UY218_.jpg"
"cr-translate-1019885072",,,"","",false,1,10,"110","B01L1Y0RZQ","Xbox One S",false,0,"USD",0,0,0,1381,4.7,"https://www.amazon.com/dp/B01L1Y0RZQ","6490.70",false,false,false,false,"Xbox One S 500GB Console - Minecraft Bundle [Discontinued]","https://m.media-amazon.com/images/I/71c7C-q7K6L._AC_UY218_.jpg"
"R1MJU86VPYFZZG","Reviewed in the United States on September 14, 2021",5,"Great purchase","It came brand new condition. Everything works perfectly on it.",true,1,10,"110","B01L1Y0RZQ","Xbox One S",false,0,"USD",0,0,0,1381,4.7,"https://www.amazon.com/dp/B01L1Y0RZQ","6490.70",false,false,false,false,"Xbox One S 500GB Console - Minecraft Bundle [Discontinued]","https://m.media-amazon.com/images/I/71c7C-q7K6L._AC_UY218_.jpg"
"R31AL0HM8AG3DM","Reviewed in the United States on August 27, 2021",2,"Muy usado muy caro","Muy usado roto",true,1,10,"110","B01L1Y0RZQ","Xbox One S",false,0,"USD",0,0,0,1381,4.7,"https://www.amazon.com/dp/B01L1Y0RZQ","6490.70",false,false,false,false,"Xbox One S 500GB Console - Minecraft Bundle [Discontinued]","https://m.media-amazon.com/images/I/71c7C-q7K6L._AC_UY218_.jpg"
"RI0G0XE7YT868","Reviewed in the United States on August 19, 2021",5,"Xbox One 500g can be enjoyed by all the family","The Xbox One 500g has been enjoyed by my grandsons and their father. It brings the guys together and they can enjoy the game and their togetherness",true,1,10,"110","B01L1Y0RZQ","Xbox One S",false,0,"USD",0,0,0,1381,4.7,"https://www.amazon.com/dp/B01L1Y0RZQ","6490.70",false,false,false,false,"Xbox One S 500GB Console - Minecraft Bundle [Discontinued]","https://m.media-amazon.com/images/I/71c7C-q7K6L._AC_UY218_.jpg"
"R2YP9J2N7FCGOA","Reviewed in the United States on July 21, 2021",5,"Two thumbs up!","Exactly what we ordered. No complaints so far!",true,1,10,"110","B01L1Y0RZQ","Xbox One S",false,0,"USD",0,0,0,1381,4.7,"https://www.amazon.com/dp/B01L1Y0RZQ","6490.70",false,false,false,false,"Xbox One S 500GB Console - Minecraft Bundle [Discontinued]","https://m.media-amazon.com/images/I/71c7C-q7K6L._AC_UY218_.jpg"
"R20WGGVKHU2WWI","Reviewed in the United States on June 13, 2021",5,"Outlasts!","I have had this console for years! I bought it as a Birthday gift for my son, who would use it for 8+ hours everyday if I let him. We have thankfully had no issues and would recommend this specific one over the rest. I didn't realize I never write a review...sorry for the late response!",true,1,10,"110","B01L1Y0RZQ","Xbox One S",false,0,"USD",0,0,0,1381,4.7,"https://www.amazon.com/dp/B01L1Y0RZQ","6490.70",false,false,false,false,"Xbox One S 500GB Console - Minecraft Bundle [Discontinued]","https://m.media-amazon.com/images/I/71c7C-q7K6L._AC_UY218_.jpg"
"R2WYOQ6JW80WK4","Reviewed in the United States on February 14, 2021",1,"DO NOT BUY FROM PIGGY TECH","I gave this one star because zero wasn’t an option.. This product was purchased for my son for Christmas. It not only came with game passes, Xbox live cards, and other bundle accessories that were already used. After paying almost $600 for this this scam after shipping, I still had to go buy half of everything “included” all over again, just to get it to work. Supposedly this was brand new in the box, never opened!! It worked for a total of 5 weeks and will not power on and When does the screen is black. I contacted the company and they refused to take it back and refund after 30 days or at the least even try to replace it with a working console. They are absolute frauds and could use some real lessons on not scamming people and practicing better customer service!!",true,1,10,"110","B01L1Y0RZQ","Xbox One S",false,0,"USD",0,0,0,1381,4.7,"https://www.amazon.com/dp/B01L1Y0RZQ","6490.70",false,false,false,false,"Xbox One S 500GB Console - Minecraft Bundle [Discontinued]","https://m.media-amazon.com/images/I/71c7C-q7K6L._AC_UY218_.jpg"
"R61SCYGFZGB7M","Reviewed in the United States on January 20, 2021",5,"Great 👍🏼","Awesome look new Xbox thank you",true,1,10,"110","B01L1Y0RZQ","Xbox One S",false,0,"USD",0,0,0,1381,4.7,"https://www.amazon.com/dp/B01L1Y0RZQ","6490.70",false,false,false,false,"Xbox One S 500GB Console - Minecraft Bundle [Discontinued]","https://m.media-amazon.com/images/I/71c7C-q7K6L._AC_UY218_.jpg"
"R2RIVU4ZGLXU7A","Reviewed in the United States on December 21, 2020",4,"Great deal","Seems to work well, in good condition. Only down side was it did not come in a box as it was a gift but other than that everything was perfect.",true,1,10,"110","B01L1Y0RZQ","Xbox One S",false,0,"USD",0,0,0,1381,4.7,"https://www.amazon.com/dp/B01L1Y0RZQ","6490.70",false,false,false,false,"Xbox One S 500GB Console - Minecraft Bundle [Discontinued]","https://m.media-amazon.com/images/I/71c7C-q7K6L._AC_UY218_.jpg"
"R38PMDZPSONIEY","Reviewed in the United States on December 9, 2020",1,"Questionable advertisement and product.","This product was NOT advertised appropriately. According to the photos it was going to be packaged in a mine craft box and new. This product was used and had a sticky residue on the outside of the Xbox. The remote controller also had some white crusty stuff (?) around the joy stick.",true,1,10,"110","B01L1Y0RZQ","Xbox One S",false,0,"USD",0,0,0,1381,4.7,"https://www.amazon.com/dp/B01L1Y0RZQ","6490.70",false,false,false,false,"Xbox One S 500GB Console - Minecraft Bundle [Discontinued]","https://m.media-amazon.com/images/I/71c7C-q7K6L._AC_UY218_.jpg"
"R2ABRMM4OJSIFV","Reviewed in the United States on December 3, 2020",1,"Quality","No controller, empty game box, and package looked smashed when delivered, very unhappy!!!!!",true,1,10,"110","B01L1Y0RZQ","Xbox One S",false,0,"USD",0,0,0,1381,4.7,"https://www.amazon.com/dp/B01L1Y0RZQ","6490.70",false,false,false,false,"Xbox One S 500GB Console - Minecraft Bundle [Discontinued]","https://m.media-amazon.com/images/I/71c7C-q7K6L._AC_UY218_.jpg"
"R2WJSKQBOPI1OC","Reviewed in the United States on October 22, 2021",5,"Exactly what I ordered and arrived early.","I had a question for them and they were prompt in their response. Also it arrived early with no issues.",true,1,11,"111","B092VHR525","Xbox One S",false,0,"USD",0,0,0,648,4.7,"https://www.amazon.com/dp/B092VHR525","3045.60",false,false,false,false,"Microsoft Xbox Series S 512GB Game All-Digital Console + 1 Xbox Wireless1 Controller, White - 1440p Gaming Resolution, 4K ...","https://m.media-amazon.com/images/I/61Vv5FeZH2L._AC_UY218_.jpg"
"R1YO2DRW1T257P","Reviewed in the United States on October 19, 2021",1,"The wifi situation","Okay so I can see where people are saying you can't connect. I've experienced it too and I was super bummed. This is what I did. Don't bother with the xbox app. Power cycle the xbox. Turn it back on and press ""add a wireless connection"" you are not going to refresh the list of networks and put password. You're going to again look for ""add wireless connection"" option and manually type out the SSID then the password and it should work. This is what I did. I hope it helps you if you're out there freaking out. Another option I would try is temporary having your wifi password public just for this setup. I noticed my xbox connected to my Hotspot so that should work too. I'm not sure why these xbox have these wifi issues so I'm going to rate it low. Why give us such a scare.",true,1,11,"111","B092VHR525","Xbox One S",false,0,"USD",0,0,0,648,4.7,"https://www.amazon.com/dp/B092VHR525","3045.60",false,false,false,false,"Microsoft Xbox Series S 512GB Game All-Digital Console + 1 Xbox Wireless1 Controller, White - 1440p Gaming Resolution, 4K ...","https://m.media-amazon.com/images/I/61Vv5FeZH2L._AC_UY218_.jpg"
"R5ERJYSD0I9XD","Reviewed in the United States on October 19, 2021",5,"Cool.","Cool",true,1,11,"111","B092VHR525","Xbox One S",false,0,"USD",0,0,0,648,4.7,"https://www.amazon.com/dp/B092VHR525","3045.60",false,false,false,false,"Microsoft Xbox Series S 512GB Game All-Digital Console + 1 Xbox Wireless1 Controller, White - 1440p Gaming Resolution, 4K ...","https://m.media-amazon.com/images/I/61Vv5FeZH2L._AC_UY218_.jpg"
"R1AROLPDN7PIVY","Reviewed in the United States on October 16, 2021",2,"No Answer for Support on Xbox Purchase","I bought 2 Xbox Series S from this seller. One works as it should the other starts and shuts off in 30 seconds. I have tried to ask for a swap or support to fix this issue and have not been able to connect with the seller. Buying here you are on your own, maybe you will get a product that works, but if you don't you are on your own.",true,1,11,"111","B092VHR525","Xbox One S",false,0,"USD",0,0,0,648,4.7,"https://www.amazon.com/dp/B092VHR525","3045.60",false,false,false,false,"Microsoft Xbox Series S 512GB Game All-Digital Console + 1 Xbox Wireless1 Controller, White - 1440p Gaming Resolution, 4K ...","https://m.media-amazon.com/images/I/61Vv5FeZH2L._AC_UY218_.jpg"
"R2ANLZDIWK0M4E","Reviewed in the United States on October 13, 2021",2,"Box damaged Xbox has two scratches","The media could not be loaded. Box damaged and Xbox has two scratches",true,1,11,"111","B092VHR525","Xbox One S",false,0,"USD",0,0,0,648,4.7,"https://www.amazon.com/dp/B092VHR525","3045.60",false,false,false,false,"Microsoft Xbox Series S 512GB Game All-Digital Console + 1 Xbox Wireless1 Controller, White - 1440p Gaming Resolution, 4K ...","https://m.media-amazon.com/images/I/61Vv5FeZH2L._AC_UY218_.jpg"
"R1JBZQ4TGGMMEE","Reviewed in the United States on September 28, 2021",5,"Arrived as expected","The price was right, the came very well packaged, I’m really satisfied with mu purchase",true,1,11,"111","B092VHR525","Xbox One S",false,0,"USD",0,0,0,648,4.7,"https://www.amazon.com/dp/B092VHR525","3045.60",false,false,false,false,"Microsoft Xbox Series S 512GB Game All-Digital Console + 1 Xbox Wireless1 Controller, White - 1440p Gaming Resolution, 4K ...","https://m.media-amazon.com/images/I/61Vv5FeZH2L._AC_UY218_.jpg"
"R3UFIQ5NCOCZXL","Reviewed in the United States on September 26, 2021",5,"Can’t go wrong.","My son loves it and says graphics are even better now!",true,1,11,"111","B092VHR525","Xbox One S",false,0,"USD",0,0,0,648,4.7,"https://www.amazon.com/dp/B092VHR525","3045.60",false,false,false,false,"Microsoft Xbox Series S 512GB Game All-Digital Console + 1 Xbox Wireless1 Controller, White - 1440p Gaming Resolution, 4K ...","https://m.media-amazon.com/images/I/61Vv5FeZH2L._AC_UY218_.jpg"
"RJZUFNVBWY4DU","Reviewed in the United States on September 22, 2021",5,"😁 GENIAL😁","😁😁😁😁😁",true,1,11,"111","B092VHR525","Xbox One S",false,0,"USD",0,0,0,648,4.7,"https://www.amazon.com/dp/B092VHR525","3045.60",false,false,false,false,"Microsoft Xbox Series S 512GB Game All-Digital Console + 1 Xbox Wireless1 Controller, White - 1440p Gaming Resolution, 4K ...","https://m.media-amazon.com/images/I/61Vv5FeZH2L._AC_UY218_.jpg"
"R23I2423W1GMX1","Reviewed in the United States on September 21, 2021",5,"Came a day early.","It was very convenient to get on amazon since every place local was sold out. Cost a little more but worth it overall.",true,1,11,"111","B092VHR525","Xbox One S",false,0,"USD",0,0,0,648,4.7,"https://www.amazon.com/dp/B092VHR525","3045.60",false,false,false,false,"Microsoft Xbox Series S 512GB Game All-Digital Console + 1 Xbox Wireless1 Controller, White - 1440p Gaming Resolution, 4K ...","https://m.media-amazon.com/images/I/61Vv5FeZH2L._AC_UY218_.jpg"
"R1PMYYEEEXRHLZ","Reviewed in the United States on September 19, 2021",3,"Great console, horrible prices","Loved the console, everything works great but I hate paying over msrp. Stupid scalpers.",true,1,11,"111","B092VHR525","Xbox One S",false,0,"USD",0,0,0,648,4.7,"https://www.amazon.com/dp/B092VHR525","3045.60",false,false,false,false,"Microsoft Xbox Series S 512GB Game All-Digital Console + 1 Xbox Wireless1 Controller, White - 1440p Gaming Resolution, 4K ...","https://m.media-amazon.com/images/I/61Vv5FeZH2L._AC_UY218_.jpg"
"R2SI2BVHK839SJ","Reviewed in the United States on July 3, 2021",5,"Great","It was a birthday present for my grandson and he loves it",true,1,12,"112","B08Q8PN39J","Xbox One S",false,0,"USD",0,0,0,79,4.4,"https://www.amazon.com/dp/B08Q8PN39J","347.60",false,false,false,false,"Microsoft Xbox One S 1TB Console Holiday Bundle, Xbox One S 1TB Disc-Free Console + Wireless Controller + NexiGo 4K HDMI C...","https://m.media-amazon.com/images/I/71edPrPHUaL._AC_UY218_.jpg"
"R2MJR241N0GIIB","Reviewed in the United States on April 16, 2021",1,"Not happy!!!","This was supposed to be 1tb it arrived and it is 500gbNot happy!!!",true,1,12,"112","B08Q8PN39J","Xbox One S",false,0,"USD",0,0,0,79,4.4,"https://www.amazon.com/dp/B08Q8PN39J","347.60",false,false,false,false,"Microsoft Xbox One S 1TB Console Holiday Bundle, Xbox One S 1TB Disc-Free Console + Wireless Controller + NexiGo 4K HDMI C...","https://m.media-amazon.com/images/I/71edPrPHUaL._AC_UY218_.jpg"
"RAF88QRDRA9PO","Reviewed in the United States on January 31, 2021",4,"Happy 11 year old","My son is happy with it.",true,1,12,"112","B08Q8PN39J","Xbox One S",false,0,"USD",0,0,0,79,4.4,"https://www.amazon.com/dp/B08Q8PN39J","347.60",false,false,false,false,"Microsoft Xbox One S 1TB Console Holiday Bundle, Xbox One S 1TB Disc-Free Console + Wireless Controller + NexiGo 4K HDMI C...","https://m.media-amazon.com/images/I/71edPrPHUaL._AC_UY218_.jpg"
"R3VHZSHXZK8YBZ","Reviewed in the United States on September 28, 2021",1,"Wireless Connectivity Issues","Controller looks great and kids love it. However, out of the box it has trouble connecting to our Xbox One. It will never automatically connect on power on. I can go through the synch process a few times and get it to connect but that's not sustainable for kids to use. Something is wrong with the electronic components on this new out-of-the-box controller that makes it useless. The Microsoft troubleshooting steps did not render any results.",true,1,13,"113","B074W9J8HZ","Xbox One S",false,0,"USD",0,0,0,1739,4.7,"https://www.amazon.com/dp/B074W9J8HZ","8173.30",false,false,false,false,"Microsoft Xbox Wireless Controller - Minecraft Creeper - Xbox One (Discontinued)","https://m.media-amazon.com/images/I/61miGtxqFxL._AC_UY218_.jpg"
"R2EVTC6U4UDB98","Reviewed in the United States on September 3, 2021",5,"Excellent customer service and great product","This company made things right and addressed a concern right away! Solid company and solid products",true,1,13,"113","B074W9J8HZ","Xbox One S",false,0,"USD",0,0,0,1739,4.7,"https://www.amazon.com/dp/B074W9J8HZ","8173.30",false,false,false,false,"Microsoft Xbox Wireless Controller - Minecraft Creeper - Xbox One (Discontinued)","https://m.media-amazon.com/images/I/61miGtxqFxL._AC_UY218_.jpg"
"R2HTDPD0UELI3Q","Reviewed in the United States on August 23, 2021",5,"Loveit","Loveit",true,1,13,"113","B074W9J8HZ","Xbox One S",false,0,"USD",0,0,0,1739,4.7,"https://www.amazon.com/dp/B074W9J8HZ","8173.30",false,false,false,false,"Microsoft Xbox Wireless Controller - Minecraft Creeper - Xbox One (Discontinued)","https://m.media-amazon.com/images/I/61miGtxqFxL._AC_UY218_.jpg"
"RTLFMBFFBVBIO","Reviewed in the United States on July 12, 2021",1,"Junk","Broke soon after getting it",true,1,13,"113","B074W9J8HZ","Xbox One S",false,0,"USD",0,0,0,1739,4.7,"https://www.amazon.com/dp/B074W9J8HZ","8173.30",false,false,false,false,"Microsoft Xbox Wireless Controller - Minecraft Creeper - Xbox One (Discontinued)","https://m.media-amazon.com/images/I/61miGtxqFxL._AC_UY218_.jpg"
"R2EWSI7PQ2OBQ5","Reviewed in the United States on May 22, 2021",1,"Defective item","Item did not work whatsoever",true,1,13,"113","B074W9J8HZ","Xbox One S",false,0,"USD",0,0,0,1739,4.7,"https://www.amazon.com/dp/B074W9J8HZ","8173.30",false,false,false,false,"Microsoft Xbox Wireless Controller - Minecraft Creeper - Xbox One (Discontinued)","https://m.media-amazon.com/images/I/61miGtxqFxL._AC_UY218_.jpg"
"R171B620K6N7EB","Reviewed in the United States on March 27, 2021",5,"Son loves it","Works as expected",true,1,13,"113","B074W9J8HZ","Xbox One S",false,0,"USD",0,0,0,1739,4.7,"https://www.amazon.com/dp/B074W9J8HZ","8173.30",false,false,false,false,"Microsoft Xbox Wireless Controller - Minecraft Creeper - Xbox One (Discontinued)","https://m.media-amazon.com/images/I/61miGtxqFxL._AC_UY218_.jpg"
"R1FEM3CHXBVOOX","Reviewed in the United States on February 14, 2021",1,"Not New & Looks Used!!","Only came in a wrapping and not in a box. No Batteries included either. Has scratches, looks used, port looks messed up, and looks like dirt or food in the cracks. Not impressed and might return. Waiting for the Xbox to come and see if it connects and works with the console. If it doesn’t, then it will be sent back.",true,1,13,"113","B074W9J8HZ","Xbox One S",false,0,"USD",0,0,0,1739,4.7,"https://www.amazon.com/dp/B074W9J8HZ","8173.30",false,false,false,false,"Microsoft Xbox Wireless Controller - Minecraft Creeper - Xbox One (Discontinued)","https://m.media-amazon.com/images/I/61miGtxqFxL._AC_UY218_.jpg"
"RP74W3SVOPPCI","Reviewed in the United States on January 15, 2021",1,"Defective product","My son just unboxed controller connected to Xbox and the controller had ridiculous drift.Paid $130 for a controller with drift.How do I return and get a new one sent ASAP",true,1,13,"113","B074W9J8HZ","Xbox One S",false,0,"USD",0,0,0,1739,4.7,"https://www.amazon.com/dp/B074W9J8HZ","8173.30",false,false,false,false,"Microsoft Xbox Wireless Controller - Minecraft Creeper - Xbox One (Discontinued)","https://m.media-amazon.com/images/I/61miGtxqFxL._AC_UY218_.jpg"
"R2L965O31DVMVA","Reviewed in the United States on October 27, 2020",5,"Perfect for smaller kids.","It's perfect. It works great and it's a little smaller than the one that came with the system so it fits my kid's hands better. He also loves that it has a TNT on the back (since creepers are made out of it). Thank you so much to the people that sold it.",true,1,13,"113","B074W9J8HZ","Xbox One S",false,0,"USD",0,0,0,1739,4.7,"https://www.amazon.com/dp/B074W9J8HZ","8173.30",false,false,false,false,"Microsoft Xbox Wireless Controller - Minecraft Creeper - Xbox One (Discontinued)","https://m.media-amazon.com/images/I/61miGtxqFxL._AC_UY218_.jpg"
"R2G21ZE9KUVVDH","Reviewed in the United States on October 4, 2020",1,"No audio...","Audio does not work. When I contacted them about it they said to update the firmware. Even after the firmware update audio didnt work. Too expensive of a buy for this to be acceptable.. wish I could return it.",true,1,13,"113","B074W9J8HZ","Xbox One S",false,0,"USD",0,0,0,1739,4.7,"https://www.amazon.com/dp/B074W9J8HZ","8173.30",false,false,false,false,"Microsoft Xbox Wireless Controller - Minecraft Creeper - Xbox One (Discontinued)","https://m.media-amazon.com/images/I/61miGtxqFxL._AC_UY218_.jpg"
"R14SGUZCUIYAYK","Reviewed in the United States on October 22, 2021",5,"A must if you own more then one Xbox Series Devices","I own a Series X and a Series S, very handy to load games from one room to other without moving a Xbox.Simple plug and play",true,1,14,"114","B01065S79E","Xbox One S",true,84.99,"USD",109.99,25,22.73,48834,4.8,"https://www.amazon.com/dp/B01065S79E","234403.20",false,false,true,false,"Sponsored Ad - Seagate STEA2000403 Game Drive for Xbox STEA2000403-Hard 2 TB-USB 3.0-Green, 2TB","https://m.media-amazon.com/images/I/810ojt3yChL._AC_UY218_.jpg"
"RP5HT9B6XEFIT","Reviewed in the United States on October 22, 2021",4,"Game Memory","Works as intended. Should have been a 2T for the price I’m paying.",true,1,14,"114","B01065S79E","Xbox One S",true,84.99,"USD",109.99,25,22.73,48834,4.8,"https://www.amazon.com/dp/B01065S79E","234403.20",false,false,true,false,"Sponsored Ad - Seagate STEA2000403 Game Drive for Xbox STEA2000403-Hard 2 TB-USB 3.0-Green, 2TB","https://m.media-amazon.com/images/I/810ojt3yChL._AC_UY218_.jpg"
"R28UCTWYPK4N3E","Reviewed in the United States on October 22, 2021",4,"Works but expensive","Works but expensive otherwise would give 5 stars",true,1,14,"114","B01065S79E","Xbox One S",true,84.99,"USD",109.99,25,22.73,48834,4.8,"https://www.amazon.com/dp/B01065S79E","234403.20",false,false,true,false,"Sponsored Ad - Seagate STEA2000403 Game Drive for Xbox STEA2000403-Hard 2 TB-USB 3.0-Green, 2TB","https://m.media-amazon.com/images/I/810ojt3yChL._AC_UY218_.jpg"
"RCH6HCZPVHCWP","Reviewed in the United States on October 21, 2021",5,"Seagate Game Drive 🔥","It’s fast and works perfect 👍",true,1,14,"114","B01065S79E","Xbox One S",true,84.99,"USD",109.99,25,22.73,48834,4.8,"https://www.amazon.com/dp/B01065S79E","234403.20",false,false,true,false,"Sponsored Ad - Seagate STEA2000403 Game Drive for Xbox STEA2000403-Hard 2 TB-USB 3.0-Green, 2TB","https://m.media-amazon.com/images/I/810ojt3yChL._AC_UY218_.jpg"
"R2JAFTVC7NIGVE","Reviewed in the United States on October 21, 2021",5,"Useful Tool","I bought this thinking I needed to transfer files from old Xbox One to new Xbox One X but found out all files are uploaded to cloud. I later use this to store games that I normally install/uninstall so I placed a few favorite games I'll replay w/o the hassle of either choice. I was able to store games like Dead or Alive 5 Last Round w/ 507 characters + costumes which on internal hard drive will cause a slow lag so it was store on this external hard drive instead and Dead or Alive 6 w/ 217 characters + costumes. I read reviews on external hard drive with pros and cons so it's no big deal if it messes up later or last a lifetime.",true,1,14,"114","B01065S79E","Xbox One S",true,84.99,"USD",109.99,25,22.73,48834,4.8,"https://www.amazon.com/dp/B01065S79E","234403.20",false,false,true,false,"Sponsored Ad - Seagate STEA2000403 Game Drive for Xbox STEA2000403-Hard 2 TB-USB 3.0-Green, 2TB","https://m.media-amazon.com/images/I/810ojt3yChL._AC_UY218_.jpg"
"R2E2ZSOK69A0TP","Reviewed in the United States on October 20, 2021",5,"Great product","This is a very solid product! Worth the money. It is state of the art and has its own built in heat sink. That’s amazing. One thing I don’t like is the packaging. It’s just sitting there and it isn’t even locked into place or fastened down. It will just fall right out of the package without warning. Be careful everyone. For such a pricey item, it should at least be in a plastic inset that holds it into place.",true,1,14,"114","B01065S79E","Xbox One S",true,84.99,"USD",109.99,25,22.73,48834,4.8,"https://www.amazon.com/dp/B01065S79E","234403.20",false,false,true,false,"Sponsored Ad - Seagate STEA2000403 Game Drive for Xbox STEA2000403-Hard 2 TB-USB 3.0-Green, 2TB","https://m.media-amazon.com/images/I/810ojt3yChL._AC_UY218_.jpg"
"R256RRT2938AL1","Reviewed in the United States on October 20, 2021",4,"Works Great But","works great but it want let you play some newer games on it. It says you can download them to it but you have to move them over to your Xbox internal storage but other than that it works great on all other games.",true,1,14,"114","B01065S79E","Xbox One S",true,84.99,"USD",109.99,25,22.73,48834,4.8,"https://www.amazon.com/dp/B01065S79E","234403.20",false,false,true,false,"Sponsored Ad - Seagate STEA2000403 Game Drive for Xbox STEA2000403-Hard 2 TB-USB 3.0-Green, 2TB","https://m.media-amazon.com/images/I/810ojt3yChL._AC_UY218_.jpg"
"R2F1GAP4JBNJEH","Reviewed in the United States on October 20, 2021",5,"It's exactly what you think it is","Way too expensive but increases internal storage capacity for the Xbox series x by 1tb.. essential if you're running the latest games.",true,1,14,"114","B01065S79E","Xbox One S",true,84.99,"USD",109.99,25,22.73,48834,4.8,"https://www.amazon.com/dp/B01065S79E","234403.20",false,false,true,false,"Sponsored Ad - Seagate STEA2000403 Game Drive for Xbox STEA2000403-Hard 2 TB-USB 3.0-Green, 2TB","https://m.media-amazon.com/images/I/810ojt3yChL._AC_UY218_.jpg"
"R1ZMQI71C2NCSC","Reviewed in the United States on October 20, 2021",5,"Good","Exactly wat we needed",true,1,14,"114","B01065S79E","Xbox One S",true,84.99,"USD",109.99,25,22.73,48834,4.8,"https://www.amazon.com/dp/B01065S79E","234403.20",false,false,true,false,"Sponsored Ad - Seagate STEA2000403 Game Drive for Xbox STEA2000403-Hard 2 TB-USB 3.0-Green, 2TB","https://m.media-amazon.com/images/I/810ojt3yChL._AC_UY218_.jpg"
"R1ZM4GJCT6VT9V","Reviewed in the United States on October 20, 2021",4,"Fast But Weird Setup","I was really wanting this from the time I bought my Xbox Series X and finally got it. 1 terabyte is just not enough storage, and frankly, this additional terabyte hardly slakes my thirst for more storage. Games are getting so big, now, I may still have to add USB storage.This device is fast. Load times are noticeably faster. But the set up is weird. The instructions come in the way of a simple graphical sheet that seems to indicate you just plug it in, so I did what most people would do and powered down my unit and plugged this in. After powering up, I transferred some of my games and apps from the internal drive to this without problem.However, when I went to play a game or start an app that I had transferred to the Seagate, I got an error that it would not run. After some sleuthing online, I found someone in a forum relating that he was told to leave the power on while plugging in the device. So I powered down the Xbox, took the Seagate out, powered up the Xbox, and while powered up, crossed my fingers and plugged in the Seagate.All was right in the world and it's been working fine ever since.",true,1,14,"114","B01065S79E","Xbox One S",true,84.99,"USD",109.99,25,22.73,48834,4.8,"https://www.amazon.com/dp/B01065S79E","234403.20",false,false,true,false,"Sponsored Ad - Seagate STEA2000403 Game Drive for Xbox STEA2000403-Hard 2 TB-USB 3.0-Green, 2TB","https://m.media-amazon.com/images/I/810ojt3yChL._AC_UY218_.jpg"
"R3K4AL6RK6JHTC","Reviewed in the United States on September 4, 2021",5,"3rd party seller delivered","Little leary on buying a used Xbox but this was shipped quickly, packed well and everything in working order from 3rd party seller. No regrets",true,1,15,"115","B07GB1D7PF","Xbox One S",false,0,"USD",0,0,0,1702,4.7,"https://www.amazon.com/dp/B07GB1D7PF","7999.40",false,false,false,false,"Xbox One S 1TB Console - NBA 2K19 Bundle (Discontinued)","https://m.media-amazon.com/images/I/71BJkVSSO4L._AC_UY218_.jpg"
"R30UH9WFEY0IMN","Reviewed in the United States on April 7, 2021",5,"Had for years now and still running strong in 2021","Awesome product and a great amount of space. Still don't feel the need to upgrade yet",true,1,15,"115","B07GB1D7PF","Xbox One S",false,0,"USD",0,0,0,1702,4.7,"https://www.amazon.com/dp/B07GB1D7PF","7999.40",false,false,false,false,"Xbox One S 1TB Console - NBA 2K19 Bundle (Discontinued)","https://m.media-amazon.com/images/I/71BJkVSSO4L._AC_UY218_.jpg"
"R3P677OUQ4ZDLU","Reviewed in the United States on March 24, 2021",4,"Good buy","Good quality",true,1,15,"115","B07GB1D7PF","Xbox One S",false,0,"USD",0,0,0,1702,4.7,"https://www.amazon.com/dp/B07GB1D7PF","7999.40",false,false,false,false,"Xbox One S 1TB Console - NBA 2K19 Bundle (Discontinued)","https://m.media-amazon.com/images/I/71BJkVSSO4L._AC_UY218_.jpg"
"R1F3RSGD5ZRS2P","Reviewed in the United States on March 15, 2021",5,"It was like new, very nice","Perfect Condition",true,1,15,"115","B07GB1D7PF","Xbox One S",false,0,"USD",0,0,0,1702,4.7,"https://www.amazon.com/dp/B07GB1D7PF","7999.40",false,false,false,false,"Xbox One S 1TB Console - NBA 2K19 Bundle (Discontinued)","https://m.media-amazon.com/images/I/71BJkVSSO4L._AC_UY218_.jpg"
"R3CQGEVSZ013LT","Reviewed in the United States on March 6, 2021",5,"Good product","Good product",true,1,15,"115","B07GB1D7PF","Xbox One S",false,0,"USD",0,0,0,1702,4.7,"https://www.amazon.com/dp/B07GB1D7PF","7999.40",false,false,false,false,"Xbox One S 1TB Console - NBA 2K19 Bundle (Discontinued)","https://m.media-amazon.com/images/I/71BJkVSSO4L._AC_UY218_.jpg"
"R3FSDZ8WMNU9SL","Reviewed in the United States on February 23, 2021",5,"Gaming enjoyable","Great console",true,1,15,"115","B07GB1D7PF","Xbox One S",false,0,"USD",0,0,0,1702,4.7,"https://www.amazon.com/dp/B07GB1D7PF","7999.40",false,false,false,false,"Xbox One S 1TB Console - NBA 2K19 Bundle (Discontinued)","https://m.media-amazon.com/images/I/71BJkVSSO4L._AC_UY218_.jpg"
"R2B1SLJDSESKT0","Reviewed in the United States on January 15, 2021",5,"Loose packing","Its all good.but couldn't the seller put some foam,pellets,a dead fluffy cat to keep the Xbox Box from rattling inside sipping box,6"" space Xbox box almost busted out.thanks for delivery,love it,works great.",true,1,15,"115","B07GB1D7PF","Xbox One S",false,0,"USD",0,0,0,1702,4.7,"https://www.amazon.com/dp/B07GB1D7PF","7999.40",false,false,false,false,"Xbox One S 1TB Console - NBA 2K19 Bundle (Discontinued)","https://m.media-amazon.com/images/I/71BJkVSSO4L._AC_UY218_.jpg"
"R2KB8FNUVBOJC9","Reviewed in the United States on January 7, 2021",5,"Excellent!!","Received in great conditions everything in the box as stated, many games to choose from and you can also play movies and shows on it!",true,1,15,"115","B07GB1D7PF","Xbox One S",false,0,"USD",0,0,0,1702,4.7,"https://www.amazon.com/dp/B07GB1D7PF","7999.40",false,false,false,false,"Xbox One S 1TB Console - NBA 2K19 Bundle (Discontinued)","https://m.media-amazon.com/images/I/71BJkVSSO4L._AC_UY218_.jpg"
"R18CE86HES8IE","Reviewed in the United States on December 25, 2020",2,"Wont read disc","I was excited at first to get it. I download all my favorite games and when it came down for me to play disc that Xbox did not at all play any Xbox disc or DVDs or Blu-Rays in fact it did not attempt to even read it. This Made me highly disappointed and I guess level refurnished it did not properly check the disk tray at all. And they should not have the price at what they happened as now even though it's more now than when I got it right after Thanksgiving this item particular should at least be at 200 just because the simple fact it won't read disc.",true,1,15,"115","B07GB1D7PF","Xbox One S",false,0,"USD",0,0,0,1702,4.7,"https://www.amazon.com/dp/B07GB1D7PF","7999.40",false,false,false,false,"Xbox One S 1TB Console - NBA 2K19 Bundle (Discontinued)","https://m.media-amazon.com/images/I/71BJkVSSO4L._AC_UY218_.jpg"
"R18SQO4VHCMGHX","Reviewed in the United States on December 17, 2020",5,"It's perfect !","You said very good condition and it was Excellent like new ! Thank you ..",true,1,15,"115","B07GB1D7PF","Xbox One S",false,0,"USD",0,0,0,1702,4.7,"https://www.amazon.com/dp/B07GB1D7PF","7999.40",false,false,false,false,"Xbox One S 1TB Console - NBA 2K19 Bundle (Discontinued)","https://m.media-amazon.com/images/I/71BJkVSSO4L._AC_UY218_.jpg"
"R1FFTWN9BDQF3S","Reviewed in the United States on July 22, 2021",5,"I made someone very happy.","I bought that for my nephew . And loves it .",true,1,16,"116","B07GQGKZXK","Xbox One S",false,0,"USD",0,0,0,2790,4.7,"https://www.amazon.com/dp/B07GQGKZXK","13113.00",false,false,false,false,"Xbox One S 1Tb Console - Battlefield V Bundle","https://m.media-amazon.com/images/I/71yIFvrfDIL._AC_UY218_.jpg"
"R1E7N5PYDB0DPA","Reviewed in the United States on July 14, 2021",1,"One year and stopped working","Shipping was on time and package arrived fine . The Xbox one S stopped turning on , I’m very disappointed and feel like a spent my money in a faulty console. I bought the console new and it worked good from September 2019 until November 2020! one day it just wouldn’t turn on anymore ! Sadly I can’t refund and I’m stuck with a bad console .",true,1,16,"116","B07GQGKZXK","Xbox One S",false,0,"USD",0,0,0,2790,4.7,"https://www.amazon.com/dp/B07GQGKZXK","13113.00",false,false,false,false,"Xbox One S 1Tb Console - Battlefield V Bundle","https://m.media-amazon.com/images/I/71yIFvrfDIL._AC_UY218_.jpg"
"R3MTHX5YG230B4","Reviewed in the United States on May 20, 2021",1,"Great, for a while...then started shutting off regularly","Product was great for about 18 months, and then one day it just started shutting off while I was playing. Once it happened, it happened very frequently",true,1,16,"116","B07GQGKZXK","Xbox One S",false,0,"USD",0,0,0,2790,4.7,"https://www.amazon.com/dp/B07GQGKZXK","13113.00",false,false,false,false,"Xbox One S 1Tb Console - Battlefield V Bundle","https://m.media-amazon.com/images/I/71yIFvrfDIL._AC_UY218_.jpg"
"R281VR1DGBAUHA","Reviewed in the United States on April 22, 2021",5,"Good purchase but delivered late.","The game system came in good packaging but was delivered late. My husband plays on it all the time and it works amazing. This is overall a good purchase.",true,1,16,"116","B07GQGKZXK","Xbox One S",false,0,"USD",0,0,0,2790,4.7,"https://www.amazon.com/dp/B07GQGKZXK","13113.00",false,false,false,false,"Xbox One S 1Tb Console - Battlefield V Bundle","https://m.media-amazon.com/images/I/71yIFvrfDIL._AC_UY218_.jpg"
"R3SOL6TVW1HES2","Reviewed in the United States on April 11, 2021",5,"Life is made to be fun not funny","Come on really you going to ask me to rate a video game system wow so wrongYours sincerelyVideo game junkie",true,1,16,"116","B07GQGKZXK","Xbox One S",false,0,"USD",0,0,0,2790,4.7,"https://www.amazon.com/dp/B07GQGKZXK","13113.00",false,false,false,false,"Xbox One S 1Tb Console - Battlefield V Bundle","https://m.media-amazon.com/images/I/71yIFvrfDIL._AC_UY218_.jpg"
"R31NJROCO0T4QJ","Reviewed in the United States on March 14, 2021",1,"Audio on system stopped working","just under 2 years and the audio on my system isn't working. rarely use it as I have ps4 and most of my games are on there. I was told I could have it repaired, since it is a hardware problem I feel I shouldn't have to pay to have it fixed. I recommend no one else buys this system.I will not be buying anymore Microsoft game systems.",true,1,16,"116","B07GQGKZXK","Xbox One S",false,0,"USD",0,0,0,2790,4.7,"https://www.amazon.com/dp/B07GQGKZXK","13113.00",false,false,false,false,"Xbox One S 1Tb Console - Battlefield V Bundle","https://m.media-amazon.com/images/I/71yIFvrfDIL._AC_UY218_.jpg"
"R3JHDB68PVM10B","Reviewed in the United States on January 30, 2021",2,"Item stop working","The product last about a year working fine and suddenly stop working . For $ 200 plus there have to be a better product . My old xbox which didn't cost as much lasted for years.",true,1,16,"116","B07GQGKZXK","Xbox One S",false,0,"USD",0,0,0,2790,4.7,"https://www.amazon.com/dp/B07GQGKZXK","13113.00",false,false,false,false,"Xbox One S 1Tb Console - Battlefield V Bundle","https://m.media-amazon.com/images/I/71yIFvrfDIL._AC_UY218_.jpg"
"R30NX8KNFWPCGQ","Reviewed in the United States on January 21, 2021",5,"Nice","Great deal",true,1,16,"116","B07GQGKZXK","Xbox One S",false,0,"USD",0,0,0,2790,4.7,"https://www.amazon.com/dp/B07GQGKZXK","13113.00",false,false,false,false,"Xbox One S 1Tb Console - Battlefield V Bundle","https://m.media-amazon.com/images/I/71yIFvrfDIL._AC_UY218_.jpg"
"R2827OP9CW987N","Reviewed in the United States on January 7, 2021",5,"Works great. And did indeed come with Battlefield 1","Works great. Came as described. Got battlefield 1 and V along with it.",true,1,16,"116","B07GQGKZXK","Xbox One S",false,0,"USD",0,0,0,2790,4.7,"https://www.amazon.com/dp/B07GQGKZXK","13113.00",false,false,false,false,"Xbox One S 1Tb Console - Battlefield V Bundle","https://m.media-amazon.com/images/I/71yIFvrfDIL._AC_UY218_.jpg"
"R163LOIV2597ON","Reviewed in the United States on December 6, 2020",5,"Video games are stealing our kids imaginations","I bought this but never play it, I use it for streaming services, I don't think these kinds of games are really for kids, and the adults who play them should probably be ashamed of themselves as idleness is not good for the mind or body. The product works fine and is very reliable but the culture that these machines create is embarrassing to us humans",true,1,16,"116","B07GQGKZXK","Xbox One S",false,0,"USD",0,0,0,2790,4.7,"https://www.amazon.com/dp/B07GQGKZXK","13113.00",false,false,false,false,"Xbox One S 1Tb Console - Battlefield V Bundle","https://m.media-amazon.com/images/I/71yIFvrfDIL._AC_UY218_.jpg"
"RDPHWMX42CDKJ","Reviewed in the United States on September 22, 2021",5,"It's from MEXICO! Don't buy! Won't play dvds!","Oh this pissed me off SOOO much. Little did I know when I bought this particular XBox, it is from Mexico and wont play any dvds that were manufactured inside the US. Also it sometimes wont play certain Bluerays. It will pop up an error and say you camt play a dvd from this region. The only reason I bought this with a disk drive is SO I could play dvds and blue ray. BUYER BEWARE!!!",true,1,17,"117","B074JF7M9X","Xbox One S",false,849.95,"USD",0,0,0,2219,4.7,"https://www.amazon.com/dp/B074JF7M9X","10429.30",false,false,false,false,"Xbox One S Two Controller Bundle (1TB) Includes Xbox One S, 2 Wireless Controllers, 1-Month Game Pass Trial, 14-day Xbox L...","https://m.media-amazon.com/images/I/61OK-9oZ7PL._AC_UY218_.jpg"
"R9YP7FKN264E6","Reviewed in the United States on July 12, 2021",5,"It’s the journey .","Amazing product! A minor order issue but Very professional sender! recommend !",true,1,17,"117","B074JF7M9X","Xbox One S",false,849.95,"USD",0,0,0,2219,4.7,"https://www.amazon.com/dp/B074JF7M9X","10429.30",false,false,false,false,"Xbox One S Two Controller Bundle (1TB) Includes Xbox One S, 2 Wireless Controllers, 1-Month Game Pass Trial, 14-day Xbox L...","https://m.media-amazon.com/images/I/61OK-9oZ7PL._AC_UY218_.jpg"
"R11L9M5ZH4QWGQ","Reviewed in the United States on July 8, 2021",5,"Good product","Great product",true,1,17,"117","B074JF7M9X","Xbox One S",false,849.95,"USD",0,0,0,2219,4.7,"https://www.amazon.com/dp/B074JF7M9X","10429.30",false,false,false,false,"Xbox One S Two Controller Bundle (1TB) Includes Xbox One S, 2 Wireless Controllers, 1-Month Game Pass Trial, 14-day Xbox L...","https://m.media-amazon.com/images/I/61OK-9oZ7PL._AC_UY218_.jpg"
"RR49XZPX7QJDJ","Reviewed in the United States on April 14, 2021",5,"Great","Came just as expected, brand new in box not even open, works great, love it",true,1,17,"117","B074JF7M9X","Xbox One S",false,849.95,"USD",0,0,0,2219,4.7,"https://www.amazon.com/dp/B074JF7M9X","10429.30",false,false,false,false,"Xbox One S Two Controller Bundle (1TB) Includes Xbox One S, 2 Wireless Controllers, 1-Month Game Pass Trial, 14-day Xbox L...","https://m.media-amazon.com/images/I/61OK-9oZ7PL._AC_UY218_.jpg"
"R3SP71QUCJM5B5","Reviewed in the United States on March 19, 2021",1,"I bought 2 years ago for $300","Lmao I bought this for $400 less than current price. It’s a great Xbox but no way is it worth this much. You can get a gaming PC for $700",true,1,17,"117","B074JF7M9X","Xbox One S",false,849.95,"USD",0,0,0,2219,4.7,"https://www.amazon.com/dp/B074JF7M9X","10429.30",false,false,false,false,"Xbox One S Two Controller Bundle (1TB) Includes Xbox One S, 2 Wireless Controllers, 1-Month Game Pass Trial, 14-day Xbox L...","https://m.media-amazon.com/images/I/61OK-9oZ7PL._AC_UY218_.jpg"
"R1S7NT7WCDPRNO","Reviewed in the United States on March 18, 2021",2,"Xbox crashing and controller malfunction","Received in April 2020, worked great until February 2021. Continues to crash and controller is scrolling upward. No way to return or reach the seller apparently after 1 month. We've gotten 9 months great gaming from this. Just wish there was a way to reach the seller about fixing the issues and/or replacing the items that are going bad. Even if it costs to replace -don't just abandon the customer.",true,1,17,"117","B074JF7M9X","Xbox One S",false,849.95,"USD",0,0,0,2219,4.7,"https://www.amazon.com/dp/B074JF7M9X","10429.30",false,false,false,false,"Xbox One S Two Controller Bundle (1TB) Includes Xbox One S, 2 Wireless Controllers, 1-Month Game Pass Trial, 14-day Xbox L...","https://m.media-amazon.com/images/I/61OK-9oZ7PL._AC_UY218_.jpg"
"R9C8DABVSU9XU","Reviewed in the United States on March 16, 2021",5,"Best purchase ever","Bought this almost a year ago and despite being on 24/7, shes still holding strong! Only issues I ever notice is with the youtube app but that's the app its selfI had wanted a ps3 or ps4 but my bf convinced me to get an xbox one and I'm happy he did because this console is crazy reliable and I love it",true,1,17,"117","B074JF7M9X","Xbox One S",false,849.95,"USD",0,0,0,2219,4.7,"https://www.amazon.com/dp/B074JF7M9X","10429.30",false,false,false,false,"Xbox One S Two Controller Bundle (1TB) Includes Xbox One S, 2 Wireless Controllers, 1-Month Game Pass Trial, 14-day Xbox L...","https://m.media-amazon.com/images/I/61OK-9oZ7PL._AC_UY218_.jpg"
"R1D6BOIGZG4BOT","Reviewed in the United States on March 10, 2021",1,"Just an empty envelope","Only received an empty fesex envelope.",true,1,17,"117","B074JF7M9X","Xbox One S",false,849.95,"USD",0,0,0,2219,4.7,"https://www.amazon.com/dp/B074JF7M9X","10429.30",false,false,false,false,"Xbox One S Two Controller Bundle (1TB) Includes Xbox One S, 2 Wireless Controllers, 1-Month Game Pass Trial, 14-day Xbox L...","https://m.media-amazon.com/images/I/61OK-9oZ7PL._AC_UY218_.jpg"
"RLA577WOXWCM1","Reviewed in the United States on March 6, 2021",3,"Beware of DVD Region!","It's an xbox, what can I say. This review is about the seller. Nowhere does it mention what DVD/Blu Ray region the console is. I've had this xbox one s for a year now, and just tried to play a DVD. Never mind that the Blu Ray app is garbage, this machine is a REGION 2 device! I live in America, but this product is meant for sale (according to Microsoft) only in:Europe (except Russia, Ukraine, and Belarus), Middle East, Egypt, Japan, South Africa, Swaziland, Lesotho, Greenland. I'm not happy at all!",true,1,17,"117","B074JF7M9X","Xbox One S",false,849.95,"USD",0,0,0,2219,4.7,"https://www.amazon.com/dp/B074JF7M9X","10429.30",false,false,false,false,"Xbox One S Two Controller Bundle (1TB) Includes Xbox One S, 2 Wireless Controllers, 1-Month Game Pass Trial, 14-day Xbox L...","https://m.media-amazon.com/images/I/61OK-9oZ7PL._AC_UY218_.jpg"
"R13ZZ24W8PV4FF","Reviewed in the United States on March 5, 2021",4,"Works great","Bought almost 2 years ago and still works great!",true,1,17,"117","B074JF7M9X","Xbox One S",false,849.95,"USD",0,0,0,2219,4.7,"https://www.amazon.com/dp/B074JF7M9X","10429.30",false,false,false,false,"Xbox One S Two Controller Bundle (1TB) Includes Xbox One S, 2 Wireless Controllers, 1-Month Game Pass Trial, 14-day Xbox L...","https://m.media-amazon.com/images/I/61OK-9oZ7PL._AC_UY218_.jpg"
"cr-translate--1477904221",,,"","",false,1,18,"118","B07VMMNDCJ","Xbox One S",false,0,"USD",0,0,0,1446,4.7,"https://www.amazon.com/dp/B07VMMNDCJ","6796.20",false,false,false,false,"Xbox One S 1TB Console - Gears 5 Bundle [DISCONTINUED]","https://m.media-amazon.com/images/I/71Md7XHx6WL._AC_UY218_.jpg"
"RK8W7YF7J7S1S","Reviewed in the United States on January 30, 2021",5,"Great product and worth every penny.","Great gaming console. Haven't had any issues and is quite as a mouse when running. Definitely worth the money.",true,1,18,"118","B07VMMNDCJ","Xbox One S",false,0,"USD",0,0,0,1446,4.7,"https://www.amazon.com/dp/B07VMMNDCJ","6796.20",false,false,false,false,"Xbox One S 1TB Console - Gears 5 Bundle [DISCONTINUED]","https://m.media-amazon.com/images/I/71Md7XHx6WL._AC_UY218_.jpg"
"RDGEKRTG0W6Q3","Reviewed in the United States on December 26, 2020",2,"Code already used","Got the box in the mail, and when I opened it, it appeared that the Xbox box had been opened before. I didn't think anything of it, and wrapped it up for my son for Christmas. On Christmas we went to put in the code for the free month of xbox live, and it said the ""code has already been used"", so clearly this was NOT a brand new bundle pack. Not happy right now.",true,1,18,"118","B07VMMNDCJ","Xbox One S",false,0,"USD",0,0,0,1446,4.7,"https://www.amazon.com/dp/B07VMMNDCJ","6796.20",false,false,false,false,"Xbox One S 1TB Console - Gears 5 Bundle [DISCONTINUED]","https://m.media-amazon.com/images/I/71Md7XHx6WL._AC_UY218_.jpg"
"R3L7R4OEPD5NB5","Reviewed in the United States on December 1, 2020",5,"new like advertised","What can I say, its an Xbox. New in the box, fast shipping and came as advertised. Recommended!",true,1,18,"118","B07VMMNDCJ","Xbox One S",false,0,"USD",0,0,0,1446,4.7,"https://www.amazon.com/dp/B07VMMNDCJ","6796.20",false,false,false,false,"Xbox One S 1TB Console - Gears 5 Bundle [DISCONTINUED]","https://m.media-amazon.com/images/I/71Md7XHx6WL._AC_UY218_.jpg"
"RVS9AJH0PB814","Reviewed in the United States on December 1, 2020",5,"Todo ok!","Todo en perfecto estado!",true,1,18,"118","B07VMMNDCJ","Xbox One S",false,0,"USD",0,0,0,1446,4.7,"https://www.amazon.com/dp/B07VMMNDCJ","6796.20",false,false,false,false,"Xbox One S 1TB Console - Gears 5 Bundle [DISCONTINUED]","https://m.media-amazon.com/images/I/71Md7XHx6WL._AC_UY218_.jpg"
"R1MIIZZI84WQT2","Reviewed in the United States on November 23, 2020",5,"You get what you pay for!","In every way shape or form, yes! Excellent purchase!!!",true,1,18,"118","B07VMMNDCJ","Xbox One S",false,0,"USD",0,0,0,1446,4.7,"https://www.amazon.com/dp/B07VMMNDCJ","6796.20",false,false,false,false,"Xbox One S 1TB Console - Gears 5 Bundle [DISCONTINUED]","https://m.media-amazon.com/images/I/71Md7XHx6WL._AC_UY218_.jpg"
"R3A7GTYSJJUHB","Reviewed in the United States on November 16, 2020",1,"System didn't last for 2 months","This system broke after less 2 months",true,1,18,"118","B07VMMNDCJ","Xbox One S",false,0,"USD",0,0,0,1446,4.7,"https://www.amazon.com/dp/B07VMMNDCJ","6796.20",false,false,false,false,"Xbox One S 1TB Console - Gears 5 Bundle [DISCONTINUED]","https://m.media-amazon.com/images/I/71Md7XHx6WL._AC_UY218_.jpg"
"R3S3ZRM6S0ILP","Reviewed in the United States on November 11, 2020",4,"Great graphics.","Would not connect out of the box. We had to look on youtube to see how to reset the console. Then it worked.great colors, great graphics.",true,1,18,"118","B07VMMNDCJ","Xbox One S",false,0,"USD",0,0,0,1446,4.7,"https://www.amazon.com/dp/B07VMMNDCJ","6796.20",false,false,false,false,"Xbox One S 1TB Console - Gears 5 Bundle [DISCONTINUED]","https://m.media-amazon.com/images/I/71Md7XHx6WL._AC_UY218_.jpg"
"R3LYDFLC99M9AI","Reviewed in the United States on October 13, 2020",5,"My kid loves it","Was for my son and he was so happy! It came with free stuff and haven’t had a problem highly recommended",true,1,18,"118","B07VMMNDCJ","Xbox One S",false,0,"USD",0,0,0,1446,4.7,"https://www.amazon.com/dp/B07VMMNDCJ","6796.20",false,false,false,false,"Xbox One S 1TB Console - Gears 5 Bundle [DISCONTINUED]","https://m.media-amazon.com/images/I/71Md7XHx6WL._AC_UY218_.jpg"
"R21CX8DY1FIN0C","Reviewed in the United States on September 29, 2020",5,"Buen precio","Es buen prefacio pero el que me enviaron no funcionó la salida de sonido",true,1,18,"118","B07VMMNDCJ","Xbox One S",false,0,"USD",0,0,0,1446,4.7,"https://www.amazon.com/dp/B07VMMNDCJ","6796.20",false,false,false,false,"Xbox One S 1TB Console - Gears 5 Bundle [DISCONTINUED]","https://m.media-amazon.com/images/I/71Md7XHx6WL._AC_UY218_.jpg"
"R81ZNXUOCCBK7","Reviewed in the United States on September 27, 2020",1,"bundled games, and xbox 30 day trial are missing now controller stopped working","Sorry had to put one star. Games were not included in the bundle just xbox and one controller. Update bad news controller stopped working. I paid for a new unit and got something else. Bad condition. No head phones included.",true,1,18,"118","B07VMMNDCJ","Xbox One S",false,0,"USD",0,0,0,1446,4.7,"https://www.amazon.com/dp/B07VMMNDCJ","6796.20",false,false,false,false,"Xbox One S 1TB Console - Gears 5 Bundle [DISCONTINUED]","https://m.media-amazon.com/images/I/71Md7XHx6WL._AC_UY218_.jpg"