"review.id","review.review_data","review.rating","review.title","review.review","review.verified_purchase","product.position.page","product.position.position","product.position.global_position","product.asin","product.keyword","product.price.discounted","product.price.current_price","product.price.currency","product.price.before_price","product.price.savings_amount","product.price.savings_percent","product.reviews.total_reviews","product.reviews.rating","product.url","product.score","product.sponsored","product.amazonChoice","product.bestSeller","product.amazonPrime","product.title","product.thumbnail"
"cr-translate-150380199",,,"","",false,1,1,"10","B07GWYYHPQ","nintendo 3ds",false,0,"USD",0,0,0,6144,4.8,"https://www.amazon.com/dp/B07GWYYHPQ","29491.20",false,false,false,false,"New Nintendo 2DS XL - Black + Turquoise With Mario Kart 7 Pre-installed - Nintendo 2DS","https://m.media-amazon.com/images/I/71RL2xIeuAL._AC_UY218_.jpg"
"R39H6L2XBTNRQH","Reviewed in the United States on September 19, 2021",5,"Had it for 3 years still works like new, its great.","I love this, I still have it for 3 years and it has been a big part of my childhood.",true,1,1,"10","B07GWYYHPQ","nintendo 3ds",false,0,"USD",0,0,0,6144,4.8,"https://www.amazon.com/dp/B07GWYYHPQ","29491.20",false,false,false,false,"New Nintendo 2DS XL - Black + Turquoise With Mario Kart 7 Pre-installed - Nintendo 2DS","https://m.media-amazon.com/images/I/71RL2xIeuAL._AC_UY218_.jpg"
"R3JFK3A1CVF8JL","Reviewed in the United States on September 18, 2021",5,"Getting this worth it at 2021","Great Item. Got no problem.",true,1,1,"10","B07GWYYHPQ","nintendo 3ds",false,0,"USD",0,0,0,6144,4.8,"https://www.amazon.com/dp/B07GWYYHPQ","29491.20",false,false,false,false,"New Nintendo 2DS XL - Black + Turquoise With Mario Kart 7 Pre-installed - Nintendo 2DS","https://m.media-amazon.com/images/I/71RL2xIeuAL._AC_UY218_.jpg"
"R2QHCQ8R01I5HP","Reviewed in the United States on September 14, 2021",5,"amazing console","came in great condition, little to no scratches on the screens. some scratches on the outside casing. device works and is fully functional. i’d advise going with a good seller. a lot of people were saying they received a broken product, but i believe it’s because they didn’t look into the seller. i purchased mine from storm unity games. amazing customer service, answered all my questions very quickly. anyways, it’s a great console and i’m so very happy that i could buy this. i had one as a kid, but i sold it because other people made me think it was for kids and that i was “too old” to own one. so glad i could buy it again. you’re never too old to like having a 2ds! :)",true,1,1,"10","B07GWYYHPQ","nintendo 3ds",false,0,"USD",0,0,0,6144,4.8,"https://www.amazon.com/dp/B07GWYYHPQ","29491.20",false,false,false,false,"New Nintendo 2DS XL - Black + Turquoise With Mario Kart 7 Pre-installed - Nintendo 2DS","https://m.media-amazon.com/images/I/71RL2xIeuAL._AC_UY218_.jpg"
"RWUC44OGFE76F","Reviewed in the United States on September 12, 2021",5,"Excelente","Vale mucho la pena y tiene un excelente catalogo de video juegos",true,1,1,"10","B07GWYYHPQ","nintendo 3ds",false,0,"USD",0,0,0,6144,4.8,"https://www.amazon.com/dp/B07GWYYHPQ","29491.20",false,false,false,false,"New Nintendo 2DS XL - Black + Turquoise With Mario Kart 7 Pre-installed - Nintendo 2DS","https://m.media-amazon.com/images/I/71RL2xIeuAL._AC_UY218_.jpg"
"R3E6OJSK1VTCLQ","Reviewed in the United States on September 11, 2021",5,"Awesome","It came early was very happy. Thank you",true,1,1,"10","B07GWYYHPQ","nintendo 3ds",false,0,"USD",0,0,0,6144,4.8,"https://www.amazon.com/dp/B07GWYYHPQ","29491.20",false,false,false,false,"New Nintendo 2DS XL - Black + Turquoise With Mario Kart 7 Pre-installed - Nintendo 2DS","https://m.media-amazon.com/images/I/71RL2xIeuAL._AC_UY218_.jpg"
"R22RQUUBKFVGWG","Reviewed in the United States on September 1, 2021",1,"Cracked screen","After a few days , the cracked screen became apparent.NOTE: this was used",true,1,1,"10","B07GWYYHPQ","nintendo 3ds",false,0,"USD",0,0,0,6144,4.8,"https://www.amazon.com/dp/B07GWYYHPQ","29491.20",false,false,false,false,"New Nintendo 2DS XL - Black + Turquoise With Mario Kart 7 Pre-installed - Nintendo 2DS","https://m.media-amazon.com/images/I/71RL2xIeuAL._AC_UY218_.jpg"
"R3IB0D9CT869ZM","Reviewed in the United States on August 3, 2021",1,"You may or may not get a used one","Product description says NEW, I didnt find anything that said used in the description. Seeing other images people have recieved new ones BUT it looks like a lot of us are getting used ones and some are damaged/broken. Buy at your own risk.",true,1,1,"10","B07GWYYHPQ","nintendo 3ds",false,0,"USD",0,0,0,6144,4.8,"https://www.amazon.com/dp/B07GWYYHPQ","29491.20",false,false,false,false,"New Nintendo 2DS XL - Black + Turquoise With Mario Kart 7 Pre-installed - Nintendo 2DS","https://m.media-amazon.com/images/I/71RL2xIeuAL._AC_UY218_.jpg"
"R1S9EQEKXTDNI5","Reviewed in the United States on August 2, 2021",1,"Not reading memory card","It refuses to read the memory card that came with it and also wont read a new one. cant use it without a memory card",true,1,1,"10","B07GWYYHPQ","nintendo 3ds",false,0,"USD",0,0,0,6144,4.8,"https://www.amazon.com/dp/B07GWYYHPQ","29491.20",false,false,false,false,"New Nintendo 2DS XL - Black + Turquoise With Mario Kart 7 Pre-installed - Nintendo 2DS","https://m.media-amazon.com/images/I/71RL2xIeuAL._AC_UY218_.jpg"
"R3HDC8G8O1A032","Reviewed in the United States on August 2, 2021",5,"Be sure you’re getting the condition you want.","I see a lot of people saying they get a used 2DS, but you need to make sure your order condition is “new”! The 2DS is called “New Nintendo 2DS” because that’s what Nintendo named it, it doesn’t mean your condition of the 2DS is new itself. I ordered mine new, and it came new, original box and wrapping with everything clean and new.",true,1,1,"10","B07GWYYHPQ","nintendo 3ds",false,0,"USD",0,0,0,6144,4.8,"https://www.amazon.com/dp/B07GWYYHPQ","29491.20",false,false,false,false,"New Nintendo 2DS XL - Black + Turquoise With Mario Kart 7 Pre-installed - Nintendo 2DS","https://m.media-amazon.com/images/I/71RL2xIeuAL._AC_UY218_.jpg"
"R2SH0GZ9YYVLY0","Reviewed in the United States on July 27, 2021",5,"Best gaming console","My daughter loves it",true,1,1,"10","B07GWYYHPQ","nintendo 3ds",false,0,"USD",0,0,0,6144,4.8,"https://www.amazon.com/dp/B07GWYYHPQ","29491.20",false,false,false,false,"New Nintendo 2DS XL - Black + Turquoise With Mario Kart 7 Pre-installed - Nintendo 2DS","https://m.media-amazon.com/images/I/71RL2xIeuAL._AC_UY218_.jpg"
"cr-translate-2064439769",,,"","",false,1,2,"11","B082H2SR4K","nintendo 3ds",false,0,"USD",0,0,0,273,4.4,"https://www.amazon.com/dp/B082H2SR4K","1201.20",false,false,false,false,"Minecraft: NEW Nintendo 3DS Edition - NEW Nintendo 3DS","https://m.media-amazon.com/images/I/718zdBbCz8L._AC_UY218_.jpg"
"R1R1SC9UC441TX","Reviewed in the United States on August 3, 2021",1,"Very Disappointed","This 3ds cartridge is to big for my sons 3ds xl slot.",true,1,2,"11","B082H2SR4K","nintendo 3ds",false,0,"USD",0,0,0,273,4.4,"https://www.amazon.com/dp/B082H2SR4K","1201.20",false,false,false,false,"Minecraft: NEW Nintendo 3DS Edition - NEW Nintendo 3DS","https://m.media-amazon.com/images/I/718zdBbCz8L._AC_UY218_.jpg"
"R14AGTP01D907U","Reviewed in the United States on February 26, 2021",5,"Recomendado","Buen artículo.",true,1,2,"11","B082H2SR4K","nintendo 3ds",false,0,"USD",0,0,0,273,4.4,"https://www.amazon.com/dp/B082H2SR4K","1201.20",false,false,false,false,"Minecraft: NEW Nintendo 3DS Edition - NEW Nintendo 3DS","https://m.media-amazon.com/images/I/718zdBbCz8L._AC_UY218_.jpg"
"RT3LQV1C9LS9Q","Reviewed in the United States on February 17, 2021",4,"For the NEW 3DS","My son has the 2DS. I wish I would have read into it more to find that this games only works for the NEW 3DS. Didnt think much of it since most 3DS games work with the 2DS. So my son and I are disappointed. But overall the game came on time and in brand new condition. I'm sure it works great too.",true,1,2,"11","B082H2SR4K","nintendo 3ds",false,0,"USD",0,0,0,273,4.4,"https://www.amazon.com/dp/B082H2SR4K","1201.20",false,false,false,false,"Minecraft: NEW Nintendo 3DS Edition - NEW Nintendo 3DS","https://m.media-amazon.com/images/I/718zdBbCz8L._AC_UY218_.jpg"
"R2Y4A4AZ4F7XMR","Reviewed in the United States on January 5, 2021",5,"All was happy","My granddaughterloved it",true,1,2,"11","B082H2SR4K","nintendo 3ds",false,0,"USD",0,0,0,273,4.4,"https://www.amazon.com/dp/B082H2SR4K","1201.20",false,false,false,false,"Minecraft: NEW Nintendo 3DS Edition - NEW Nintendo 3DS","https://m.media-amazon.com/images/I/718zdBbCz8L._AC_UY218_.jpg"
"R29EDPQF9WB70I","Reviewed in the United States on October 7, 2020",1,"Unhappy with product","Buyer beware: This product is for the new 3D s and since I’m not a tech geek andmy child asked for this for his birthday I didn’t know that Nintendo creators had no creativity to name a new system and only wrote the word new in front of the 3DS XL system.Of course shame on me for not knowing but one more reason to avoid buying Nintendo products.All it managed to do for me was waste money and make my child sad that I’m his birthday gift is not useable.",true,1,2,"11","B082H2SR4K","nintendo 3ds",false,0,"USD",0,0,0,273,4.4,"https://www.amazon.com/dp/B082H2SR4K","1201.20",false,false,false,false,"Minecraft: NEW Nintendo 3DS Edition - NEW Nintendo 3DS","https://m.media-amazon.com/images/I/718zdBbCz8L._AC_UY218_.jpg"
"R3N31C8Y9PBMGC","Reviewed in the United States on July 7, 2020",5,"Good game","Good game.",true,1,2,"11","B082H2SR4K","nintendo 3ds",false,0,"USD",0,0,0,273,4.4,"https://www.amazon.com/dp/B082H2SR4K","1201.20",false,false,false,false,"Minecraft: NEW Nintendo 3DS Edition - NEW Nintendo 3DS","https://m.media-amazon.com/images/I/718zdBbCz8L._AC_UY218_.jpg"
"R3LZEPJS1HWIPZ","Reviewed in the United States on June 26, 2020",4,"Kids love it. Adults should hate it","I don't care for it, but I didn9nbuy it for myself. It was a xmas gift for my son and He freaking loves the game. Lol",true,1,2,"11","B082H2SR4K","nintendo 3ds",false,0,"USD",0,0,0,273,4.4,"https://www.amazon.com/dp/B082H2SR4K","1201.20",false,false,false,false,"Minecraft: NEW Nintendo 3DS Edition - NEW Nintendo 3DS","https://m.media-amazon.com/images/I/718zdBbCz8L._AC_UY218_.jpg"
"R1YFZH8IJYMO15","Reviewed in the United States on June 2, 2020",5,"They love it.","Great game to share .",true,1,2,"11","B082H2SR4K","nintendo 3ds",false,0,"USD",0,0,0,273,4.4,"https://www.amazon.com/dp/B082H2SR4K","1201.20",false,false,false,false,"Minecraft: NEW Nintendo 3DS Edition - NEW Nintendo 3DS","https://m.media-amazon.com/images/I/718zdBbCz8L._AC_UY218_.jpg"
"R2OW4QCYY9YIB2","Reviewed in the United States on May 19, 2020",5,"Amazing game","I love this game. It’s one one the only games I play on my 3DS now. It took me a few day to get used to controlling it but other than that it’s amazing. I totally recommend it.",true,1,2,"11","B082H2SR4K","nintendo 3ds",false,0,"USD",0,0,0,273,4.4,"https://www.amazon.com/dp/B082H2SR4K","1201.20",false,false,false,false,"Minecraft: NEW Nintendo 3DS Edition - NEW Nintendo 3DS","https://m.media-amazon.com/images/I/718zdBbCz8L._AC_UY218_.jpg"
"R17TAT17L8ZRXI","Reviewed in the United States on May 4, 2020",1,"Doesn't work on 2DS","Very upset.Got this for my 5 year old and it doesn't work on his 2DS. He was heartbroken. With covid 19 it's too much effort to return and send back . We just have to eat the cost. Buyer make sure you have the correct game system.",true,1,2,"11","B082H2SR4K","nintendo 3ds",false,0,"USD",0,0,0,273,4.4,"https://www.amazon.com/dp/B082H2SR4K","1201.20",false,false,false,false,"Minecraft: NEW Nintendo 3DS Edition - NEW Nintendo 3DS","https://m.media-amazon.com/images/I/718zdBbCz8L._AC_UY218_.jpg"
"cr-translate-1522582757",,,"","",false,1,3,"12","B071WNTGFY","nintendo 3ds",false,52.99,"USD",0,0,0,4139,4.8,"https://www.amazon.com/dp/B071WNTGFY","19867.20",false,false,false,false,"Pokémon Ultra Sun - Nintendo 3DS","https://m.media-amazon.com/images/I/81YmI-A27RL._AC_UY218_.jpg"
"R2PABPTSWMBUPN","Reviewed in the United States on October 20, 2021",5,"GG","Great",true,1,3,"12","B071WNTGFY","nintendo 3ds",false,52.99,"USD",0,0,0,4139,4.8,"https://www.amazon.com/dp/B071WNTGFY","19867.20",false,false,false,false,"Pokémon Ultra Sun - Nintendo 3DS","https://m.media-amazon.com/images/I/81YmI-A27RL._AC_UY218_.jpg"
"R2ED57HRYEQU12","Reviewed in the United States on September 24, 2021",1,"No game","There was no game inside",true,1,3,"12","B071WNTGFY","nintendo 3ds",false,52.99,"USD",0,0,0,4139,4.8,"https://www.amazon.com/dp/B071WNTGFY","19867.20",false,false,false,false,"Pokémon Ultra Sun - Nintendo 3DS","https://m.media-amazon.com/images/I/81YmI-A27RL._AC_UY218_.jpg"
"R3SBA0JVPAU2ED","Reviewed in the United States on August 20, 2021",5,"Amazing New Twist to a Classic","Pokemon Sun and Moon have made new and amazing strides in regard to gameplay that add to the experience of an already strong franchise. Alongside new Pokemon to discover, new interactive ventures allow you to bond closer to each of your companions as you battle your way through the Alolan Islands. You can also expect new features which allow for a more customisable experience regarding your avatar regarding how they dress, the activities they can do, and more. A genuinely worthy addition to the Pokemon gaming experience.",true,1,3,"12","B071WNTGFY","nintendo 3ds",false,52.99,"USD",0,0,0,4139,4.8,"https://www.amazon.com/dp/B071WNTGFY","19867.20",false,false,false,false,"Pokémon Ultra Sun - Nintendo 3DS","https://m.media-amazon.com/images/I/81YmI-A27RL._AC_UY218_.jpg"
"R271646VJ6BLD7","Reviewed in the United States on August 17, 2021",2,"Product Misinformation","Product is listed as a US version on their Amazon ad however, I received a World-Edition. I consider this to be false advertisement. Amazon needs to do something about this misinformation",true,1,3,"12","B071WNTGFY","nintendo 3ds",false,52.99,"USD",0,0,0,4139,4.8,"https://www.amazon.com/dp/B071WNTGFY","19867.20",false,false,false,false,"Pokémon Ultra Sun - Nintendo 3DS","https://m.media-amazon.com/images/I/81YmI-A27RL._AC_UY218_.jpg"
"R3LLQQJMW2BL1C","Reviewed in the United States on August 10, 2021",4,"It's good for a game but awful for a pokemon game","This specific seller's product is good; Though I'd personally recommend that if your considering getting this game because it's a pokemon game and, for that matter, the newest game of the series, I'd say that you should at least consider getting a different pokemon game instead. This one has barely any content and it feels like a massive cop-out in terms of world building and, like I said, the sheer amount of content. The entire world in the game just feels empty aside from useless (short-lasting) power-ups you find laying around literally everywhere. Theres no side quests, there's barely any main quest, and on that note, the main story in the game is incredibly hard to follow, at certain points the game just stops directly telling you where to go and just expects you to find your own way. Not saying you couldn't possibly enjoy the game, but just keep in mind that just because a lot of the other, more famous pokemon games might be old, their still much better than this one.",true,1,3,"12","B071WNTGFY","nintendo 3ds",false,52.99,"USD",0,0,0,4139,4.8,"https://www.amazon.com/dp/B071WNTGFY","19867.20",false,false,false,false,"Pokémon Ultra Sun - Nintendo 3DS","https://m.media-amazon.com/images/I/81YmI-A27RL._AC_UY218_.jpg"
"RN7R5S1ORHWSR","Reviewed in the United States on August 9, 2021",5,"juego","a mi hijo le encanto .",true,1,3,"12","B071WNTGFY","nintendo 3ds",false,52.99,"USD",0,0,0,4139,4.8,"https://www.amazon.com/dp/B071WNTGFY","19867.20",false,false,false,false,"Pokémon Ultra Sun - Nintendo 3DS","https://m.media-amazon.com/images/I/81YmI-A27RL._AC_UY218_.jpg"
"R2Z84ZLRSKVEMH","Reviewed in the United States on May 26, 2021",1,"Fake Copy","Fake copy from J&S Outfitters. Had to pay out of my pocket to ship it back. Purchase new from the Pokémon Center if you can.",true,1,3,"12","B071WNTGFY","nintendo 3ds",false,52.99,"USD",0,0,0,4139,4.8,"https://www.amazon.com/dp/B071WNTGFY","19867.20",false,false,false,false,"Pokémon Ultra Sun - Nintendo 3DS","https://m.media-amazon.com/images/I/81YmI-A27RL._AC_UY218_.jpg"
"R17TRZ9VUCH0P0","Reviewed in the United States on May 19, 2021",5,"Catch them all","Awesome game came super fast and brand new love it",true,1,3,"12","B071WNTGFY","nintendo 3ds",false,52.99,"USD",0,0,0,4139,4.8,"https://www.amazon.com/dp/B071WNTGFY","19867.20",false,false,false,false,"Pokémon Ultra Sun - Nintendo 3DS","https://m.media-amazon.com/images/I/81YmI-A27RL._AC_UY218_.jpg"
"RYZJXAVFASY5D","Reviewed in the United States on May 7, 2021",5,"Good","Good",true,1,3,"12","B071WNTGFY","nintendo 3ds",false,52.99,"USD",0,0,0,4139,4.8,"https://www.amazon.com/dp/B071WNTGFY","19867.20",false,false,false,false,"Pokémon Ultra Sun - Nintendo 3DS","https://m.media-amazon.com/images/I/81YmI-A27RL._AC_UY218_.jpg"
"R36H0V0I3ZYIR3","Reviewed in the United States on April 26, 2021",1,"It's a scam","Your browser does not support HTML5 video. It came opened and there was no game it came with papers and all but no game none",true,1,3,"12","B071WNTGFY","nintendo 3ds",false,52.99,"USD",0,0,0,4139,4.8,"https://www.amazon.com/dp/B071WNTGFY","19867.20",false,false,false,false,"Pokémon Ultra Sun - Nintendo 3DS","https://m.media-amazon.com/images/I/81YmI-A27RL._AC_UY218_.jpg"
"R1YMYQ8YBW8R7M","Reviewed in the United States on September 21, 2021",3,"Occasionally won’t recognize games.","Awesome, seems like brand new! But sometimes it doesn’t recognize any games. 3DS games and regular DS games. We have to remove and insert the game a few times for it to recognize there’s a game inside it.",true,1,4,"13","B002I096AA","nintendo 3ds",false,0,"USD",0,0,0,1349,4.4,"https://www.amazon.com/dp/B002I096AA","5935.60",false,false,false,false,"Nintendo 3DS - Cosmo Black","https://m.media-amazon.com/images/I/41NGofA8vOL._AC_UY218_.jpg"
"R35ANHLBIH2FNM","Reviewed in the United States on August 14, 2021",4,"good","good",true,1,4,"13","B002I096AA","nintendo 3ds",false,0,"USD",0,0,0,1349,4.4,"https://www.amazon.com/dp/B002I096AA","5935.60",false,false,false,false,"Nintendo 3DS - Cosmo Black","https://m.media-amazon.com/images/I/41NGofA8vOL._AC_UY218_.jpg"
"R8A64LZYM6ZL8","Reviewed in the United States on June 22, 2021",5,"Internet works","Your browser does not support HTML5 video. It seems like it was new. Very good conditon. At first I did request for it to be sent back but I’m glad it wasn’t. Great conditon. Didn’t come with a charger but it was expected. My pencil works great without any problems",true,1,4,"13","B002I096AA","nintendo 3ds",false,0,"USD",0,0,0,1349,4.4,"https://www.amazon.com/dp/B002I096AA","5935.60",false,false,false,false,"Nintendo 3DS - Cosmo Black","https://m.media-amazon.com/images/I/41NGofA8vOL._AC_UY218_.jpg"
"R3T87WPEAMADS6","Reviewed in the United States on June 6, 2021",5,"Excellent product!!!","I was very pleased with the condition of the nintendo 3DS. It was a birthday gift for my Son.. Unfortunately we had to pay duties on product but well worth it to see my happy look on my Son face when he opened the package.",true,1,4,"13","B002I096AA","nintendo 3ds",false,0,"USD",0,0,0,1349,4.4,"https://www.amazon.com/dp/B002I096AA","5935.60",false,false,false,false,"Nintendo 3DS - Cosmo Black","https://m.media-amazon.com/images/I/41NGofA8vOL._AC_UY218_.jpg"
"R24661UTM68ASE","Reviewed in the United States on May 20, 2021",1,"3DS card reader has serious problems","The condition of the 3DS I purchased does not match the description showing on the Amazon. The description said that the condition is Very good, but the 3DS cannot function after delivering.The appearance of the 3DS is acceptable, but the all of my 3DS card cannot be loaded after I inserted 3 3DS game cards, so it is obviously not the card problems. The card reader has problem. When I inserted my game card to the 3DS, it kept showing the message that ""there is nothing inserted into the Game Card slot"" and then keep showing the error message. I am going to return this product in the coming few days.",true,1,4,"13","B002I096AA","nintendo 3ds",false,0,"USD",0,0,0,1349,4.4,"https://www.amazon.com/dp/B002I096AA","5935.60",false,false,false,false,"Nintendo 3DS - Cosmo Black","https://m.media-amazon.com/images/I/41NGofA8vOL._AC_UY218_.jpg"
"RXGGR6DO78JL5","Reviewed in the United States on May 2, 2021",4,"It’s legit","Came quicker then I thought! I love it",true,1,4,"13","B002I096AA","nintendo 3ds",false,0,"USD",0,0,0,1349,4.4,"https://www.amazon.com/dp/B002I096AA","5935.60",false,false,false,false,"Nintendo 3DS - Cosmo Black","https://m.media-amazon.com/images/I/41NGofA8vOL._AC_UY218_.jpg"
"R1FJ9F5G0Q4K59","Reviewed in the United States on April 5, 2021",5,"Great customer service","Came in good condition, the charger I was initially sent didn’t work but they were kind enough to send another one.",true,1,4,"13","B002I096AA","nintendo 3ds",false,0,"USD",0,0,0,1349,4.4,"https://www.amazon.com/dp/B002I096AA","5935.60",false,false,false,false,"Nintendo 3DS - Cosmo Black","https://m.media-amazon.com/images/I/41NGofA8vOL._AC_UY218_.jpg"
"R2QZK3KH7NAMJK","Reviewed in the United States on March 30, 2021",3,"It's ok","Has scratches but doesn't really affect it. Game area needed to be clean so games would fully work",true,1,4,"13","B002I096AA","nintendo 3ds",false,0,"USD",0,0,0,1349,4.4,"https://www.amazon.com/dp/B002I096AA","5935.60",false,false,false,false,"Nintendo 3DS - Cosmo Black","https://m.media-amazon.com/images/I/41NGofA8vOL._AC_UY218_.jpg"
"R3LN7ZHQ3CR1NH","Reviewed in the United States on March 7, 2021",5,"Excellent Handheld","I've have this since it launched, it's 3-D was a neat addition, but the games that came later truly made it great. I can't recommend this system more! So many great games, it's amazing with or with out the 3-D gimmick.",true,1,4,"13","B002I096AA","nintendo 3ds",false,0,"USD",0,0,0,1349,4.4,"https://www.amazon.com/dp/B002I096AA","5935.60",false,false,false,false,"Nintendo 3DS - Cosmo Black","https://m.media-amazon.com/images/I/41NGofA8vOL._AC_UY218_.jpg"
"R64OEJ5QGK511","Reviewed in the United States on February 24, 2021",1,"Bummed out","Not what I was expecting, worn out very much. Didn't want to go through all the return procedures",true,1,4,"13","B002I096AA","nintendo 3ds",false,0,"USD",0,0,0,1349,4.4,"https://www.amazon.com/dp/B002I096AA","5935.60",false,false,false,false,"Nintendo 3DS - Cosmo Black","https://m.media-amazon.com/images/I/41NGofA8vOL._AC_UY218_.jpg"
"cr-translate--987733515",,,"","",false,1,5,"14","B002I090AG","nintendo 3ds",false,0,"USD",0,0,0,1604,4.4,"https://www.amazon.com/dp/B002I090AG","7057.60",false,false,false,false,"Nintendo 3DS Aqua Blue","https://m.media-amazon.com/images/I/51XU4kVlohL._AC_UY218_.jpg"
"R36L8GNJ0P5NDL","Reviewed in the United States on September 30, 2021",5,"Buen producto","Buena calidad",true,1,5,"14","B002I090AG","nintendo 3ds",false,0,"USD",0,0,0,1604,4.4,"https://www.amazon.com/dp/B002I090AG","7057.60",false,false,false,false,"Nintendo 3DS Aqua Blue","https://m.media-amazon.com/images/I/51XU4kVlohL._AC_UY218_.jpg"
"RKR9T6U5IJQH9","Reviewed in the United States on April 14, 2021",5,"Works great.","Very thankful that it came and works well. Our son is loving it.",true,1,5,"14","B002I090AG","nintendo 3ds",false,0,"USD",0,0,0,1604,4.4,"https://www.amazon.com/dp/B002I090AG","7057.60",false,false,false,false,"Nintendo 3DS Aqua Blue","https://m.media-amazon.com/images/I/51XU4kVlohL._AC_UY218_.jpg"
"R3PYNWGE8L3RYD","Reviewed in the United States on March 31, 2021",1,"Didn’t work","Didn’t work so I sent it back for a refund.",true,1,5,"14","B002I090AG","nintendo 3ds",false,0,"USD",0,0,0,1604,4.4,"https://www.amazon.com/dp/B002I090AG","7057.60",false,false,false,false,"Nintendo 3DS Aqua Blue","https://m.media-amazon.com/images/I/51XU4kVlohL._AC_UY218_.jpg"
"R1542XHCRQJ80I","Reviewed in the United States on March 29, 2021",4,"Satisfied","My son is happy with this purchase",true,1,5,"14","B002I090AG","nintendo 3ds",false,0,"USD",0,0,0,1604,4.4,"https://www.amazon.com/dp/B002I090AG","7057.60",false,false,false,false,"Nintendo 3DS Aqua Blue","https://m.media-amazon.com/images/I/51XU4kVlohL._AC_UY218_.jpg"
"RRK7YUAOI5YVQ","Reviewed in the United States on March 24, 2021",3,"Good price for a good item, delivered on time!","Delivered on expected day, came in good condition except for the charging port-its loose, worried if it will last because I’m pretty sure it shouldn’t be that way. Told my daughter to be careful when plugging it in or out. She’s very excited to have this so she can finally play Tomodachi Life!",true,1,5,"14","B002I090AG","nintendo 3ds",false,0,"USD",0,0,0,1604,4.4,"https://www.amazon.com/dp/B002I090AG","7057.60",false,false,false,false,"Nintendo 3DS Aqua Blue","https://m.media-amazon.com/images/I/51XU4kVlohL._AC_UY218_.jpg"
"R2HTKAR4UC6AQV","Reviewed in the United States on March 14, 2021",3,"it happens...","bought two nintendo 3ds off of this seller. one aqua blue, & one flame red. the red one works great! couldn’t be happier. however, we are in the process of returning the blue one through amazon. it came with a broken screen. as you can see in the picture, it seems as if the bulbs aren’t working properly, as the display itself seems to flicker. the seller seems authentic, & sells good quality items. just disappointed we have to return one!",true,1,5,"14","B002I090AG","nintendo 3ds",false,0,"USD",0,0,0,1604,4.4,"https://www.amazon.com/dp/B002I090AG","7057.60",false,false,false,false,"Nintendo 3DS Aqua Blue","https://m.media-amazon.com/images/I/51XU4kVlohL._AC_UY218_.jpg"
"RXVFYFG53G9T6","Reviewed in the United States on March 7, 2021",5,"Awesome","Excellent condition and works great",true,1,5,"14","B002I090AG","nintendo 3ds",false,0,"USD",0,0,0,1604,4.4,"https://www.amazon.com/dp/B002I090AG","7057.60",false,false,false,false,"Nintendo 3DS Aqua Blue","https://m.media-amazon.com/images/I/51XU4kVlohL._AC_UY218_.jpg"
"R3D54OSZXK36K","Reviewed in the United States on February 23, 2021",1,"Broken screen and does not read the catridges","This is the description the seller wrote"" Condition: Used - Good - Complete with charger. In good overall condition with no stickers or writing on it. Ready to play!"" Item has a broken screen and does not read the cartridges.",true,1,5,"14","B002I090AG","nintendo 3ds",false,0,"USD",0,0,0,1604,4.4,"https://www.amazon.com/dp/B002I090AG","7057.60",false,false,false,false,"Nintendo 3DS Aqua Blue","https://m.media-amazon.com/images/I/51XU4kVlohL._AC_UY218_.jpg"
"RYCV1GSOX78W0","Reviewed in the United States on February 15, 2021",1,"Missing AR cards","The bullet points specified that the device came with 6 AR cards, none arrived with the device.",true,1,5,"14","B002I090AG","nintendo 3ds",false,0,"USD",0,0,0,1604,4.4,"https://www.amazon.com/dp/B002I090AG","7057.60",false,false,false,false,"Nintendo 3DS Aqua Blue","https://m.media-amazon.com/images/I/51XU4kVlohL._AC_UY218_.jpg"
"RTGULD0VY4GOB","Reviewed in the United States on February 14, 2021",3,"it works but...","it works and its great but the previous owner didnt delete all of their miis and stuff so i had to delete all of that.... rip to Jake's mii and his family's miis",true,1,5,"14","B002I090AG","nintendo 3ds",false,0,"USD",0,0,0,1604,4.4,"https://www.amazon.com/dp/B002I090AG","7057.60",false,false,false,false,"Nintendo 3DS Aqua Blue","https://m.media-amazon.com/images/I/51XU4kVlohL._AC_UY218_.jpg"
"cr-translate--956861811",,,"","",false,1,6,"15","B0050SVMYA","nintendo 3ds",false,0,"USD",0,0,0,1210,4.4,"https://www.amazon.com/dp/B0050SVMYA","5324.00",false,false,false,false,"Nintendo 3DS - Flame Red","https://m.media-amazon.com/images/I/414yDpjKHOL._AC_UY218_.jpg"
"R3JQQUX87XHSBF","Reviewed in the United States on October 13, 2021",5,"came in amazing condition","Your browser does not support HTML5 video. I ordered this because the charging port for my 3DS was scuffed and it didn’t take charge, but I still wanted to play my favorite games. The description matches what I received (light scratches here and there, not a big deal) and the device works perfectly! I’ve been using it for around a week and a half now and I’ve had zero issues.",true,1,6,"15","B0050SVMYA","nintendo 3ds",false,0,"USD",0,0,0,1210,4.4,"https://www.amazon.com/dp/B0050SVMYA","5324.00",false,false,false,false,"Nintendo 3DS - Flame Red","https://m.media-amazon.com/images/I/414yDpjKHOL._AC_UY218_.jpg"
"R3NN94JIG1HR0T","Reviewed in the United States on October 12, 2021",2,"Sold a broken console.","This console worked for about 2 minutes, then the game i was playing started glitching. I thought at first that it was the game so i tried a different one. The home screen was also glitching and pressing buttons on its own. Once i put in anew game, and realised it glitching in the new game as well, i just decided to turn the game off as i was a bit upset that i was sold a faulty game system.",true,1,6,"15","B0050SVMYA","nintendo 3ds",false,0,"USD",0,0,0,1210,4.4,"https://www.amazon.com/dp/B0050SVMYA","5324.00",false,false,false,false,"Nintendo 3DS - Flame Red","https://m.media-amazon.com/images/I/414yDpjKHOL._AC_UY218_.jpg"
"R2Q5BE376WQLTW","Reviewed in the United States on June 30, 2021",5,"Easy to use& great condition","My son is obsessed. Says he can play numerous games and connect with friends.",true,1,6,"15","B0050SVMYA","nintendo 3ds",false,0,"USD",0,0,0,1210,4.4,"https://www.amazon.com/dp/B0050SVMYA","5324.00",false,false,false,false,"Nintendo 3DS - Flame Red","https://m.media-amazon.com/images/I/414yDpjKHOL._AC_UY218_.jpg"
"R372GBH1I03S3O","Reviewed in the United States on June 15, 2021",4,"Good product😎","I really loved the product just that it didn’t come with a stylus other than that I love it",true,1,6,"15","B0050SVMYA","nintendo 3ds",false,0,"USD",0,0,0,1210,4.4,"https://www.amazon.com/dp/B0050SVMYA","5324.00",false,false,false,false,"Nintendo 3DS - Flame Red","https://m.media-amazon.com/images/I/414yDpjKHOL._AC_UY218_.jpg"
"R28WFPMECZIP28","Reviewed in the United States on June 13, 2021",2,"Slot","Memory card slot never worked but the rest was fine i suppose",true,1,6,"15","B0050SVMYA","nintendo 3ds",false,0,"USD",0,0,0,1210,4.4,"https://www.amazon.com/dp/B0050SVMYA","5324.00",false,false,false,false,"Nintendo 3DS - Flame Red","https://m.media-amazon.com/images/I/414yDpjKHOL._AC_UY218_.jpg"
"RL0VMUHB84A9I","Reviewed in the United States on May 6, 2021",5,"Great","I wanted a 3ds and it's works like it should",true,1,6,"15","B0050SVMYA","nintendo 3ds",false,0,"USD",0,0,0,1210,4.4,"https://www.amazon.com/dp/B0050SVMYA","5324.00",false,false,false,false,"Nintendo 3DS - Flame Red","https://m.media-amazon.com/images/I/414yDpjKHOL._AC_UY218_.jpg"
"RYEULNVDTUSJG","Reviewed in the United States on April 24, 2021",5,"Like Brand New!! 😄❤","Outstanding condition. Had to research a little on how to factory reset and change Parental controls! Also had to purchase a SD card. COMPLETELY WORTH IT",true,1,6,"15","B0050SVMYA","nintendo 3ds",false,0,"USD",0,0,0,1210,4.4,"https://www.amazon.com/dp/B0050SVMYA","5324.00",false,false,false,false,"Nintendo 3DS - Flame Red","https://m.media-amazon.com/images/I/414yDpjKHOL._AC_UY218_.jpg"
"R2RM9LI5RMDPNS","Reviewed in the United States on April 11, 2021",1,"Won't buy again","Cheap but could they clean it smelled like cat piss and a ash tray after getting it I gagged but it plays well but damn it smells I had to clean it off so bad..of a smell won't order it again from how bad it smelled.But the system keeps freezing the price should have been 40 not over 170 bucks it smells the system keeps freezing .... Every 5 mins -_- I want my money back",true,1,6,"15","B0050SVMYA","nintendo 3ds",false,0,"USD",0,0,0,1210,4.4,"https://www.amazon.com/dp/B0050SVMYA","5324.00",false,false,false,false,"Nintendo 3DS - Flame Red","https://m.media-amazon.com/images/I/414yDpjKHOL._AC_UY218_.jpg"
"R3CISYAQLGRZP4","Reviewed in the United States on March 27, 2021",5,"Very Good!","Nice condition and can be easily cleaned up.",true,1,6,"15","B0050SVMYA","nintendo 3ds",false,0,"USD",0,0,0,1210,4.4,"https://www.amazon.com/dp/B0050SVMYA","5324.00",false,false,false,false,"Nintendo 3DS - Flame Red","https://m.media-amazon.com/images/I/414yDpjKHOL._AC_UY218_.jpg"
"R14Z8WOG161H22","Reviewed in the United States on March 20, 2021",5,"Buena compra","En buen estado, todo funcionando. Buena compra",true,1,6,"15","B0050SVMYA","nintendo 3ds",false,0,"USD",0,0,0,1210,4.4,"https://www.amazon.com/dp/B0050SVMYA","5324.00",false,false,false,false,"Nintendo 3DS - Flame Red","https://m.media-amazon.com/images/I/414yDpjKHOL._AC_UY218_.jpg"
"R14N9AC5A36QK7","Reviewed in the United States on October 22, 2021",1,"B button doesn’t work","I bought it because it was noted as “great condition” but the a button doesn’t work and the A button isn’t responsive. Seems like a selling tactic, to mark their things as “great condition to stand out”",true,1,7,"16","B01KOFZOYW","nintendo 3ds",false,0,"USD",0,0,0,1835,4.7,"https://www.amazon.com/dp/B01KOFZOYW","8624.50",false,false,false,false,"Nintendo New 3DS XL - Galaxy Style","https://m.media-amazon.com/images/I/71FiPKueJlL._AC_UY218_.jpg"
"RU40BNIT4QJSZ","Reviewed in the United States on October 21, 2021",5,"Fantastic!!","3ds is gorgeous and new looking! Not a scratch on it and it's BEAUTIFUL!!! Very satisfied with this seller!! It came packaged very well as well!!",true,1,7,"16","B01KOFZOYW","nintendo 3ds",false,0,"USD",0,0,0,1835,4.7,"https://www.amazon.com/dp/B01KOFZOYW","8624.50",false,false,false,false,"Nintendo New 3DS XL - Galaxy Style","https://m.media-amazon.com/images/I/71FiPKueJlL._AC_UY218_.jpg"
"R16K12SXU8F0EL","Reviewed in the United States on October 11, 2021",2,"Great but could have been better","Works great but theres a white dot on upper screen",true,1,7,"16","B01KOFZOYW","nintendo 3ds",false,0,"USD",0,0,0,1835,4.7,"https://www.amazon.com/dp/B01KOFZOYW","8624.50",false,false,false,false,"Nintendo New 3DS XL - Galaxy Style","https://m.media-amazon.com/images/I/71FiPKueJlL._AC_UY218_.jpg"
"RWEXFWEQSN9D9","Reviewed in the United States on August 19, 2021",5,"Works Great","It came two days earlier than expected and works excellently.",true,1,7,"16","B01KOFZOYW","nintendo 3ds",false,0,"USD",0,0,0,1835,4.7,"https://www.amazon.com/dp/B01KOFZOYW","8624.50",false,false,false,false,"Nintendo New 3DS XL - Galaxy Style","https://m.media-amazon.com/images/I/71FiPKueJlL._AC_UY218_.jpg"
"R1SCFOBX88OVWI","Reviewed in the United States on August 8, 2021",5,"Awsome!","I’ve had this for about 2 years now and never had an issue. It charges just fine and runs all my favorite games! The design is just so amazing as well, such a pretty galaxy color :)",true,1,7,"16","B01KOFZOYW","nintendo 3ds",false,0,"USD",0,0,0,1835,4.7,"https://www.amazon.com/dp/B01KOFZOYW","8624.50",false,false,false,false,"Nintendo New 3DS XL - Galaxy Style","https://m.media-amazon.com/images/I/71FiPKueJlL._AC_UY218_.jpg"
"RZASUR203HFV2","Reviewed in the United States on June 30, 2021",3,"Idk if I'm reviewing the unit or the seller...","All i cared about was that the top screen was in good condition and had as few scratches as possible. Money wasnt even an issue. I decided if I had to pay an extra hundred for a unit with no scratches then whatever...However when it arrived it had all these little dents and scratches on the top screen! I was not happy.I'd give it 1 star, but only because I was led to believe from the description that the unit was in exceptional condition... drives me crazy.I've already bought replacement screens and everything, and that's one additional cost, but I'm definitely not looking forward to replacing those screens. It doesn't look like a lot of fun with the 3ds. I might even have to order more parts if I mess anything up.But other than that, the 3ds is an awesome little machine. I recommend getting one sooner than later... before Nintendo shuts down the digital store!",true,1,7,"16","B01KOFZOYW","nintendo 3ds",false,0,"USD",0,0,0,1835,4.7,"https://www.amazon.com/dp/B01KOFZOYW","8624.50",false,false,false,false,"Nintendo New 3DS XL - Galaxy Style","https://m.media-amazon.com/images/I/71FiPKueJlL._AC_UY218_.jpg"
"R22G9LLFSN0D6S","Reviewed in the United States on June 25, 2021",5,"Good service","Looked brand new!",true,1,7,"16","B01KOFZOYW","nintendo 3ds",false,0,"USD",0,0,0,1835,4.7,"https://www.amazon.com/dp/B01KOFZOYW","8624.50",false,false,false,false,"Nintendo New 3DS XL - Galaxy Style","https://m.media-amazon.com/images/I/71FiPKueJlL._AC_UY218_.jpg"
"R3K8PCHK1YE6AN","Reviewed in the United States on May 27, 2021",4,"Worth the price","Console came in perfect working order, however I was sent the wrong charging cable so theres that",true,1,7,"16","B01KOFZOYW","nintendo 3ds",false,0,"USD",0,0,0,1835,4.7,"https://www.amazon.com/dp/B01KOFZOYW","8624.50",false,false,false,false,"Nintendo New 3DS XL - Galaxy Style","https://m.media-amazon.com/images/I/71FiPKueJlL._AC_UY218_.jpg"
"R2300QEB4V4BG8","Reviewed in the United States on May 26, 2021",5,"Portable and worth playing after all this time","The 3D mode is nice for the occasional gimmick, but the best thing about this is that it fits in my pocket and helps pass my lunch break since I finish usually in 10-15 minutes. I was worried at first but for the games on the 3DS, and for this being the New XL version, I think it was absolutely worth the price for a used one.For this particular one from the seller I got it from, I can confirm Eshop works and nothing more than minor (though many) scratches on the exterior top and bottom. With how hard it is to get a hold of asupposedly unmodded, working US New 3DS XL in 2021 with surprisingly good battery life, they could have taken sandpaper to it and I still would have given it 4 stars.",true,1,7,"16","B01KOFZOYW","nintendo 3ds",false,0,"USD",0,0,0,1835,4.7,"https://www.amazon.com/dp/B01KOFZOYW","8624.50",false,false,false,false,"Nintendo New 3DS XL - Galaxy Style","https://m.media-amazon.com/images/I/71FiPKueJlL._AC_UY218_.jpg"
"R13VKXSY63T099","Reviewed in the United States on May 21, 2021",1,"It was not worth the full price","Item was scratched really bad besides the screens. It had what looked like food particles in the back near the battery. Definitely not worth the full price.",true,1,7,"16","B01KOFZOYW","nintendo 3ds",false,0,"USD",0,0,0,1835,4.7,"https://www.amazon.com/dp/B01KOFZOYW","8624.50",false,false,false,false,"Nintendo New 3DS XL - Galaxy Style","https://m.media-amazon.com/images/I/71FiPKueJlL._AC_UY218_.jpg"
"R330C6TPCIBZJM","Reviewed in the United States on October 7, 2021",3,"Description misleading","Not right out of the box. Is full of scratches, dents and dirt all around. It has been used, a lot and by someone who did not take care of it. Is not as bad as others I've seen and functionally is perfectly fine but they should be more honest on the description.",true,1,8,"17","B00E1A1SP6","nintendo 3ds",false,0,"USD",0,0,0,1081,4.6,"https://www.amazon.com/dp/B00E1A1SP6","4972.60",false,false,false,false,"Nintendo 3DS XL - Black [Old Model]","https://m.media-amazon.com/images/I/41JeC0J6v9L._AC_UY218_.jpg"
"R2ADFN82UK0LXJ","Reviewed in the United States on September 13, 2021",5,"well working","console is well working and came in time.",true,1,8,"17","B00E1A1SP6","nintendo 3ds",false,0,"USD",0,0,0,1081,4.6,"https://www.amazon.com/dp/B00E1A1SP6","4972.60",false,false,false,false,"Nintendo 3DS XL - Black [Old Model]","https://m.media-amazon.com/images/I/41JeC0J6v9L._AC_UY218_.jpg"
"RE9LBM2PLG9L6","Reviewed in the United States on November 21, 2020",5,"Exceeded expectations!","Seller answered my pre-purchase question promptly. Transaction was seamless and the 3ds was in really good condition, better than expected. I would definitely buy from this seller again. I can’t wait for my son to open on Christmas!",true,1,8,"17","B00E1A1SP6","nintendo 3ds",false,0,"USD",0,0,0,1081,4.6,"https://www.amazon.com/dp/B00E1A1SP6","4972.60",false,false,false,false,"Nintendo 3DS XL - Black [Old Model]","https://m.media-amazon.com/images/I/41JeC0J6v9L._AC_UY218_.jpg"
"R1ZNFHFO78WRBC","Reviewed in the United States on November 12, 2020",5,"Looks good, runs good, is good","I finally got it! I was so excited & looks perfect! Besides all the residue on the shell but everthing else looks clean & runs perfectly",true,1,8,"17","B00E1A1SP6","nintendo 3ds",false,0,"USD",0,0,0,1081,4.6,"https://www.amazon.com/dp/B00E1A1SP6","4972.60",false,false,false,false,"Nintendo 3DS XL - Black [Old Model]","https://m.media-amazon.com/images/I/41JeC0J6v9L._AC_UY218_.jpg"
"R1LDDP1WU6YFTS","Reviewed in the United States on October 10, 2020",5,"Great Purchase!","Daughter likes it!!",true,1,8,"17","B00E1A1SP6","nintendo 3ds",false,0,"USD",0,0,0,1081,4.6,"https://www.amazon.com/dp/B00E1A1SP6","4972.60",false,false,false,false,"Nintendo 3DS XL - Black [Old Model]","https://m.media-amazon.com/images/I/41JeC0J6v9L._AC_UY218_.jpg"
"R1J66P10BMPZ6L","Reviewed in the United States on October 4, 2020",5,"It supports old DS games.","What I like? Large screen, fun and easy to use interface (if you blow on the mic in the menu while hovered over an icon, the icon will spin), Backwards compatibility with old DS games (thank you for letting me play Pokemon Platinum again, and overall it's just a damn good handheld system, no surprise coming from Nintendo.What I don't like. The memory card you get with the game is fairly small so if you're going for digital downloads you'll only fit one game on it. Another thing I don't like is how it doesn't have a GameBoy game slot on the bottom like the old DS but I understand that that was never in the cards for the 3DS so I'm not counting that as a negative really just more of a ""I wish it were there"".Other than that its a damn good system that let me be a kid again by letting me play the games I used to play under by bed sheets at night.",true,1,8,"17","B00E1A1SP6","nintendo 3ds",false,0,"USD",0,0,0,1081,4.6,"https://www.amazon.com/dp/B00E1A1SP6","4972.60",false,false,false,false,"Nintendo 3DS XL - Black [Old Model]","https://m.media-amazon.com/images/I/41JeC0J6v9L._AC_UY218_.jpg"
"RFT9FLDQUKZ6Z","Reviewed in the United States on July 24, 2020",4,"Perfect","It came late but it's here 😊👌 perfect",true,1,8,"17","B00E1A1SP6","nintendo 3ds",false,0,"USD",0,0,0,1081,4.6,"https://www.amazon.com/dp/B00E1A1SP6","4972.60",false,false,false,false,"Nintendo 3DS XL - Black [Old Model]","https://m.media-amazon.com/images/I/41JeC0J6v9L._AC_UY218_.jpg"
"RKAPZ3C4K52SZ","Reviewed in the United States on June 10, 2020",1,"Trash","Bought for $300 freezes so much can't even use I am not happy",true,1,8,"17","B00E1A1SP6","nintendo 3ds",false,0,"USD",0,0,0,1081,4.6,"https://www.amazon.com/dp/B00E1A1SP6","4972.60",false,false,false,false,"Nintendo 3DS XL - Black [Old Model]","https://m.media-amazon.com/images/I/41JeC0J6v9L._AC_UY218_.jpg"
"R1K8TFJ0DSUXE6","Reviewed in the United States on May 20, 2020",3,"Arrived slightly late","Wasn’t like new but worked.Not recommended",true,1,8,"17","B00E1A1SP6","nintendo 3ds",false,0,"USD",0,0,0,1081,4.6,"https://www.amazon.com/dp/B00E1A1SP6","4972.60",false,false,false,false,"Nintendo 3DS XL - Black [Old Model]","https://m.media-amazon.com/images/I/41JeC0J6v9L._AC_UY218_.jpg"
"R80GNB1K056LJ","Reviewed in the United States on May 19, 2020",1,"Garbage seller","Don’t buy from them I had got one a year or 2 ago and in those couple of months the screen at the bottom stopped working",true,1,8,"17","B00E1A1SP6","nintendo 3ds",false,0,"USD",0,0,0,1081,4.6,"https://www.amazon.com/dp/B00E1A1SP6","4972.60",false,false,false,false,"Nintendo 3DS XL - Black [Old Model]","https://m.media-amazon.com/images/I/41JeC0J6v9L._AC_UY218_.jpg"
"R3ADKPMA9BY829","Reviewed in the United States on August 11, 2021",4,"The return process was painless.","The DS was advertised as in rough shape but functional, however one of the hinges for the screen was broken, causing the screen to fall off if held or opened the wrong way, which is a bit more than rough shape. It's understandable that the detail was missed, as one might not have noticed when opening the screen and testing if the DS turns on, I only noticed when I turned the DS over with the screen open to check the SD card slot. The seller accepted the replacement request it no questions asked, but I opted for a refund as I managed to find one locally in the mean time. When changing the replacement to a refund, the seller obliged quickly and without incident.",true,1,9,"18","B009IGCCHG","nintendo 3ds",false,0,"USD",0,0,0,455,4.5,"https://www.amazon.com/dp/B009IGCCHG","2047.50",false,false,false,false,"Nintendo 3DS Midnight Purple - Nintendo 3DS","https://m.media-amazon.com/images/I/41-fOEjrhlL._AC_UY218_.jpg"
"R2WWN47M5GNOD0","Reviewed in the United States on June 22, 2021",4,"It works","Stylus was not included altho i thought it said it was. Can't even look at product description because it keeps taking me to a different seller. And no way to contact seller.",true,1,9,"18","B009IGCCHG","nintendo 3ds",false,0,"USD",0,0,0,455,4.5,"https://www.amazon.com/dp/B009IGCCHG","2047.50",false,false,false,false,"Nintendo 3DS Midnight Purple - Nintendo 3DS","https://m.media-amazon.com/images/I/41-fOEjrhlL._AC_UY218_.jpg"
"R30OUQ40257U2U","Reviewed in the United States on May 3, 2021",1,"Item was defective","Received my ds and it was defective, the touch screen didn't properly work unable to use full keyboard or touch screen",true,1,9,"18","B009IGCCHG","nintendo 3ds",false,0,"USD",0,0,0,455,4.5,"https://www.amazon.com/dp/B009IGCCHG","2047.50",false,false,false,false,"Nintendo 3DS Midnight Purple - Nintendo 3DS","https://m.media-amazon.com/images/I/41-fOEjrhlL._AC_UY218_.jpg"
"R3SYYP07PWYMG4","Reviewed in the United States on April 1, 2021",5,"Absolutely incredible!!","When I got the DS, it was in excellent condition. It arrived fully charged ND with a brand new charger. It also came with an SD card in the handheld. Absolutely amazing service!",true,1,9,"18","B009IGCCHG","nintendo 3ds",false,0,"USD",0,0,0,455,4.5,"https://www.amazon.com/dp/B009IGCCHG","2047.50",false,false,false,false,"Nintendo 3DS Midnight Purple - Nintendo 3DS","https://m.media-amazon.com/images/I/41-fOEjrhlL._AC_UY218_.jpg"
"R14MBII9Q344C","Reviewed in the United States on March 18, 2021",5,"You are a rockstar","Thank you for the surprise I love all the games it was great to open each gift to see what was in there I'll be up all night playing with my ds thank you again you rock",true,1,9,"18","B009IGCCHG","nintendo 3ds",false,0,"USD",0,0,0,455,4.5,"https://www.amazon.com/dp/B009IGCCHG","2047.50",false,false,false,false,"Nintendo 3DS Midnight Purple - Nintendo 3DS","https://m.media-amazon.com/images/I/41-fOEjrhlL._AC_UY218_.jpg"
"R3F0RWO8YXIIPL","Reviewed in the United States on March 15, 2021",4,"Working great, no AR cards","I was really nervous when I was first setting it up because the buttons weren't responding, but luckily once I got to the home screen everything was fine! Only reason this isn't five stars is because there's no AR cards that were supposed to come with the package. Dumb impulse to buy this but a good purchase nonetheless.",true,1,9,"18","B009IGCCHG","nintendo 3ds",false,0,"USD",0,0,0,455,4.5,"https://www.amazon.com/dp/B009IGCCHG","2047.50",false,false,false,false,"Nintendo 3DS Midnight Purple - Nintendo 3DS","https://m.media-amazon.com/images/I/41-fOEjrhlL._AC_UY218_.jpg"
"RJ37WEZ8WYIPG","Reviewed in the United States on March 8, 2021",5,"Great gift","It was a gift for a friend and she loves it.Plays the games on it for hours daily.",true,1,9,"18","B009IGCCHG","nintendo 3ds",false,0,"USD",0,0,0,455,4.5,"https://www.amazon.com/dp/B009IGCCHG","2047.50",false,false,false,false,"Nintendo 3DS Midnight Purple - Nintendo 3DS","https://m.media-amazon.com/images/I/41-fOEjrhlL._AC_UY218_.jpg"
"R32HATDRIT06MW","Reviewed in the United States on February 14, 2021",5,"Love it","Its amazing i love it",true,1,9,"18","B009IGCCHG","nintendo 3ds",false,0,"USD",0,0,0,455,4.5,"https://www.amazon.com/dp/B009IGCCHG","2047.50",false,false,false,false,"Nintendo 3DS Midnight Purple - Nintendo 3DS","https://m.media-amazon.com/images/I/41-fOEjrhlL._AC_UY218_.jpg"
"R35TX7TK4GA0N8","Reviewed in the United States on January 21, 2021",5,"It works great","Everything I wanted",true,1,9,"18","B009IGCCHG","nintendo 3ds",false,0,"USD",0,0,0,455,4.5,"https://www.amazon.com/dp/B009IGCCHG","2047.50",false,false,false,false,"Nintendo 3DS Midnight Purple - Nintendo 3DS","https://m.media-amazon.com/images/I/41-fOEjrhlL._AC_UY218_.jpg"
"R216RCKFNHFUI2","Reviewed in the United States on December 25, 2020",1,"May be stolen","Missing SD card. Parental lock on - item not reset since last user. Serial number sticker missing. Very suspicious. I think this is a stolen item.",true,1,9,"18","B009IGCCHG","nintendo 3ds",false,0,"USD",0,0,0,455,4.5,"https://www.amazon.com/dp/B009IGCCHG","2047.50",false,false,false,false,"Nintendo 3DS Midnight Purple - Nintendo 3DS","https://m.media-amazon.com/images/I/41-fOEjrhlL._AC_UY218_.jpg"
"R1G3I3BVS046RT","Reviewed in the United States on July 15, 2021",4,"Perfect! Well... almost, but that's okay :)","Been having lots of fun with this model. Got custom firmware and some games to go with it. One thing to note is that the A button seems to have issues with inputs if lightly pressed. It was like this out of box and I'm not sure why. Unfortunate but otherwise the 3ds is in mint condition pretty much.",true,1,10,"19","B00NAW5R0I","nintendo 3ds",false,0,"USD",0,0,0,369,4.1,"https://www.amazon.com/dp/B00NAW5R0I","1512.90",false,false,false,false,"New Nintendo 3DS - White [Japan Import]","https://m.media-amazon.com/images/I/61MpVLSjmrL._AC_UY218_.jpg"
"R2DK3DKP52BBV4","Reviewed in the United States on February 11, 2021",1,"Language issue","The Nintendo arrived working but in another language and Google and every Avenue says it need original as card.",true,1,10,"19","B00NAW5R0I","nintendo 3ds",false,0,"USD",0,0,0,369,4.1,"https://www.amazon.com/dp/B00NAW5R0I","1512.90",false,false,false,false,"New Nintendo 3DS - White [Japan Import]","https://m.media-amazon.com/images/I/61MpVLSjmrL._AC_UY218_.jpg"
"R3DI75Q10CEHE6","Reviewed in the United States on December 16, 2018",3,"Defective","I got a defective unit.",true,1,10,"19","B00NAW5R0I","nintendo 3ds",false,0,"USD",0,0,0,369,4.1,"https://www.amazon.com/dp/B00NAW5R0I","1512.90",false,false,false,false,"New Nintendo 3DS - White [Japan Import]","https://m.media-amazon.com/images/I/61MpVLSjmrL._AC_UY218_.jpg"
"R1OUVZMCVIGJT5","Reviewed in the United States on March 19, 2018",5,"Five Stars","worth it tho charger did not come with it!",true,1,10,"19","B00NAW5R0I","nintendo 3ds",false,0,"USD",0,0,0,369,4.1,"https://www.amazon.com/dp/B00NAW5R0I","1512.90",false,false,false,false,"New Nintendo 3DS - White [Japan Import]","https://m.media-amazon.com/images/I/61MpVLSjmrL._AC_UY218_.jpg"
"R3LJUJKMQ1I9BC","Reviewed in the United States on October 30, 2017",3,"Overall it works great, though","Mine had a defect in the bottom screen and I've noticed a few more come up over the months. Overall it works great, though. I mainly use it to play Theatrhythm Dragon Quest. I also like to play Mega Man Legacy Collection and Donkey Kong Country 3 and Donkey Kong Land 3 on here. It's good for that.",true,1,10,"19","B00NAW5R0I","nintendo 3ds",false,0,"USD",0,0,0,369,4.1,"https://www.amazon.com/dp/B00NAW5R0I","1512.90",false,false,false,false,"New Nintendo 3DS - White [Japan Import]","https://m.media-amazon.com/images/I/61MpVLSjmrL._AC_UY218_.jpg"
"R1WFJL2C1ZI0K1","Reviewed in the United States on June 1, 2017",5,"New Leaf) because I am currently studying Japanese and I thought it would be a great learning tool","I bought this to play とびだせ どうぶつの森 (Animal Crossing: New Leaf) because I am currently studying Japanese and I thought it would be a great learning tool. I am satisfied with my purchase. Arrived on time and in good condition.",true,1,10,"19","B00NAW5R0I","nintendo 3ds",false,0,"USD",0,0,0,369,4.1,"https://www.amazon.com/dp/B00NAW5R0I","1512.90",false,false,false,false,"New Nintendo 3DS - White [Japan Import]","https://m.media-amazon.com/images/I/61MpVLSjmrL._AC_UY218_.jpg"
"R3MMYDNA4FJD7A","Reviewed in the United States on February 1, 2017",5,"perfect","I bought a used 3DS from Ichigo Ichie Japan, but when it arrived it seemed like it was brand new, without any scratches anywhere.The system is exactly what I wanted! It's smaller and more portable than the XL version and it's easily customizable. The box is colorful, which I like. There are a lot more themes on the Japanese theme shop than on the American one, too.Keep in mind the language can't be changed. The menus might be hard to navigate through if you don't know any Japanese. It doesn't play non-Japanese games, either.The only thing I have to complain about would be the volume slider--it feels kind of loose. I don't like how small the stylus is either, but it's fine. I'm pretty satisfied with this. ( ' ▽ ` )ﾉ♡",true,1,10,"19","B00NAW5R0I","nintendo 3ds",false,0,"USD",0,0,0,369,4.1,"https://www.amazon.com/dp/B00NAW5R0I","1512.90",false,false,false,false,"New Nintendo 3DS - White [Japan Import]","https://m.media-amazon.com/images/I/61MpVLSjmrL._AC_UY218_.jpg"
"R35VH4FACXRD8F","Reviewed in the United States on December 28, 2016",5,"tks.","its a very advanced game n japenese. greetinz from de rEpublik of kAlifornia usa",true,1,10,"19","B00NAW5R0I","nintendo 3ds",false,0,"USD",0,0,0,369,4.1,"https://www.amazon.com/dp/B00NAW5R0I","1512.90",false,false,false,false,"New Nintendo 3DS - White [Japan Import]","https://m.media-amazon.com/images/I/61MpVLSjmrL._AC_UY218_.jpg"
"R2HI7S9GXIMQA9","Reviewed in the United States on November 7, 2016",3,"Great system, but a little faulty.","Great system to enjoy. Only problem I have with it though is that when I got the system it had a big spec of dust underneath the screen in the middle. I've had for about 2 weeks now trying to ignore the spec of dust hoping a screen protector would cover is up, but it's really just ruining my experience of enjoying the console to the fullest. Really wish something can be done about that.",true,1,10,"19","B00NAW5R0I","nintendo 3ds",false,0,"USD",0,0,0,369,4.1,"https://www.amazon.com/dp/B00NAW5R0I","1512.90",false,false,false,false,"New Nintendo 3DS - White [Japan Import]","https://m.media-amazon.com/images/I/61MpVLSjmrL._AC_UY218_.jpg"
"R12YWHQVSU0P1W","Reviewed in the United States on October 2, 2016",5,"Great!","Best Japanese import I've ever received (the first one too!)",true,1,10,"19","B00NAW5R0I","nintendo 3ds",false,0,"USD",0,0,0,369,4.1,"https://www.amazon.com/dp/B00NAW5R0I","1512.90",false,false,false,false,"New Nintendo 3DS - White [Japan Import]","https://m.media-amazon.com/images/I/61MpVLSjmrL._AC_UY218_.jpg"
"R15WEWK6X4W293","Reviewed in the United States on September 11, 2021",5,"9/10 Stars","I ended up receiving my package 2 days early which was really nice. When it showed up it did have a few scratches on the top but other than that, it works perfectly. There are no scratches or marks on the screens themselves and everything appears to be working. It is missing an SD card though which is an easy fix but certainly something to keep in mind while purchasing. It comes with a charger and stylus which appear to be brand new. The 3D also works perfectly so overall, I'm very happy with my purchase.",true,1,11,"110","B008GEH8LQ","nintendo 3ds",false,0,"USD",0,0,0,1001,4.6,"https://www.amazon.com/dp/B008GEH8LQ","4604.60",false,false,false,false,"Nintendo 3DS XL - Red/Black","https://m.media-amazon.com/images/I/51FMjaFKYNL._AC_UY218_.jpg"
"RHV49MJ1GVWS","Reviewed in the United States on August 16, 2021",2,"Handheld comes functioning but is far from new.","Misleading pictures and name when buying. While it still functions fine. The outside of mine is covered in scratches and marks.",true,1,11,"110","B008GEH8LQ","nintendo 3ds",false,0,"USD",0,0,0,1001,4.6,"https://www.amazon.com/dp/B008GEH8LQ","4604.60",false,false,false,false,"Nintendo 3DS XL - Red/Black","https://m.media-amazon.com/images/I/51FMjaFKYNL._AC_UY218_.jpg"
"R1XYEPK4MHYGR6","Reviewed in the United States on August 8, 2021",1,"Used !!!!","Bought this showed new but when I received it was used! Had return it !",true,1,11,"110","B008GEH8LQ","nintendo 3ds",false,0,"USD",0,0,0,1001,4.6,"https://www.amazon.com/dp/B008GEH8LQ","4604.60",false,false,false,false,"Nintendo 3DS XL - Red/Black","https://m.media-amazon.com/images/I/51FMjaFKYNL._AC_UY218_.jpg"
"R10M71Q6T9IM36","Reviewed in the United States on June 13, 2021",4,"Works fine","Works fine.",true,1,11,"110","B008GEH8LQ","nintendo 3ds",false,0,"USD",0,0,0,1001,4.6,"https://www.amazon.com/dp/B008GEH8LQ","4604.60",false,false,false,false,"Nintendo 3DS XL - Red/Black","https://m.media-amazon.com/images/I/51FMjaFKYNL._AC_UY218_.jpg"
"R4XI0FTLQM1O6","Reviewed in the United States on April 29, 2021",5,"Arrived fast and is almost like brand new","I am super impressed with Good Books (seller) and the product they provided. It arrived with a fragile sticker and was carefully wrapped to be delivered across the country. The DS itself is almost brand new. I do not see any cracks, scuffs, scrapes, and it came with a charger and stylus (the stylus is a different color than the system but that is not a problem for me). It came with a lot of games on the SD card including 2 Pokemon games that cost around $60 a piece! I could give more stars if possible.",true,1,11,"110","B008GEH8LQ","nintendo 3ds",false,0,"USD",0,0,0,1001,4.6,"https://www.amazon.com/dp/B008GEH8LQ","4604.60",false,false,false,false,"Nintendo 3DS XL - Red/Black","https://m.media-amazon.com/images/I/51FMjaFKYNL._AC_UY218_.jpg"
"R3V352KQOCKZ61","Reviewed in the United States on February 24, 2021",5,"Great condition!","Received it days sooner than expected. In great condition looks brand new! Was a great buy my son is very satisfied!",true,1,11,"110","B008GEH8LQ","nintendo 3ds",false,0,"USD",0,0,0,1001,4.6,"https://www.amazon.com/dp/B008GEH8LQ","4604.60",false,false,false,false,"Nintendo 3DS XL - Red/Black","https://m.media-amazon.com/images/I/51FMjaFKYNL._AC_UY218_.jpg"
"R2G66F54XCPHC1","Reviewed in the United States on May 5, 2020",4,"Great product.","This new 3ds works like a charm. All the buttons were clean and useable. No scratches on the screen, and the 3D feature works great. Expect delays in wait time. but sure enough, it came. Im so glad.",true,1,11,"110","B008GEH8LQ","nintendo 3ds",false,0,"USD",0,0,0,1001,4.6,"https://www.amazon.com/dp/B008GEH8LQ","4604.60",false,false,false,false,"Nintendo 3DS XL - Red/Black","https://m.media-amazon.com/images/I/51FMjaFKYNL._AC_UY218_.jpg"
"R3CCR1EK3ACZY0","Reviewed in the United States on January 28, 2020",5,"Good","Very good",true,1,11,"110","B008GEH8LQ","nintendo 3ds",false,0,"USD",0,0,0,1001,4.6,"https://www.amazon.com/dp/B008GEH8LQ","4604.60",false,false,false,false,"Nintendo 3DS XL - Red/Black","https://m.media-amazon.com/images/I/51FMjaFKYNL._AC_UY218_.jpg"
"R9KO57H9B1KK0","Reviewed in the United States on December 10, 2019",5,"As described","Wonderful gift for my friend who still has games compatible for this and missed playing on the handheld device.",true,1,11,"110","B008GEH8LQ","nintendo 3ds",false,0,"USD",0,0,0,1001,4.6,"https://www.amazon.com/dp/B008GEH8LQ","4604.60",false,false,false,false,"Nintendo 3DS XL - Red/Black","https://m.media-amazon.com/images/I/51FMjaFKYNL._AC_UY218_.jpg"
"RJE0KRDNUZTFN","Reviewed in the United States on December 4, 2019",1,"Defective game system","Game did not work The cursor would not stop moving. Unable to play any game",true,1,11,"110","B008GEH8LQ","nintendo 3ds",false,0,"USD",0,0,0,1001,4.6,"https://www.amazon.com/dp/B008GEH8LQ","4604.60",false,false,false,false,"Nintendo 3DS XL - Red/Black","https://m.media-amazon.com/images/I/51FMjaFKYNL._AC_UY218_.jpg"
"R1ADONH9RN8QWI","Reviewed in the United States on April 18, 2021",5,"Thanks","Home button sticks a bit still great I like it works fantastic thanks delivered fast to",true,1,12,"111","B00PY6MSTQ","nintendo 3ds",false,0,"USD",0,0,0,599,4.7,"https://www.amazon.com/dp/B00PY6MSTQ","2815.30",false,false,false,false,"Nintendo 3DS XL New Super Mario Bros 2 Limited Edition","https://m.media-amazon.com/images/I/81-C23AhbKL._AC_UY218_.jpg"
"R276XY0OX12I2T","Reviewed in the United States on January 17, 2021",5,"Good quality","Sweet little 3ds just as described in good condition and shipped well.",true,1,12,"111","B00PY6MSTQ","nintendo 3ds",false,0,"USD",0,0,0,599,4.7,"https://www.amazon.com/dp/B00PY6MSTQ","2815.30",false,false,false,false,"Nintendo 3DS XL New Super Mario Bros 2 Limited Edition","https://m.media-amazon.com/images/I/81-C23AhbKL._AC_UY218_.jpg"
"R1IA1FR69C1HEZ","Reviewed in the United States on December 27, 2020",5,"Great product, awesome seller","There were a few scratches on the corner edges. It's used, so that's exoected, but It wasn't mentioned in the description. It came faster than it said it would get here. The seller also included a brand new case for it. That was awesome 🙂 my son loves it. I would buy from this seller again",true,1,12,"111","B00PY6MSTQ","nintendo 3ds",false,0,"USD",0,0,0,599,4.7,"https://www.amazon.com/dp/B00PY6MSTQ","2815.30",false,false,false,false,"Nintendo 3DS XL New Super Mario Bros 2 Limited Edition","https://m.media-amazon.com/images/I/81-C23AhbKL._AC_UY218_.jpg"
"RXSP2SD7BY9QY","Reviewed in the United States on September 10, 2020",5,"Cool","Cool design, no issues here",true,1,12,"111","B00PY6MSTQ","nintendo 3ds",false,0,"USD",0,0,0,599,4.7,"https://www.amazon.com/dp/B00PY6MSTQ","2815.30",false,false,false,false,"Nintendo 3DS XL New Super Mario Bros 2 Limited Edition","https://m.media-amazon.com/images/I/81-C23AhbKL._AC_UY218_.jpg"
"R1VPFO95RBKFSL","Reviewed in the United States on January 5, 2020",5,"It was great","It was great",true,1,12,"111","B00PY6MSTQ","nintendo 3ds",false,0,"USD",0,0,0,599,4.7,"https://www.amazon.com/dp/B00PY6MSTQ","2815.30",false,false,false,false,"Nintendo 3DS XL New Super Mario Bros 2 Limited Edition","https://m.media-amazon.com/images/I/81-C23AhbKL._AC_UY218_.jpg"
"R2GKO2AORXCY5E","Reviewed in the United States on November 14, 2019",5,"대박","Plays great, has everything with it, looks amazing X)I love it :)",true,1,12,"111","B00PY6MSTQ","nintendo 3ds",false,0,"USD",0,0,0,599,4.7,"https://www.amazon.com/dp/B00PY6MSTQ","2815.30",false,false,false,false,"Nintendo 3DS XL New Super Mario Bros 2 Limited Edition","https://m.media-amazon.com/images/I/81-C23AhbKL._AC_UY218_.jpg"
"R2CM1GAOY44DUQ","Reviewed in the United States on October 3, 2019",4,"good","nice",true,1,12,"111","B00PY6MSTQ","nintendo 3ds",false,0,"USD",0,0,0,599,4.7,"https://www.amazon.com/dp/B00PY6MSTQ","2815.30",false,false,false,false,"Nintendo 3DS XL New Super Mario Bros 2 Limited Edition","https://m.media-amazon.com/images/I/81-C23AhbKL._AC_UY218_.jpg"
"R1UH99AU0WKPZR","Reviewed in the United States on September 13, 2019",5,"My son loved it","So I guess it ok 👍",true,1,12,"111","B00PY6MSTQ","nintendo 3ds",false,0,"USD",0,0,0,599,4.7,"https://www.amazon.com/dp/B00PY6MSTQ","2815.30",false,false,false,false,"Nintendo 3DS XL New Super Mario Bros 2 Limited Edition","https://m.media-amazon.com/images/I/81-C23AhbKL._AC_UY218_.jpg"
"RPTICMEGUB8CC","Reviewed in the United States on August 13, 2019",1,"Don't waste your money","I bought it and it came broken.",true,1,12,"111","B00PY6MSTQ","nintendo 3ds",false,0,"USD",0,0,0,599,4.7,"https://www.amazon.com/dp/B00PY6MSTQ","2815.30",false,false,false,false,"Nintendo 3DS XL New Super Mario Bros 2 Limited Edition","https://m.media-amazon.com/images/I/81-C23AhbKL._AC_UY218_.jpg"
"RS89D4NA8IZUG","Reviewed in the United States on May 11, 2019",5,"Great","Grandson loves this",true,1,12,"111","B00PY6MSTQ","nintendo 3ds",false,0,"USD",0,0,0,599,4.7,"https://www.amazon.com/dp/B00PY6MSTQ","2815.30",false,false,false,false,"Nintendo 3DS XL New Super Mario Bros 2 Limited Edition","https://m.media-amazon.com/images/I/81-C23AhbKL._AC_UY218_.jpg"
"R3OIBZKVX05SR5","Reviewed in the United States on May 31, 2021",5,"Great","Its good like new very pleased",true,1,13,"112","B00HKPSVIG","nintendo 3ds",false,0,"USD",0,0,0,314,4.3,"https://www.amazon.com/dp/B00HKPSVIG","1350.20",false,false,false,false,"Nintendo 3DS XL - Red/Black","https://m.media-amazon.com/images/I/81C2Y1dGGeL._AC_UY218_.jpg"
"RJ2WI47FGQU9U","Reviewed in the United States on January 14, 2021",5,"Good buy","What I liked was that it came on time, it works pretty good as well. I had brought it for my son 13th Birthday and he is very happy with it. It have a little scratch on the outside but the screen was perfect.",true,1,13,"112","B00HKPSVIG","nintendo 3ds",false,0,"USD",0,0,0,314,4.3,"https://www.amazon.com/dp/B00HKPSVIG","1350.20",false,false,false,false,"Nintendo 3DS XL - Red/Black","https://m.media-amazon.com/images/I/81C2Y1dGGeL._AC_UY218_.jpg"
"R1PD1NLNYXU7JI","Reviewed in the United States on January 5, 2021",1,"Did not work","Did not work need money back.",true,1,13,"112","B00HKPSVIG","nintendo 3ds",false,0,"USD",0,0,0,314,4.3,"https://www.amazon.com/dp/B00HKPSVIG","1350.20",false,false,false,false,"Nintendo 3DS XL - Red/Black","https://m.media-amazon.com/images/I/81C2Y1dGGeL._AC_UY218_.jpg"
"R3JZGKDB3ZSE9X","Reviewed in the United States on December 25, 2020",5,"Quality product, helpful & responsive seller!","According to my son, my grandson was excited at receiving this gift this Christmas morning! He was planning on downloading a Pokémon game after the battery charged.",true,1,13,"112","B00HKPSVIG","nintendo 3ds",false,0,"USD",0,0,0,314,4.3,"https://www.amazon.com/dp/B00HKPSVIG","1350.20",false,false,false,false,"Nintendo 3DS XL - Red/Black","https://m.media-amazon.com/images/I/81C2Y1dGGeL._AC_UY218_.jpg"
"R3490SJU8H0S1Z","Reviewed in the United States on November 1, 2020",1,"Total waste of money","I’m absolutely furious! I get the DS and the screen to type won’t work properly! I can’t set the parental settings, or set up the internet! I can only type certain letters and it won’t let me type others at all. So my child can’t use his birthday present at all! I’m so mad, I paid a lot of money for a product that doesn’t even work.",true,1,13,"112","B00HKPSVIG","nintendo 3ds",false,0,"USD",0,0,0,314,4.3,"https://www.amazon.com/dp/B00HKPSVIG","1350.20",false,false,false,false,"Nintendo 3DS XL - Red/Black","https://m.media-amazon.com/images/I/81C2Y1dGGeL._AC_UY218_.jpg"
"R3JZA07IHOY9XZ","Reviewed in the United States on September 11, 2020",5,"Console Quality","The handheld console came in perfect condition. Haven't seen or found any problems.",true,1,13,"112","B00HKPSVIG","nintendo 3ds",false,0,"USD",0,0,0,314,4.3,"https://www.amazon.com/dp/B00HKPSVIG","1350.20",false,false,false,false,"Nintendo 3DS XL - Red/Black","https://m.media-amazon.com/images/I/81C2Y1dGGeL._AC_UY218_.jpg"
"R3KVKTTR3ZVYG6","Reviewed in the United States on August 27, 2020",5,"It's a Colletible Item","My Daughter play with it and It seem works good.Nice Color, red.",true,1,13,"112","B00HKPSVIG","nintendo 3ds",false,0,"USD",0,0,0,314,4.3,"https://www.amazon.com/dp/B00HKPSVIG","1350.20",false,false,false,false,"Nintendo 3DS XL - Red/Black","https://m.media-amazon.com/images/I/81C2Y1dGGeL._AC_UY218_.jpg"
"R3V05EW7A2LTWU","Reviewed in the United States on July 14, 2020",5,"Wonderful","Wonderful",true,1,13,"112","B00HKPSVIG","nintendo 3ds",false,0,"USD",0,0,0,314,4.3,"https://www.amazon.com/dp/B00HKPSVIG","1350.20",false,false,false,false,"Nintendo 3DS XL - Red/Black","https://m.media-amazon.com/images/I/81C2Y1dGGeL._AC_UY218_.jpg"
"R12YY4EHZ4XN80","Reviewed in the United States on July 1, 2020",5,"Incredible conditon","The console came to my house in only 4 days!!!!!!! The shipping was way faster than I thought it would be. It came in incredible condition. There was not a single scratch on any of the screens.It came with the charger,stylus,and SD card. I would highly recommend the product if you don't want to pay full price for a new one.",true,1,13,"112","B00HKPSVIG","nintendo 3ds",false,0,"USD",0,0,0,314,4.3,"https://www.amazon.com/dp/B00HKPSVIG","1350.20",false,false,false,false,"Nintendo 3DS XL - Red/Black","https://m.media-amazon.com/images/I/81C2Y1dGGeL._AC_UY218_.jpg"
"R1AQASJ1UMZO3Q","Reviewed in the United States on June 28, 2020",5,"Great customer service","This has brought me many hours of fun, and the seller I purchased it from has the best costumer service team of anyone I have EVER purchased from online.",true,1,13,"112","B00HKPSVIG","nintendo 3ds",false,0,"USD",0,0,0,314,4.3,"https://www.amazon.com/dp/B00HKPSVIG","1350.20",false,false,false,false,"Nintendo 3DS XL - Red/Black","https://m.media-amazon.com/images/I/81C2Y1dGGeL._AC_UY218_.jpg"
"R38WZ2EWQBNCOK","Reviewed in the United States on August 25, 2021",5,"Good Condition","gameboy came in quick and had very minimal scratching on the outer surfaces.",true,1,14,"113","B006QRMR4S","nintendo 3ds",false,0,"USD",0,0,0,478,4.3,"https://www.amazon.com/dp/B006QRMR4S","2055.40",false,false,false,false,"Nintendo 3DS, Pearl Pink","https://m.media-amazon.com/images/I/71hF-QPBQCL._AC_UY218_.jpg"
"R266WS971EDE0O","Reviewed in the United States on July 22, 2021",5,"Great!","Works perfectly, in good condition as promised. The wear mentioned in the description is super minimal. Was packaged nice and secure.",true,1,14,"113","B006QRMR4S","nintendo 3ds",false,0,"USD",0,0,0,478,4.3,"https://www.amazon.com/dp/B006QRMR4S","2055.40",false,false,false,false,"Nintendo 3DS, Pearl Pink","https://m.media-amazon.com/images/I/71hF-QPBQCL._AC_UY218_.jpg"
"R1Q1NWZI8LUDRZ","Reviewed in the United States on April 19, 2021",4,"everything’s great except-","i was really excited to get it, and everything works EXCEPT for the r button. no matter what, it just won’t work. i’m not sure what i should do since i bought the 3ds to play legend of zelda games (which,, heavily rely on the r button-) so i’m kind of really disappointed </3",true,1,14,"113","B006QRMR4S","nintendo 3ds",false,0,"USD",0,0,0,478,4.3,"https://www.amazon.com/dp/B006QRMR4S","2055.40",false,false,false,false,"Nintendo 3DS, Pearl Pink","https://m.media-amazon.com/images/I/71hF-QPBQCL._AC_UY218_.jpg"
"RU1ETOXRZCDGZ","Reviewed in the United States on January 26, 2021",3,"Was an ok buy","It didn't come with the 2 Gb SD card, but the batteries works fine",true,1,14,"113","B006QRMR4S","nintendo 3ds",false,0,"USD",0,0,0,478,4.3,"https://www.amazon.com/dp/B006QRMR4S","2055.40",false,false,false,false,"Nintendo 3DS, Pearl Pink","https://m.media-amazon.com/images/I/71hF-QPBQCL._AC_UY218_.jpg"
"R4E0OQLMILTFD","Reviewed in the United States on January 18, 2021",5,"Fits our needs","Daughter loves it!!!",true,1,14,"113","B006QRMR4S","nintendo 3ds",false,0,"USD",0,0,0,478,4.3,"https://www.amazon.com/dp/B006QRMR4S","2055.40",false,false,false,false,"Nintendo 3DS, Pearl Pink","https://m.media-amazon.com/images/I/71hF-QPBQCL._AC_UY218_.jpg"
"R3V5ZZFRH215YQ","Reviewed in the United States on September 5, 2020",5,"Love it","The color is so pretty, it works well. Is used, came with everything you need and arrived quickly. Love this little game and have so much fun playing with it.",true,1,14,"113","B006QRMR4S","nintendo 3ds",false,0,"USD",0,0,0,478,4.3,"https://www.amazon.com/dp/B006QRMR4S","2055.40",false,false,false,false,"Nintendo 3DS, Pearl Pink","https://m.media-amazon.com/images/I/71hF-QPBQCL._AC_UY218_.jpg"
"R19C1BN7NEC7KX","Reviewed in the United States on May 8, 2020",4,"no stylus, be sure to order one!","came in stated date with charger. good condition despite mentioned scratch on the screen and turned on and runs without issues.",true,1,14,"113","B006QRMR4S","nintendo 3ds",false,0,"USD",0,0,0,478,4.3,"https://www.amazon.com/dp/B006QRMR4S","2055.40",false,false,false,false,"Nintendo 3DS, Pearl Pink","https://m.media-amazon.com/images/I/71hF-QPBQCL._AC_UY218_.jpg"
"R2VVJGKBVW1J0U","Reviewed in the United States on April 1, 2020",1,"Can’t access the DS","The DS is in great condition however they didn’t reset the system and I can’t access anything without a PIN number!! If you’re reading this please tell me the pin and I’ll change my review.",true,1,14,"113","B006QRMR4S","nintendo 3ds",false,0,"USD",0,0,0,478,4.3,"https://www.amazon.com/dp/B006QRMR4S","2055.40",false,false,false,false,"Nintendo 3DS, Pearl Pink","https://m.media-amazon.com/images/I/71hF-QPBQCL._AC_UY218_.jpg"
"R1OUXXWAGTKG4R","Reviewed in the United States on March 18, 2020",3,"No charger","I bought this for my granddaughter.It looks fine, however, it did not come with charger. Her birthday is soon. I have to figure out what charger to buy. I am disappointed...",true,1,14,"113","B006QRMR4S","nintendo 3ds",false,0,"USD",0,0,0,478,4.3,"https://www.amazon.com/dp/B006QRMR4S","2055.40",false,false,false,false,"Nintendo 3DS, Pearl Pink","https://m.media-amazon.com/images/I/71hF-QPBQCL._AC_UY218_.jpg"
"R1US32G2KLS1NK","Reviewed in the United States on March 13, 2020",4,"Wrong color but fine","Wasn't pink but she liked it just fine",true,1,14,"113","B006QRMR4S","nintendo 3ds",false,0,"USD",0,0,0,478,4.3,"https://www.amazon.com/dp/B006QRMR4S","2055.40",false,false,false,false,"Nintendo 3DS, Pearl Pink","https://m.media-amazon.com/images/I/71hF-QPBQCL._AC_UY218_.jpg"
"cr-translate-81015277",,,"","",false,1,15,"114","B00S1LRX3W","nintendo 3ds",false,0,"USD",0,0,0,2861,4.6,"https://www.amazon.com/dp/B00S1LRX3W","13160.60",false,false,false,false,"Nintendo New 3DS XL - Black","https://m.media-amazon.com/images/I/418LVeSVHjL._AC_UY218_.jpg"
"R18R8UPDZEFXNV","Reviewed in the United States on October 18, 2021",5,"Love it","I love playing my Nintendo DS. It’s fun and you so many games to choose from. Perfect for kids and adults.",true,1,15,"114","B00S1LRX3W","nintendo 3ds",false,0,"USD",0,0,0,2861,4.6,"https://www.amazon.com/dp/B00S1LRX3W","13160.60",false,false,false,false,"Nintendo New 3DS XL - Black","https://m.media-amazon.com/images/I/418LVeSVHjL._AC_UY218_.jpg"
"R3L7MBG9S9FQQ2","Reviewed in the United States on August 23, 2021",3,"You're paying for what you get for sure.","The 3DSXL that was sent to me was obviously dropped due to it having a replaced bottom screen AND the 3D effect on to top screen starts acting up! Straightforward- it'll do for now!",true,1,15,"114","B00S1LRX3W","nintendo 3ds",false,0,"USD",0,0,0,2861,4.6,"https://www.amazon.com/dp/B00S1LRX3W","13160.60",false,false,false,false,"Nintendo New 3DS XL - Black","https://m.media-amazon.com/images/I/418LVeSVHjL._AC_UY218_.jpg"
"R2Z19BVVYJF7A9","Reviewed in the United States on August 8, 2021",5,"Perfect","While it does have some scratches, it is in almost perfect condition all in all and works perfectly as well",true,1,15,"114","B00S1LRX3W","nintendo 3ds",false,0,"USD",0,0,0,2861,4.6,"https://www.amazon.com/dp/B00S1LRX3W","13160.60",false,false,false,false,"Nintendo New 3DS XL - Black","https://m.media-amazon.com/images/I/418LVeSVHjL._AC_UY218_.jpg"
"R2P903V54KFVPL","Reviewed in the United States on July 30, 2021",5,"Nunca estará obsoleta","Genial consola con capacidades increíbles y múltiples posibilidades de juego",true,1,15,"114","B00S1LRX3W","nintendo 3ds",false,0,"USD",0,0,0,2861,4.6,"https://www.amazon.com/dp/B00S1LRX3W","13160.60",false,false,false,false,"Nintendo New 3DS XL - Black","https://m.media-amazon.com/images/I/418LVeSVHjL._AC_UY218_.jpg"
"R3SZUBHP0I9KMR","Reviewed in the United States on July 25, 2021",5,"3ds xl","Great purchase",true,1,15,"114","B00S1LRX3W","nintendo 3ds",false,0,"USD",0,0,0,2861,4.6,"https://www.amazon.com/dp/B00S1LRX3W","13160.60",false,false,false,false,"Nintendo New 3DS XL - Black","https://m.media-amazon.com/images/I/418LVeSVHjL._AC_UY218_.jpg"
"RUL6Z1ASOY6GN","Reviewed in the United States on July 20, 2021",5,"Great condition","Seller explanation of item was right on and fair assessment. Shipped fast and the product is in great shape! Already started playing dq7.",true,1,15,"114","B00S1LRX3W","nintendo 3ds",false,0,"USD",0,0,0,2861,4.6,"https://www.amazon.com/dp/B00S1LRX3W","13160.60",false,false,false,false,"Nintendo New 3DS XL - Black","https://m.media-amazon.com/images/I/418LVeSVHjL._AC_UY218_.jpg"
"R1S785D65PKT18","Reviewed in the United States on July 10, 2021",5,"Bingo","Exactly what I ordered. Very satisfied.",true,1,15,"114","B00S1LRX3W","nintendo 3ds",false,0,"USD",0,0,0,2861,4.6,"https://www.amazon.com/dp/B00S1LRX3W","13160.60",false,false,false,false,"Nintendo New 3DS XL - Black","https://m.media-amazon.com/images/I/418LVeSVHjL._AC_UY218_.jpg"
"RSHP0PC3E07NA","Reviewed in the United States on July 7, 2021",1,"Not good","Bad didn't work",true,1,15,"114","B00S1LRX3W","nintendo 3ds",false,0,"USD",0,0,0,2861,4.6,"https://www.amazon.com/dp/B00S1LRX3W","13160.60",false,false,false,false,"Nintendo New 3DS XL - Black","https://m.media-amazon.com/images/I/418LVeSVHjL._AC_UY218_.jpg"
"R1LOFB3HINYM25","Reviewed in the United States on June 8, 2021",5,"Nintendo 3DS XL","Solo tengo que decir Brutal!!!",true,1,15,"114","B00S1LRX3W","nintendo 3ds",false,0,"USD",0,0,0,2861,4.6,"https://www.amazon.com/dp/B00S1LRX3W","13160.60",false,false,false,false,"Nintendo New 3DS XL - Black","https://m.media-amazon.com/images/I/418LVeSVHjL._AC_UY218_.jpg"
"R28Z64JHFOFPNK","Reviewed in the United States on May 31, 2021",1,"LOCKED OUT by previous owner","The seller of this product SWINDLED me and locked me out of this machine's vital functions like being able to access the internet. This 3ds had parental controls, set by its previous owner, that REQUIRE a password (which I was NEVER GIVEN) in order to access internet and download more games.",true,1,15,"114","B00S1LRX3W","nintendo 3ds",false,0,"USD",0,0,0,2861,4.6,"https://www.amazon.com/dp/B00S1LRX3W","13160.60",false,false,false,false,"Nintendo New 3DS XL - Black","https://m.media-amazon.com/images/I/418LVeSVHjL._AC_UY218_.jpg"
"cr-translate--1439059626",,,"","",false,1,16,"115","B007WRGNQE","nintendo 3ds",false,0,"USD",0,0,0,182,4.5,"https://www.amazon.com/dp/B007WRGNQE","819.00",false,false,false,false,"Nintendo 3DS Portable Gaming Console - Purple","https://m.media-amazon.com/images/I/71nRVRO7ckL._AC_UY218_.jpg"
"R2P8HE5OS4KPDX","Reviewed in the United States on May 21, 2019",3,"Bueno","Bueno",true,1,16,"115","B007WRGNQE","nintendo 3ds",false,0,"USD",0,0,0,182,4.5,"https://www.amazon.com/dp/B007WRGNQE","819.00",false,false,false,false,"Nintendo 3DS Portable Gaming Console - Purple","https://m.media-amazon.com/images/I/71nRVRO7ckL._AC_UY218_.jpg"
"RARKPVG68E8XY","Reviewed in the United States on December 20, 2018",5,"Nice","Nice",true,1,16,"115","B007WRGNQE","nintendo 3ds",false,0,"USD",0,0,0,182,4.5,"https://www.amazon.com/dp/B007WRGNQE","819.00",false,false,false,false,"Nintendo 3DS Portable Gaming Console - Purple","https://m.media-amazon.com/images/I/71nRVRO7ckL._AC_UY218_.jpg"
"RMDO5JXVX64WU","Reviewed in the United States on March 30, 2017",5,"Five Stars","Will see when he opens it got it as a gift.",true,1,16,"115","B007WRGNQE","nintendo 3ds",false,0,"USD",0,0,0,182,4.5,"https://www.amazon.com/dp/B007WRGNQE","819.00",false,false,false,false,"Nintendo 3DS Portable Gaming Console - Purple","https://m.media-amazon.com/images/I/71nRVRO7ckL._AC_UY218_.jpg"
"R1WLX1YCBNF07Q","Reviewed in the United States on December 25, 2016",5,"A1 product","Great condition and as described!",true,1,16,"115","B007WRGNQE","nintendo 3ds",false,0,"USD",0,0,0,182,4.5,"https://www.amazon.com/dp/B007WRGNQE","819.00",false,false,false,false,"Nintendo 3DS Portable Gaming Console - Purple","https://m.media-amazon.com/images/I/71nRVRO7ckL._AC_UY218_.jpg"
"R21IDMQEV4D5L3","Reviewed in the United States on November 8, 2016",4,"Great Device","The product was in just as it stated new . Works great still have it till this day. Great device to own especially if your a casual gamer and into the the portable games",true,1,16,"115","B007WRGNQE","nintendo 3ds",false,0,"USD",0,0,0,182,4.5,"https://www.amazon.com/dp/B007WRGNQE","819.00",false,false,false,false,"Nintendo 3DS Portable Gaming Console - Purple","https://m.media-amazon.com/images/I/71nRVRO7ckL._AC_UY218_.jpg"
"R3SLVAH5EPDKYR","Reviewed in the United States on May 29, 2016",5,"Five Stars","All fine, i received this product without problem",true,1,16,"115","B007WRGNQE","nintendo 3ds",false,0,"USD",0,0,0,182,4.5,"https://www.amazon.com/dp/B007WRGNQE","819.00",false,false,false,false,"Nintendo 3DS Portable Gaming Console - Purple","https://m.media-amazon.com/images/I/71nRVRO7ckL._AC_UY218_.jpg"
"R2PGVS09N8AAOI","Reviewed in the United States on November 6, 2015",5,"like it","I got this for my Daughter, even though it was used it looks good and runs great.",true,1,16,"115","B007WRGNQE","nintendo 3ds",false,0,"USD",0,0,0,182,4.5,"https://www.amazon.com/dp/B007WRGNQE","819.00",false,false,false,false,"Nintendo 3DS Portable Gaming Console - Purple","https://m.media-amazon.com/images/I/71nRVRO7ckL._AC_UY218_.jpg"
"R1424FZFCCTNG3","Reviewed in the United States on October 5, 2015",5,"Such Awesome COLOR!","Such stunning vibrant color! instant love, I'm actually a tad bit sad I traded it for the newest 3dsxl red. But alas, the past is the past and I'm mostly sad about the fact that the newest system didn't come in other colors besides black and red. This system is remarkable,you can play your regular DS games on this system ( not just 3ds specific), youtube, netfix or hulu. The options are there. You can surf the web, write notes while the game is paused, fun little apps and demos to try. The camera is also fun to mess with and you can record. Overall, it was a great upgrade from my normal Ds lite.",true,1,16,"115","B007WRGNQE","nintendo 3ds",false,0,"USD",0,0,0,182,4.5,"https://www.amazon.com/dp/B007WRGNQE","819.00",false,false,false,false,"Nintendo 3DS Portable Gaming Console - Purple","https://m.media-amazon.com/images/I/71nRVRO7ckL._AC_UY218_.jpg"
"R2FOLYL4PM6FEC","Reviewed in the United States on October 3, 2015",5,"Beautiful color for a Nintendo 3DS","This was a gift for my sister, she loved it. The first 3DS came in a ""aqua blue"" color, I didn't like it, so I bought the purple one, and it's beautiful.",true,1,16,"115","B007WRGNQE","nintendo 3ds",false,0,"USD",0,0,0,182,4.5,"https://www.amazon.com/dp/B007WRGNQE","819.00",false,false,false,false,"Nintendo 3DS Portable Gaming Console - Purple","https://m.media-amazon.com/images/I/71nRVRO7ckL._AC_UY218_.jpg"
"R1F9KWJFFMN7TH","Reviewed in the United States on June 16, 2015",5,"Works great!","Our little girl killed her first DS and this was a replacement.Works great!",true,1,16,"115","B007WRGNQE","nintendo 3ds",false,0,"USD",0,0,0,182,4.5,"https://www.amazon.com/dp/B007WRGNQE","819.00",false,false,false,false,"Nintendo 3DS Portable Gaming Console - Purple","https://m.media-amazon.com/images/I/71nRVRO7ckL._AC_UY218_.jpg"