"review.id","review.review_data","review.rating","review.title","review.review","review.verified_purchase","product.position.page","product.position.position","product.position.global_position","product.asin","product.keyword","product.price.discounted","product.price.current_price","product.price.currency","product.price.before_price","product.price.savings_amount","product.price.savings_percent","product.reviews.total_reviews","product.reviews.rating","product.url","product.score","product.sponsored","product.amazonChoice","product.bestSeller","product.amazonPrime","product.title","product.thumbnail"
"R2XE43G4LJHHV5","Reviewed in the United States on October 2, 2021",5,"Best 2k in years","2k is great, but this year they made it even better, especially for next gen. Game play and graphics are improved over last year, and MyTeam and MyCareer are improved with new features and challenges.",true,1,1,"10","B098Y7HQ9T","Xbox Series X",true,49.99,"USD",69.99,20,28.58,26,4.3,"https://www.amazon.com/dp/B098Y7HQ9T","111.80",false,false,false,false,"NBA 2K22 - Xbox Series X","https://m.media-amazon.com/images/I/914vW-47QoS._AC_UY218_.jpg"
"R2L0X3TBOPHNKF","Reviewed in the United States on September 12, 2021",5,"Game is Amazing, but Amazon getting it to you on release day not so much!","Said was going to be here on release day, but didn't finally get here until 2 days later. In the future I will just buy from Gamestop so I can physically pick it up on release day",true,1,1,"10","B098Y7HQ9T","Xbox Series X",true,49.99,"USD",69.99,20,28.58,26,4.3,"https://www.amazon.com/dp/B098Y7HQ9T","111.80",false,false,false,false,"NBA 2K22 - Xbox Series X","https://m.media-amazon.com/images/I/914vW-47QoS._AC_UY218_.jpg"
"R14SGUZCUIYAYK","Reviewed in the United States on October 22, 2021",5,"A must if you own more then one Xbox Series Devices","I own a Series X and a Series S, very handy to load games from one room to other without moving a Xbox.Simple plug and play",true,1,2,"11","B08K3S6WJM","Xbox Series X",false,219.99,"USD",0,0,0,48834,4.8,"https://www.amazon.com/dp/B08K3S6WJM","234403.20",false,false,false,false,"Seagate Storage Expansion Card for Xbox Series X|S 1TB Solid State Drive - NVMe Expansion SSD for Xbox Series X|S (STJR100...","https://m.media-amazon.com/images/I/61MGrHUMWzL._AC_UY218_.jpg"
"RP5HT9B6XEFIT","Reviewed in the United States on October 22, 2021",4,"Game Memory","Works as intended. Should have been a 2T for the price I’m paying.",true,1,2,"11","B08K3S6WJM","Xbox Series X",false,219.99,"USD",0,0,0,48834,4.8,"https://www.amazon.com/dp/B08K3S6WJM","234403.20",false,false,false,false,"Seagate Storage Expansion Card for Xbox Series X|S 1TB Solid State Drive - NVMe Expansion SSD for Xbox Series X|S (STJR100...","https://m.media-amazon.com/images/I/61MGrHUMWzL._AC_UY218_.jpg"
"R28UCTWYPK4N3E","Reviewed in the United States on October 22, 2021",4,"Works but expensive","Works but expensive otherwise would give 5 stars",true,1,2,"11","B08K3S6WJM","Xbox Series X",false,219.99,"USD",0,0,0,48834,4.8,"https://www.amazon.com/dp/B08K3S6WJM","234403.20",false,false,false,false,"Seagate Storage Expansion Card for Xbox Series X|S 1TB Solid State Drive - NVMe Expansion SSD for Xbox Series X|S (STJR100...","https://m.media-amazon.com/images/I/61MGrHUMWzL._AC_UY218_.jpg"
"RCH6HCZPVHCWP","Reviewed in the United States on October 21, 2021",5,"Seagate Game Drive 🔥","It’s fast and works perfect 👍",true,1,2,"11","B08K3S6WJM","Xbox Series X",false,219.99,"USD",0,0,0,48834,4.8,"https://www.amazon.com/dp/B08K3S6WJM","234403.20",false,false,false,false,"Seagate Storage Expansion Card for Xbox Series X|S 1TB Solid State Drive - NVMe Expansion SSD for Xbox Series X|S (STJR100...","https://m.media-amazon.com/images/I/61MGrHUMWzL._AC_UY218_.jpg"
"R2JAFTVC7NIGVE","Reviewed in the United States on October 21, 2021",5,"Useful Tool","I bought this thinking I needed to transfer files from old Xbox One to new Xbox One X but found out all files are uploaded to cloud. I later use this to store games that I normally install/uninstall so I placed a few favorite games I'll replay w/o the hassle of either choice. I was able to store games like Dead or Alive 5 Last Round w/ 507 characters + costumes which on internal hard drive will cause a slow lag so it was store on this external hard drive instead and Dead or Alive 6 w/ 217 characters + costumes. I read reviews on external hard drive with pros and cons so it's no big deal if it messes up later or last a lifetime.",true,1,2,"11","B08K3S6WJM","Xbox Series X",false,219.99,"USD",0,0,0,48834,4.8,"https://www.amazon.com/dp/B08K3S6WJM","234403.20",false,false,false,false,"Seagate Storage Expansion Card for Xbox Series X|S 1TB Solid State Drive - NVMe Expansion SSD for Xbox Series X|S (STJR100...","https://m.media-amazon.com/images/I/61MGrHUMWzL._AC_UY218_.jpg"
"R2E2ZSOK69A0TP","Reviewed in the United States on October 20, 2021",5,"Great product","This is a very solid product! Worth the money. It is state of the art and has its own built in heat sink. That’s amazing. One thing I don’t like is the packaging. It’s just sitting there and it isn’t even locked into place or fastened down. It will just fall right out of the package without warning. Be careful everyone. For such a pricey item, it should at least be in a plastic inset that holds it into place.",true,1,2,"11","B08K3S6WJM","Xbox Series X",false,219.99,"USD",0,0,0,48834,4.8,"https://www.amazon.com/dp/B08K3S6WJM","234403.20",false,false,false,false,"Seagate Storage Expansion Card for Xbox Series X|S 1TB Solid State Drive - NVMe Expansion SSD for Xbox Series X|S (STJR100...","https://m.media-amazon.com/images/I/61MGrHUMWzL._AC_UY218_.jpg"
"R256RRT2938AL1","Reviewed in the United States on October 20, 2021",4,"Works Great But","works great but it want let you play some newer games on it. It says you can download them to it but you have to move them over to your Xbox internal storage but other than that it works great on all other games.",true,1,2,"11","B08K3S6WJM","Xbox Series X",false,219.99,"USD",0,0,0,48834,4.8,"https://www.amazon.com/dp/B08K3S6WJM","234403.20",false,false,false,false,"Seagate Storage Expansion Card for Xbox Series X|S 1TB Solid State Drive - NVMe Expansion SSD for Xbox Series X|S (STJR100...","https://m.media-amazon.com/images/I/61MGrHUMWzL._AC_UY218_.jpg"
"R2F1GAP4JBNJEH","Reviewed in the United States on October 20, 2021",5,"It's exactly what you think it is","Way too expensive but increases internal storage capacity for the Xbox series x by 1tb.. essential if you're running the latest games.",true,1,2,"11","B08K3S6WJM","Xbox Series X",false,219.99,"USD",0,0,0,48834,4.8,"https://www.amazon.com/dp/B08K3S6WJM","234403.20",false,false,false,false,"Seagate Storage Expansion Card for Xbox Series X|S 1TB Solid State Drive - NVMe Expansion SSD for Xbox Series X|S (STJR100...","https://m.media-amazon.com/images/I/61MGrHUMWzL._AC_UY218_.jpg"
"R1ZMQI71C2NCSC","Reviewed in the United States on October 20, 2021",5,"Good","Exactly wat we needed",true,1,2,"11","B08K3S6WJM","Xbox Series X",false,219.99,"USD",0,0,0,48834,4.8,"https://www.amazon.com/dp/B08K3S6WJM","234403.20",false,false,false,false,"Seagate Storage Expansion Card for Xbox Series X|S 1TB Solid State Drive - NVMe Expansion SSD for Xbox Series X|S (STJR100...","https://m.media-amazon.com/images/I/61MGrHUMWzL._AC_UY218_.jpg"
"R1ZM4GJCT6VT9V","Reviewed in the United States on October 20, 2021",4,"Fast But Weird Setup","I was really wanting this from the time I bought my Xbox Series X and finally got it. 1 terabyte is just not enough storage, and frankly, this additional terabyte hardly slakes my thirst for more storage. Games are getting so big, now, I may still have to add USB storage.This device is fast. Load times are noticeably faster. But the set up is weird. The instructions come in the way of a simple graphical sheet that seems to indicate you just plug it in, so I did what most people would do and powered down my unit and plugged this in. After powering up, I transferred some of my games and apps from the internal drive to this without problem.However, when I went to play a game or start an app that I had transferred to the Seagate, I got an error that it would not run. After some sleuthing online, I found someone in a forum relating that he was told to leave the power on while plugging in the device. So I powered down the Xbox, took the Seagate out, powered up the Xbox, and while powered up, crossed my fingers and plugged in the Seagate.All was right in the world and it's been working fine ever since.",true,1,2,"11","B08K3S6WJM","Xbox Series X",false,219.99,"USD",0,0,0,48834,4.8,"https://www.amazon.com/dp/B08K3S6WJM","234403.20",false,false,false,false,"Seagate Storage Expansion Card for Xbox Series X|S 1TB Solid State Drive - NVMe Expansion SSD for Xbox Series X|S (STJR100...","https://m.media-amazon.com/images/I/61MGrHUMWzL._AC_UY218_.jpg"
"R1T536V1GDNSP9","Reviewed in the United States on October 22, 2021",5,"Great for the money","Like the style of drop in and charge packsWorks well for my xbox one controller. Did have some issues getting the pack in the first time like the plastic needed to stretch but worked out fine.Battery last for a couple of days just pop a new one in and bam no scrambling to the kitchen for batteries mid game.",true,1,4,"14","B08CVB3Y8B","Xbox Series X",false,0,"USD",0,0,0,5166,4.5,"https://www.amazon.com/dp/B08CVB3Y8B","23247.00",false,false,true,false,"Rechargeable Battery Packs for Xbox One/Xbox Series X|S, 4 X 1200mAh Xbox One Controller Battery Packs, Rechargeable Batte...","https://m.media-amazon.com/images/I/71U1dHbHmGL._AC_UY218_.jpg"
"R1XVQKGQQLBX9J","Reviewed in the United States on October 22, 2021",2,"Won’t hold charge","Batteries only seem to hold a charge for about 3 hours.",true,1,4,"14","B08CVB3Y8B","Xbox Series X",false,0,"USD",0,0,0,5166,4.5,"https://www.amazon.com/dp/B08CVB3Y8B","23247.00",false,false,true,false,"Rechargeable Battery Packs for Xbox One/Xbox Series X|S, 4 X 1200mAh Xbox One Controller Battery Packs, Rechargeable Batte...","https://m.media-amazon.com/images/I/71U1dHbHmGL._AC_UY218_.jpg"
"RURRNJUZ5HBU","Reviewed in the United States on October 22, 2021",3,"Better off getting regular batteries","These batteries last for maybe a hour and half before they go dead.",true,1,4,"14","B08CVB3Y8B","Xbox Series X",false,0,"USD",0,0,0,5166,4.5,"https://www.amazon.com/dp/B08CVB3Y8B","23247.00",false,false,true,false,"Rechargeable Battery Packs for Xbox One/Xbox Series X|S, 4 X 1200mAh Xbox One Controller Battery Packs, Rechargeable Batte...","https://m.media-amazon.com/images/I/71U1dHbHmGL._AC_UY218_.jpg"
"R2L0L8NNIR797U","Reviewed in the United States on October 22, 2021",3,"Battery life is not good","Battery life is not good",true,1,4,"14","B08CVB3Y8B","Xbox Series X",false,0,"USD",0,0,0,5166,4.5,"https://www.amazon.com/dp/B08CVB3Y8B","23247.00",false,false,true,false,"Rechargeable Battery Packs for Xbox One/Xbox Series X|S, 4 X 1200mAh Xbox One Controller Battery Packs, Rechargeable Batte...","https://m.media-amazon.com/images/I/71U1dHbHmGL._AC_UY218_.jpg"
"R2WVJE6JRX0YQU","Reviewed in the United States on October 21, 2021",5,"The product is awesome backed by solid Customer Service","When I first got the batteries and the charger, I plugged them in and charged them till all 4 lights were green. It didn't take long, even with USB charging so I guess they'd been charged before shipping. Always nice!I put one of the batteries in the controller and it wouldn't turn on. I tried another battery and it worked so I put the bad battery in the charger and it showed green as if it was charged.I tried it again... still nothing.I tried the other batteries and found the other 3 batteries worked fine.I was a little miffed and contacted the seller and they responded within the hour. They asked if shipping out another battery would be OK or did I want to replace the item or send it back for a refund. Always nice to have options!I took a chance and asked them to ship another battery to me and surprisingly it was at my door a couple of days later... and it worked! The seller even followed up to make sure everything was OK.For such a cheap item (in the scheme of things) I was very impressed by the Customer Service. They obviously stand behind this product... andfor good reason!I've usually bought chargers that provide a door for the XBox controller to charge through and rest in a cradle but I'd just bought a Series X and couldn't find one where the door fitted on the new controllers. I took a chance on these batteries and I can say for the two or three months I've been using them, they seem pretty solid, especially for the price!I'm not on the Xbox every day but when I use it, I use it for prolonged periods and the batteries just seem to keep running. They've far outlasted any batteries I've bought before.Great product and definitely worth a buy, backed by great Customer Service!",true,1,4,"14","B08CVB3Y8B","Xbox Series X",false,0,"USD",0,0,0,5166,4.5,"https://www.amazon.com/dp/B08CVB3Y8B","23247.00",false,false,true,false,"Rechargeable Battery Packs for Xbox One/Xbox Series X|S, 4 X 1200mAh Xbox One Controller Battery Packs, Rechargeable Batte...","https://m.media-amazon.com/images/I/71U1dHbHmGL._AC_UY218_.jpg"
"R3RJ51IT825NVS","Reviewed in the United States on October 21, 2021",1,"Does not fit a Xbox series X controller","The chargeable battery packs that comes with this charger do NOT fit the new controller that comes with the Xbox series X.",true,1,4,"14","B08CVB3Y8B","Xbox Series X",false,0,"USD",0,0,0,5166,4.5,"https://www.amazon.com/dp/B08CVB3Y8B","23247.00",false,false,true,false,"Rechargeable Battery Packs for Xbox One/Xbox Series X|S, 4 X 1200mAh Xbox One Controller Battery Packs, Rechargeable Batte...","https://m.media-amazon.com/images/I/71U1dHbHmGL._AC_UY218_.jpg"
"R1OF73Y9OUTYAQ","Reviewed in the United States on October 21, 2021",5,"Love the Charge Dock","Very good product. Very ergonomic. Really like how they fit in the controller with the cover over top.",true,1,4,"14","B08CVB3Y8B","Xbox Series X",false,0,"USD",0,0,0,5166,4.5,"https://www.amazon.com/dp/B08CVB3Y8B","23247.00",false,false,true,false,"Rechargeable Battery Packs for Xbox One/Xbox Series X|S, 4 X 1200mAh Xbox One Controller Battery Packs, Rechargeable Batte...","https://m.media-amazon.com/images/I/71U1dHbHmGL._AC_UY218_.jpg"
"R1V90P6LL63F51","Reviewed in the United States on October 21, 2021",5,"Xbox rechargeable battery station","Perfect for your Xbox gamer that likes to steal all the AA batteries in the house.",true,1,4,"14","B08CVB3Y8B","Xbox Series X",false,0,"USD",0,0,0,5166,4.5,"https://www.amazon.com/dp/B08CVB3Y8B","23247.00",false,false,true,false,"Rechargeable Battery Packs for Xbox One/Xbox Series X|S, 4 X 1200mAh Xbox One Controller Battery Packs, Rechargeable Batte...","https://m.media-amazon.com/images/I/71U1dHbHmGL._AC_UY218_.jpg"
"RXQMSFOI0SGG1","Reviewed in the United States on October 21, 2021",2,"Poor battery performance","Received the product and everything seemed to be exactly as stated in the description. Hooked everything up and let all 4 batteries charge for a full 12 hours before use. Starting from the top I began to rotate them in a clockwise direction to ensure I tested each with a full charge. Two of the batteries averaged an 8 hour play time and the other two averaged a 5 hour play time. None of the four batteries came anywhere near the 15 hours of play time they advertise. Very disappointed. Will be returning soon.",true,1,4,"14","B08CVB3Y8B","Xbox Series X",false,0,"USD",0,0,0,5166,4.5,"https://www.amazon.com/dp/B08CVB3Y8B","23247.00",false,false,true,false,"Rechargeable Battery Packs for Xbox One/Xbox Series X|S, 4 X 1200mAh Xbox One Controller Battery Packs, Rechargeable Batte...","https://m.media-amazon.com/images/I/71U1dHbHmGL._AC_UY218_.jpg"
"RXQ1GWCYD2EFI","Reviewed in the United States on October 21, 2021",5,"Better than I thought’","This battery charger and its batteries are great! I wasn’t expecting much but I was tired of wired 3rd party controllers wearing out (I’m looking at you PowerA) and going through AA batteries in Xbox controllers. I showed my kids how to switch these out on the controllers and it’s been great to have them load these up and see when they are charging because they turn red, and green when they are ready. The price is right and value is huge. Battery longevity has also been great. Controllers have been used for 5-6 hours with no issues.",true,1,4,"14","B08CVB3Y8B","Xbox Series X",false,0,"USD",0,0,0,5166,4.5,"https://www.amazon.com/dp/B08CVB3Y8B","23247.00",false,false,true,false,"Rechargeable Battery Packs for Xbox One/Xbox Series X|S, 4 X 1200mAh Xbox One Controller Battery Packs, Rechargeable Batte...","https://m.media-amazon.com/images/I/71U1dHbHmGL._AC_UY218_.jpg"
"R2BD3RTJHXJFN9","Reviewed in the United States on October 22, 2021",5,"Amazing","Love it",true,1,6,"16","B08H75RTZ8","Xbox Series X",false,0,"USD",0,0,0,10337,4.9,"https://www.amazon.com/dp/B08H75RTZ8","50651.30",false,false,false,false,"Xbox Series X","https://m.media-amazon.com/images/I/714IbXR4HuL._AC_UY218_.jpg"
"R15KCJ8I7VOFGC","Reviewed in the United States on October 21, 2021",3,"The console is just OK","I have had my Series X for a year now and feel I can give a full review finally. The console is just mediocre, the graphics are fine the games are awesome in fact I think Gamepass Ultimate is the best value in gaming right now, I just wish Microsoft had a console that matched it.The audio from the console itself is just silly, unless your TV/Monitor has built in speakers or audio out then you will need to use a HDMI audio extractor, an official wireless headset, or wired headphones connected to the controller, also no bluetooth connections so most modern headsets, and sound systems are useless with this console.The wifi can be very finicky and drops a lot, no other wifi device I have loses connection as much as this console so I have started to use a wired connection.Only 1 USB port in the front is lackluster.This feels like a $300 console not a $500 one.",true,1,6,"16","B08H75RTZ8","Xbox Series X",false,0,"USD",0,0,0,10337,4.9,"https://www.amazon.com/dp/B08H75RTZ8","50651.30",false,false,false,false,"Xbox Series X","https://m.media-amazon.com/images/I/714IbXR4HuL._AC_UY218_.jpg"
"R22KMEP463OCB4","Reviewed in the United States on October 20, 2021",5,"Beautiful","I love this thing, M28U is the cheapest 144 hz 4k monitor with HDMI 2.1 you can get for this and it works great",true,1,6,"16","B08H75RTZ8","Xbox Series X",false,0,"USD",0,0,0,10337,4.9,"https://www.amazon.com/dp/B08H75RTZ8","50651.30",false,false,false,false,"Xbox Series X","https://m.media-amazon.com/images/I/714IbXR4HuL._AC_UY218_.jpg"
"R14G6EXPHRCVZS","Reviewed in the United States on October 20, 2021",5,"works great","glad i bought this",true,1,6,"16","B08H75RTZ8","Xbox Series X",false,0,"USD",0,0,0,10337,4.9,"https://www.amazon.com/dp/B08H75RTZ8","50651.30",false,false,false,false,"Xbox Series X","https://m.media-amazon.com/images/I/714IbXR4HuL._AC_UY218_.jpg"
"RVATY6FISC5ZX","Reviewed in the United States on October 19, 2021",5,"Experience but good buy","Was super scared to buy this online because of the price but it got here on time with no issues.",true,1,6,"16","B08H75RTZ8","Xbox Series X",false,0,"USD",0,0,0,10337,4.9,"https://www.amazon.com/dp/B08H75RTZ8","50651.30",false,false,false,false,"Xbox Series X","https://m.media-amazon.com/images/I/714IbXR4HuL._AC_UY218_.jpg"
"R2BG3CHJ1NH82M","Reviewed in the United States on October 18, 2021",5,"Very happy","Very fast shipping product is as advertised 👍🏽😁",true,1,6,"16","B08H75RTZ8","Xbox Series X",false,0,"USD",0,0,0,10337,4.9,"https://www.amazon.com/dp/B08H75RTZ8","50651.30",false,false,false,false,"Xbox Series X","https://m.media-amazon.com/images/I/714IbXR4HuL._AC_UY218_.jpg"
"R3F3GHDCGZF2MU","Reviewed in the United States on October 18, 2021",5,"System is a beast","My kids love it",true,1,6,"16","B08H75RTZ8","Xbox Series X",false,0,"USD",0,0,0,10337,4.9,"https://www.amazon.com/dp/B08H75RTZ8","50651.30",false,false,false,false,"Xbox Series X","https://m.media-amazon.com/images/I/714IbXR4HuL._AC_UY218_.jpg"
"R1EGJVPICHW404","Reviewed in the United States on October 18, 2021",5,"Great Product and Fair Price!","Since YouTube is one of my primary occupations, I finally decided to take the plunge and buy the Xbox Series X.Of course, they’re still sold out all over the place, so I knew I’d have to pay a little more on Amazon in order to get one.Fortunately, the seller’s price is what I would consider to be a fair deal.Yes, it was still a $350 mark up, but I’ve seen others charge more than double the retail value.Console arrived earlier than expected, and so far, it works perfectly with no issues.Five stars!",true,1,6,"16","B08H75RTZ8","Xbox Series X",false,0,"USD",0,0,0,10337,4.9,"https://www.amazon.com/dp/B08H75RTZ8","50651.30",false,false,false,false,"Xbox Series X","https://m.media-amazon.com/images/I/714IbXR4HuL._AC_UY218_.jpg"
"RKZ3BEPWRPO90","Reviewed in the United States on October 17, 2021",5,"Worth it , legit , as described,LOVE IT!","I bought the Xbox Series X for Father's day for my husband.And he loves it , I was worried when first purchasing it because I saw some people had issues with the product.When I first recieved the x box Series x I opened it to make sure it was all there and it looked good and it did , which I was happy with. A couple of weeks later my husband opened it for Father's day and was excited to recieve it. We set it up and cut the xbox on , after connecting it to our t.v. , and it worked.It functioned just fine . I bought it in June and it's now October and it still works perfectly fine,I have had no issues with it . And it gets played on a daily , at least a few hours each day. I am very happy with this purchase and it was exactly as described.",true,1,6,"16","B08H75RTZ8","Xbox Series X",false,0,"USD",0,0,0,10337,4.9,"https://www.amazon.com/dp/B08H75RTZ8","50651.30",false,false,false,false,"Xbox Series X","https://m.media-amazon.com/images/I/714IbXR4HuL._AC_UY218_.jpg"
"R2MFPM7TA3XKRS","Reviewed in the United States on October 17, 2021",1,"Bad","Keeps randomly turning off",true,1,6,"16","B08H75RTZ8","Xbox Series X",false,0,"USD",0,0,0,10337,4.9,"https://www.amazon.com/dp/B08H75RTZ8","50651.30",false,false,false,false,"Xbox Series X","https://m.media-amazon.com/images/I/714IbXR4HuL._AC_UY218_.jpg"
"R1D5MASKPQWUB2","Reviewed in the United States on October 22, 2021",1,"Get what you pay for","This item is trash. Purchased it for my son back in August and about 2 months later, it stopped working. Also, one of the battery packs it came with didn't fit my remote. Find something else!",true,1,7,"17","B08VN2LB3B","Xbox Series X",false,0,"USD",0,0,0,836,4.4,"https://www.amazon.com/dp/B08VN2LB3B","3678.40",false,false,false,false,"Vertical Cooling Stand Compatible with Xbox Series X, YUANHOT Charging Station Dock with 1400mAh Rechargeable Battery Pack...","https://m.media-amazon.com/images/I/711t6Nu-s1L._AC_UY218_.jpg"
"RU62K7BS8KADN","Reviewed in the United States on October 21, 2021",3,"Ok not great","It's a nice stand fan works good battery packs work good chargers for the packs stop after one day but over all nice stand",true,1,7,"17","B08VN2LB3B","Xbox Series X",false,0,"USD",0,0,0,836,4.4,"https://www.amazon.com/dp/B08VN2LB3B","3678.40",false,false,false,false,"Vertical Cooling Stand Compatible with Xbox Series X, YUANHOT Charging Station Dock with 1400mAh Rechargeable Battery Pack...","https://m.media-amazon.com/images/I/711t6Nu-s1L._AC_UY218_.jpg"
"RS6B6BO6IWXC","Reviewed in the United States on October 21, 2021",1,"Ruined my controllers","The concept is great, the actual product is not. The batteries have to be manipulated to fit into the controller, the charging dock uses what looks like a usb type C to dock the charger. Once getting the batteries charged and into the controller, I used it for about 1 hr and that’s when my controller stopped working….same happened to the other controller I have. I was getting no response at all from the controller. I was upset that this thing bricked my controllers. Buyer beware…I should have read the reviews before buying. Now I am out 120 dollars because I had to buy new controllers. One more thing, this product does not cool the Xbox at all.",true,1,7,"17","B08VN2LB3B","Xbox Series X",false,0,"USD",0,0,0,836,4.4,"https://www.amazon.com/dp/B08VN2LB3B","3678.40",false,false,false,false,"Vertical Cooling Stand Compatible with Xbox Series X, YUANHOT Charging Station Dock with 1400mAh Rechargeable Battery Pack...","https://m.media-amazon.com/images/I/711t6Nu-s1L._AC_UY218_.jpg"
"R2HS608HKVMSED","Reviewed in the United States on October 20, 2021",5,"Works perfect!","Works great! Keeps my xbox running much cooler,charging system works great. No more batteries! Headset stand is a plus. I would recommend this to anyone.",true,1,7,"17","B08VN2LB3B","Xbox Series X",false,0,"USD",0,0,0,836,4.4,"https://www.amazon.com/dp/B08VN2LB3B","3678.40",false,false,false,false,"Vertical Cooling Stand Compatible with Xbox Series X, YUANHOT Charging Station Dock with 1400mAh Rechargeable Battery Pack...","https://m.media-amazon.com/images/I/711t6Nu-s1L._AC_UY218_.jpg"
"R2X1UHFSYHC97M","Reviewed in the United States on October 19, 2021",2,"Battery broke after 4 months","Battery broke after less than 4 months. Not durable.Unable to contact seller.Cooling base seems to be working fine, but I question it's longevity.",true,1,7,"17","B08VN2LB3B","Xbox Series X",false,0,"USD",0,0,0,836,4.4,"https://www.amazon.com/dp/B08VN2LB3B","3678.40",false,false,false,false,"Vertical Cooling Stand Compatible with Xbox Series X, YUANHOT Charging Station Dock with 1400mAh Rechargeable Battery Pack...","https://m.media-amazon.com/images/I/711t6Nu-s1L._AC_UY218_.jpg"
"R2FLTLGQPRKMRN","Reviewed in the United States on October 19, 2021",5,"Best product for Xbox right mow","I love this product. It really keeps my Xbox series x nice and cool. Worth every penny.",true,1,7,"17","B08VN2LB3B","Xbox Series X",false,0,"USD",0,0,0,836,4.4,"https://www.amazon.com/dp/B08VN2LB3B","3678.40",false,false,false,false,"Vertical Cooling Stand Compatible with Xbox Series X, YUANHOT Charging Station Dock with 1400mAh Rechargeable Battery Pack...","https://m.media-amazon.com/images/I/711t6Nu-s1L._AC_UY218_.jpg"
"R308Q9DJ01U2IJ","Reviewed in the United States on October 18, 2021",1,"Does not work as advertised","The docking station blocks the vents in the console generating more heat. The stand for the headset goes into the fan adding tension tot he sub port in the Xbox. My Xbox actually runs better without the docking station. It doesn’t even heat up. I would not recommend this to anyone. I had the dock for the Series S and that one worked a lot better.",true,1,7,"17","B08VN2LB3B","Xbox Series X",false,0,"USD",0,0,0,836,4.4,"https://www.amazon.com/dp/B08VN2LB3B","3678.40",false,false,false,false,"Vertical Cooling Stand Compatible with Xbox Series X, YUANHOT Charging Station Dock with 1400mAh Rechargeable Battery Pack...","https://m.media-amazon.com/images/I/711t6Nu-s1L._AC_UY218_.jpg"
"R1BZ7UZ5RA7R3R","Reviewed in the United States on October 17, 2021",5,"Best $40 spent in a long time","This is the best $40 I’ve spent in a long time. It holds 10 games, has 2 rechargeable batteries, headset stand, and an additional fan for extra cooling. Very good for organizing and overall very sturdy. Don’t have to worry about it breaking because the base is metal.",true,1,7,"17","B08VN2LB3B","Xbox Series X",false,0,"USD",0,0,0,836,4.4,"https://www.amazon.com/dp/B08VN2LB3B","3678.40",false,false,false,false,"Vertical Cooling Stand Compatible with Xbox Series X, YUANHOT Charging Station Dock with 1400mAh Rechargeable Battery Pack...","https://m.media-amazon.com/images/I/711t6Nu-s1L._AC_UY218_.jpg"
"R3VHDME5VYQD5X","Reviewed in the United States on October 14, 2021",5,"Functional at a fraction","Super easy to put together. The headset stand could be a bit further back, and the game case slots are wholly unused. Everything else is great. The charging part works very well too",true,1,7,"17","B08VN2LB3B","Xbox Series X",false,0,"USD",0,0,0,836,4.4,"https://www.amazon.com/dp/B08VN2LB3B","3678.40",false,false,false,false,"Vertical Cooling Stand Compatible with Xbox Series X, YUANHOT Charging Station Dock with 1400mAh Rechargeable Battery Pack...","https://m.media-amazon.com/images/I/711t6Nu-s1L._AC_UY218_.jpg"
"R1Q5MPHYQQVC8U","Reviewed in the United States on October 13, 2021",2,"Best look elsewhere :(","There are few things lacking in this product. 1) the power supply kit linking the xbox to the base plate is not sturdy and all. Somewhat flimsy and if not careful, it will easily detach from the base usb port. 2) Battery packs are a headache. I had one of them melt the backside of battery pack, no longer working and could be a hazard. Both of them also lost the charging port inside of the battery pack. I believe these get very hot during charging and therefore, unglue themselves to where the charging port simply disconnect from the hole. I did take these apart and noticed the tiny screws and glue had become detached and no longer charge. This was after about 3 months of use.",true,1,7,"17","B08VN2LB3B","Xbox Series X",false,0,"USD",0,0,0,836,4.4,"https://www.amazon.com/dp/B08VN2LB3B","3678.40",false,false,false,false,"Vertical Cooling Stand Compatible with Xbox Series X, YUANHOT Charging Station Dock with 1400mAh Rechargeable Battery Pack...","https://m.media-amazon.com/images/I/711t6Nu-s1L._AC_UY218_.jpg"
"R41C9393S11WY","Reviewed in the United States on October 15, 2021",5,"Awesome :)","the item arrived, :) finally I got my Xbox Series X And Loving It :)",true,1,10,"110","B08TVX3DVN","Xbox Series X",true,848.29,"USD",999,150.71,15.09,53,4.4,"https://www.amazon.com/dp/B08TVX3DVN","233.20",false,false,false,false,"Xbox Series X","https://m.media-amazon.com/images/I/61dyk9Zmg6L._AC_UY218_.jpg"
"RE0A77GCIOYWM","Reviewed in the United States on October 12, 2021",5,"Band new Xbox series x","Arrived early in great condition 👍🏾",true,1,10,"110","B08TVX3DVN","Xbox Series X",true,848.29,"USD",999,150.71,15.09,53,4.4,"https://www.amazon.com/dp/B08TVX3DVN","233.20",false,false,false,false,"Xbox Series X","https://m.media-amazon.com/images/I/61dyk9Zmg6L._AC_UY218_.jpg"
"R2H3T729UX0GKU","Reviewed in the United States on July 31, 2021",5,"lagit product and came Undamaged","I think it’s awsome big upgrade cameundamaged 2 days earlier it whas a good experience and now I have a next gen console if you want one and don’t want to wait 2 more years for retail get it it’s worth it",true,1,10,"110","B08TVX3DVN","Xbox Series X",true,848.29,"USD",999,150.71,15.09,53,4.4,"https://www.amazon.com/dp/B08TVX3DVN","233.20",false,false,false,false,"Xbox Series X","https://m.media-amazon.com/images/I/61dyk9Zmg6L._AC_UY218_.jpg"
"R7C6KQJ9D25U5","Reviewed in the United States on July 29, 2021",5,"Series x is amazing but the seller is trash.","The series x itself is a wonderful console but charging nearly double the retail price is blatant price gouging and I cant believe Amazon allows it.",true,1,10,"110","B08TVX3DVN","Xbox Series X",true,848.29,"USD",999,150.71,15.09,53,4.4,"https://www.amazon.com/dp/B08TVX3DVN","233.20",false,false,false,false,"Xbox Series X","https://m.media-amazon.com/images/I/61dyk9Zmg6L._AC_UY218_.jpg"
"R1T8V0LWLOVQRW","Reviewed in the United States on March 6, 2021",5,"Everything loads faster.","I like the small footprint. Purchased for gaming.",true,1,10,"110","B08TVX3DVN","Xbox Series X",true,848.29,"USD",999,150.71,15.09,53,4.4,"https://www.amazon.com/dp/B08TVX3DVN","233.20",false,false,false,false,"Xbox Series X","https://m.media-amazon.com/images/I/61dyk9Zmg6L._AC_UY218_.jpg"
"R2CSBE6ZTVVPFQ","Reviewed in the United States on October 20, 2021",5,"Great Headset","Razer does not disappoint. Great wireless headset!",true,1,11,"111","B08LRV49W8","Xbox Series X",true,99.99,"USD",149.99,50,33.34,1426,4.2,"https://www.amazon.com/dp/B08LRV49W8","5989.20",false,false,false,false,"Razer Kaira Pro Wireless Gaming Headset for Xbox Series X | S: TriForce Titanium 50mm Drivers - Supercardioid Mic - Dedica...","https://m.media-amazon.com/images/I/71GMpl+sfqL._AC_UY218_.jpg"
"R1DERD7V6JZAU5","Reviewed in the United States on October 18, 2021",2,"Disappointed, already broken","I've had then for a over a year at this point. I like them, at first I was just whelmed, not under or over, but this was my first foray into wireless and I don't think I can go back now that I've cut the cord.My problem with then is the joint where the headphones meet the support is made of plastic that is unjustifiably thin. Guess what, they broke there on one side and I just checked the other side and there are cracks as well. I'm going to try to get a replacement under warranty, but I'm just kinda disappointed that a headset that cost me $160 was made so poorly. Thicker plastic, a little metal, either would be fine to make a product that could actually stand up to, idk, putting on and taking off of your head.",true,1,11,"111","B08LRV49W8","Xbox Series X",true,99.99,"USD",149.99,50,33.34,1426,4.2,"https://www.amazon.com/dp/B08LRV49W8","5989.20",false,false,false,false,"Razer Kaira Pro Wireless Gaming Headset for Xbox Series X | S: TriForce Titanium 50mm Drivers - Supercardioid Mic - Dedica...","https://m.media-amazon.com/images/I/71GMpl+sfqL._AC_UY218_.jpg"
"RG91RFGG6N5SK","Reviewed in the United States on October 13, 2021",1,"Cannot get it to work.Total waste of money!","Will not connect with Xbox.Instructions require a software update that cannot be done except by hooking it up to a computer.I don't have a computer.How about updating your software before shipping it out?Completely unhappy with this garbage product!",true,1,11,"111","B08LRV49W8","Xbox Series X",true,99.99,"USD",149.99,50,33.34,1426,4.2,"https://www.amazon.com/dp/B08LRV49W8","5989.20",false,false,false,false,"Razer Kaira Pro Wireless Gaming Headset for Xbox Series X | S: TriForce Titanium 50mm Drivers - Supercardioid Mic - Dedica...","https://m.media-amazon.com/images/I/71GMpl+sfqL._AC_UY218_.jpg"
"RKSBU8MISLKXU","Reviewed in the United States on October 12, 2021",1,"Ehhh","So it disconnects randomly and the mute button works when it wants to work . Also the sound quality is so so a lot of cracking and distortion but it’s a budget wireless headset I guess !",true,1,11,"111","B08LRV49W8","Xbox Series X",true,99.99,"USD",149.99,50,33.34,1426,4.2,"https://www.amazon.com/dp/B08LRV49W8","5989.20",false,false,false,false,"Razer Kaira Pro Wireless Gaming Headset for Xbox Series X | S: TriForce Titanium 50mm Drivers - Supercardioid Mic - Dedica...","https://m.media-amazon.com/images/I/71GMpl+sfqL._AC_UY218_.jpg"
"R17CM0Y1OU7ETO","Reviewed in the United States on October 11, 2021",2,"Great build quality, poor connection quality causes audio issues","The Headset looks great and sounds great when its not distorted and garbled. It's fine for an hour or so then it will randomly start distorting the audio and will persist till you power the headset off and back on. Razer claims this is a known issue with the new Xbox Series X but it falls short of what MS actually has to say about the issue. The only known issue for the integrated wireless xbox headsets is the audio cut out that requires you to wiggle the thumb sticks. While this headset does not suffer from this issue, I find Razers claims to be FALSE or missleading. I returned the first one and the replacement was even worse with this issue. If you are okay with powering the headset off every couple of hours then this may be the headset for you but I personally would have to recommend to pass on this one till Razer get this issue fixed.",true,1,11,"111","B08LRV49W8","Xbox Series X",true,99.99,"USD",149.99,50,33.34,1426,4.2,"https://www.amazon.com/dp/B08LRV49W8","5989.20",false,false,false,false,"Razer Kaira Pro Wireless Gaming Headset for Xbox Series X | S: TriForce Titanium 50mm Drivers - Supercardioid Mic - Dedica...","https://m.media-amazon.com/images/I/71GMpl+sfqL._AC_UY218_.jpg"
"R22VCP9SCB264A","Reviewed in the United States on October 10, 2021",2,"Sound is Good, but....","The headset is wonderful, the sound is great, the rgb is a nice touch, but the one thing I disliked the most was the microphone. I swear you can hear things happening from two rooms away with this microphone. If the microphone wasn't complete trash I would probably have kept it.",true,1,11,"111","B08LRV49W8","Xbox Series X",true,99.99,"USD",149.99,50,33.34,1426,4.2,"https://www.amazon.com/dp/B08LRV49W8","5989.20",false,false,false,false,"Razer Kaira Pro Wireless Gaming Headset for Xbox Series X | S: TriForce Titanium 50mm Drivers - Supercardioid Mic - Dedica...","https://m.media-amazon.com/images/I/71GMpl+sfqL._AC_UY218_.jpg"
"RPOHSBR61SSBM","Reviewed in the United States on October 8, 2021",1,"Trash","Mute switch does nothing, mic pics up everything and makes voice sound terrible no matter what settings you adjust.. can't return now since I threw the box away",true,1,11,"111","B08LRV49W8","Xbox Series X",true,99.99,"USD",149.99,50,33.34,1426,4.2,"https://www.amazon.com/dp/B08LRV49W8","5989.20",false,false,false,false,"Razer Kaira Pro Wireless Gaming Headset for Xbox Series X | S: TriForce Titanium 50mm Drivers - Supercardioid Mic - Dedica...","https://m.media-amazon.com/images/I/71GMpl+sfqL._AC_UY218_.jpg"
"R2YF289A4OKRS9","Reviewed in the United States on October 7, 2021",4,"Good headset","Mute button doesn’t work sometimes but other than that it’s a great headset. I can connect it to my Xbox and phone at the same time.",true,1,11,"111","B08LRV49W8","Xbox Series X",true,99.99,"USD",149.99,50,33.34,1426,4.2,"https://www.amazon.com/dp/B08LRV49W8","5989.20",false,false,false,false,"Razer Kaira Pro Wireless Gaming Headset for Xbox Series X | S: TriForce Titanium 50mm Drivers - Supercardioid Mic - Dedica...","https://m.media-amazon.com/images/I/71GMpl+sfqL._AC_UY218_.jpg"
"R33I5CY8E6Q5PU","Reviewed in the United States on October 2, 2021",5,"These are worth every penny","Wow, listening to YouTube music while I’m gaming through headphones!!?? Noise deadening of the muffs is stellar, they’re very comfortable so far and the sound quality is beautiful. I regret nothing. Should’ve bought these first instead of cheapingout and going lower quality and wired.",true,1,11,"111","B08LRV49W8","Xbox Series X",true,99.99,"USD",149.99,50,33.34,1426,4.2,"https://www.amazon.com/dp/B08LRV49W8","5989.20",false,false,false,false,"Razer Kaira Pro Wireless Gaming Headset for Xbox Series X | S: TriForce Titanium 50mm Drivers - Supercardioid Mic - Dedica...","https://m.media-amazon.com/images/I/71GMpl+sfqL._AC_UY218_.jpg"
"R2ENBKMVMKRHRH","Reviewed in the United States on October 2, 2021",3,"Decent sound, poor quality","The audio quality is decent up until about 75% max volume. Even with the most recent update, audio dropout and crackling would happen above the above mentioned threshold. The quality, on the other hand, is terrible. I’d expect the flimsy quality from a $50 pair of headphones, but these….no thanks. Do yourself a favor and spend the extra for the A50s",true,1,11,"111","B08LRV49W8","Xbox Series X",true,99.99,"USD",149.99,50,33.34,1426,4.2,"https://www.amazon.com/dp/B08LRV49W8","5989.20",false,false,false,false,"Razer Kaira Pro Wireless Gaming Headset for Xbox Series X | S: TriForce Titanium 50mm Drivers - Supercardioid Mic - Dedica...","https://m.media-amazon.com/images/I/71GMpl+sfqL._AC_UY218_.jpg"
"R1DCLIUGEUC30Q","Reviewed in the United States on October 22, 2021",5,"Great battery replacement","Easy to install.Provided battery doors fit perfectly.No complaints.",true,1,12,"112","B08N6LXHHQ","Xbox Series X",false,0,"USD",0,0,0,1922,4.6,"https://www.amazon.com/dp/B08N6LXHHQ","8841.20",false,false,true,false,"2 Pack Rechargeable Controller Battery Pack for Xbox One/Xbox Series X S with 4 Battery Cover Play and Charge Kit with Mic...","https://m.media-amazon.com/images/I/71f+6nKRs1L._AC_UY218_.jpg"
"R18VVNO5AU7M0U","Reviewed in the United States on October 21, 2021",1,"Absolute garbage. Does not hold a charge","This comes with 2 batteries and neither will hold a charge. They are basically brand new",true,1,12,"112","B08N6LXHHQ","Xbox Series X",false,0,"USD",0,0,0,1922,4.6,"https://www.amazon.com/dp/B08N6LXHHQ","8841.20",false,false,true,false,"2 Pack Rechargeable Controller Battery Pack for Xbox One/Xbox Series X S with 4 Battery Cover Play and Charge Kit with Mic...","https://m.media-amazon.com/images/I/71f+6nKRs1L._AC_UY218_.jpg"
"RL9UB3SPXBVMV","Reviewed in the United States on October 20, 2021",5,"Works as described!","Fit my Xbox One controllers perfectly!",true,1,12,"112","B08N6LXHHQ","Xbox Series X",false,0,"USD",0,0,0,1922,4.6,"https://www.amazon.com/dp/B08N6LXHHQ","8841.20",false,false,true,false,"2 Pack Rechargeable Controller Battery Pack for Xbox One/Xbox Series X S with 4 Battery Cover Play and Charge Kit with Mic...","https://m.media-amazon.com/images/I/71f+6nKRs1L._AC_UY218_.jpg"
"RTVABR6WQX3EM","Reviewed in the United States on October 20, 2021",5,"Works great","I like that it has a charge light to see when they are fully chargers in the controller",true,1,12,"112","B08N6LXHHQ","Xbox Series X",false,0,"USD",0,0,0,1922,4.6,"https://www.amazon.com/dp/B08N6LXHHQ","8841.20",false,false,true,false,"2 Pack Rechargeable Controller Battery Pack for Xbox One/Xbox Series X S with 4 Battery Cover Play and Charge Kit with Mic...","https://m.media-amazon.com/images/I/71f+6nKRs1L._AC_UY218_.jpg"
"R323JLZZQPWB87","Reviewed in the United States on October 17, 2021",3,"Okay product","Nice to have two battery packs that can be interchanged. The charge does not last that long. As well, the covers do not fit for newer Xbox Series X/S controllers.",true,1,12,"112","B08N6LXHHQ","Xbox Series X",false,0,"USD",0,0,0,1922,4.6,"https://www.amazon.com/dp/B08N6LXHHQ","8841.20",false,false,true,false,"2 Pack Rechargeable Controller Battery Pack for Xbox One/Xbox Series X S with 4 Battery Cover Play and Charge Kit with Mic...","https://m.media-amazon.com/images/I/71f+6nKRs1L._AC_UY218_.jpg"
"R24Z6SF4YZ2PB0","Reviewed in the United States on October 15, 2021",5,"Easy and priced well","I haven’t really had them too long to test out their battery life but so far so good, and it was super easy to install. Came with 4 back pieces and 2 batteries which is great because it’s for my son and I’m sure those back pieces will end up “lost”.",true,1,12,"112","B08N6LXHHQ","Xbox Series X",false,0,"USD",0,0,0,1922,4.6,"https://www.amazon.com/dp/B08N6LXHHQ","8841.20",false,false,true,false,"2 Pack Rechargeable Controller Battery Pack for Xbox One/Xbox Series X S with 4 Battery Cover Play and Charge Kit with Mic...","https://m.media-amazon.com/images/I/71f+6nKRs1L._AC_UY218_.jpg"
"R38KNXCBD2IAOI","Reviewed in the United States on October 15, 2021",5,"Great","Works great for my Xbox controller. Always a charge for my gaming needs.",true,1,12,"112","B08N6LXHHQ","Xbox Series X",false,0,"USD",0,0,0,1922,4.6,"https://www.amazon.com/dp/B08N6LXHHQ","8841.20",false,false,true,false,"2 Pack Rechargeable Controller Battery Pack for Xbox One/Xbox Series X S with 4 Battery Cover Play and Charge Kit with Mic...","https://m.media-amazon.com/images/I/71f+6nKRs1L._AC_UY218_.jpg"
"R1QHHOKJUV4DAC","Reviewed in the United States on October 14, 2021",5,"Work great","They work exactly as advertised",true,1,12,"112","B08N6LXHHQ","Xbox Series X",false,0,"USD",0,0,0,1922,4.6,"https://www.amazon.com/dp/B08N6LXHHQ","8841.20",false,false,true,false,"2 Pack Rechargeable Controller Battery Pack for Xbox One/Xbox Series X S with 4 Battery Cover Play and Charge Kit with Mic...","https://m.media-amazon.com/images/I/71f+6nKRs1L._AC_UY218_.jpg"
"R3KZV4O5XX574X","Reviewed in the United States on October 13, 2021",4,"works fine","ugly, but usable",true,1,12,"112","B08N6LXHHQ","Xbox Series X",false,0,"USD",0,0,0,1922,4.6,"https://www.amazon.com/dp/B08N6LXHHQ","8841.20",false,false,true,false,"2 Pack Rechargeable Controller Battery Pack for Xbox One/Xbox Series X S with 4 Battery Cover Play and Charge Kit with Mic...","https://m.media-amazon.com/images/I/71f+6nKRs1L._AC_UY218_.jpg"
"R1PYUJHZPLIMMG","Reviewed in the United States on October 12, 2021",5,"Great buy","Great product nothing bad and it's excellent, everything I needed and wanted",true,1,12,"112","B08N6LXHHQ","Xbox Series X",false,0,"USD",0,0,0,1922,4.6,"https://www.amazon.com/dp/B08N6LXHHQ","8841.20",false,false,true,false,"2 Pack Rechargeable Controller Battery Pack for Xbox One/Xbox Series X S with 4 Battery Cover Play and Charge Kit with Mic...","https://m.media-amazon.com/images/I/71f+6nKRs1L._AC_UY218_.jpg"
"R176O9SD6BSCVO","Reviewed in the United States on October 17, 2021",5,"Best headset I’ve ever owned.","I have owned 25 different headsets that range in price from 19.99 to 299.99. The Astro A50 4th Gen is hands down the best. I own 3 pair myself and I have bought 4 pair for kids, friends and family. It’s a must have headset.",true,1,13,"113","B07R6PCJYX","Xbox Series X",false,0,"USD",0,0,0,3039,4.4,"https://www.amazon.com/dp/B07R6PCJYX","13371.60",false,false,false,false,"ASTRO Gaming A50 Wireless Headset + Base Station Gen 4 - Compatible with Xbox Series X|S, Xbox One, PC, Mac - Black/Gold","https://m.media-amazon.com/images/I/71Pfow1d1-L._AC_UY218_.jpg"
"R113A7OLICAY9P","Reviewed in the United States on October 17, 2021",3,"Great headphones, pieces snap off constantly","Great headphones, sound great, look great, the charge duration and the charging port are really nice. However, there is a separate piece that hold the cushion for the top of the head, and it doesn't stay in place. It constantly pops out even while I'm hardly moving at my desk. Super annoying when I'm trying to do something and my headphones interrupt me every 30 seconds. Good headphones, but pissed I spent $300 on something I have to superglue to fix.",true,1,13,"113","B07R6PCJYX","Xbox Series X",false,0,"USD",0,0,0,3039,4.4,"https://www.amazon.com/dp/B07R6PCJYX","13371.60",false,false,false,false,"ASTRO Gaming A50 Wireless Headset + Base Station Gen 4 - Compatible with Xbox Series X|S, Xbox One, PC, Mac - Black/Gold","https://m.media-amazon.com/images/I/71Pfow1d1-L._AC_UY218_.jpg"
"R2IASO9NDLI34P","Reviewed in the United States on October 12, 2021",3,"Not worth the money sadly","The headset it self is nice clean look to it can’t even feel them when they are on but the sound is horrible rite out the box I can’t even hear footsteps u have to have a od to be able to edit the eq u can download an app on the Xbox in the end not worth the hassle",true,1,13,"113","B07R6PCJYX","Xbox Series X",false,0,"USD",0,0,0,3039,4.4,"https://www.amazon.com/dp/B07R6PCJYX","13371.60",false,false,false,false,"ASTRO Gaming A50 Wireless Headset + Base Station Gen 4 - Compatible with Xbox Series X|S, Xbox One, PC, Mac - Black/Gold","https://m.media-amazon.com/images/I/71Pfow1d1-L._AC_UY218_.jpg"
"R2SG7N2XGJHX1R","Reviewed in the United States on October 12, 2021",5,"this was a great upgrade from my old turtle beach ones","thank u astro and amazon for the the great price and product,its my first pair and it has blown me away great all around!",true,1,13,"113","B07R6PCJYX","Xbox Series X",false,0,"USD",0,0,0,3039,4.4,"https://www.amazon.com/dp/B07R6PCJYX","13371.60",false,false,false,false,"ASTRO Gaming A50 Wireless Headset + Base Station Gen 4 - Compatible with Xbox Series X|S, Xbox One, PC, Mac - Black/Gold","https://m.media-amazon.com/images/I/71Pfow1d1-L._AC_UY218_.jpg"
"R2OYWQ6J3H4PRX","Reviewed in the United States on October 11, 2021",2,"Sound was not up to par!","Good looking product and fits well. The sound was not what expected or up to par for what I paid for. I was expecting a lot more true sound but it was lacking big time for 300 dollars.",true,1,13,"113","B07R6PCJYX","Xbox Series X",false,0,"USD",0,0,0,3039,4.4,"https://www.amazon.com/dp/B07R6PCJYX","13371.60",false,false,false,false,"ASTRO Gaming A50 Wireless Headset + Base Station Gen 4 - Compatible with Xbox Series X|S, Xbox One, PC, Mac - Black/Gold","https://m.media-amazon.com/images/I/71Pfow1d1-L._AC_UY218_.jpg"
"R60SHCRPNT4W4","Reviewed in the United States on October 8, 2021",1,"Worked for 2 day. Then stopped working entirely.","Worked for 2 day. Then stopped working entirely. I want to like them but they just don't work. Software is disappointing. The company really needs to fix their product.",true,1,13,"113","B07R6PCJYX","Xbox Series X",false,0,"USD",0,0,0,3039,4.4,"https://www.amazon.com/dp/B07R6PCJYX","13371.60",false,false,false,false,"ASTRO Gaming A50 Wireless Headset + Base Station Gen 4 - Compatible with Xbox Series X|S, Xbox One, PC, Mac - Black/Gold","https://m.media-amazon.com/images/I/71Pfow1d1-L._AC_UY218_.jpg"
"R31X8I7K3N9QBG","Reviewed in the United States on October 6, 2021",2,"Poor sound quality","I purchased this headset to replace a 5ish year-old Astro A40 that I really enjoyed. Compared to the A40, this headset is a serious regression in sound quality. I've tried changing settings, and downloading popular EQ settings, but the sound quality is just poor. I regret this purchase.",true,1,13,"113","B07R6PCJYX","Xbox Series X",false,0,"USD",0,0,0,3039,4.4,"https://www.amazon.com/dp/B07R6PCJYX","13371.60",false,false,false,false,"ASTRO Gaming A50 Wireless Headset + Base Station Gen 4 - Compatible with Xbox Series X|S, Xbox One, PC, Mac - Black/Gold","https://m.media-amazon.com/images/I/71Pfow1d1-L._AC_UY218_.jpg"
"R1D6HPII31MRIO","Reviewed in the United States on October 5, 2021",2,"Not so great","Not nearly as good as the Gen 3s they just have some software issues that the last model didn’t have. Look great feel comfortable. Just a few inconveniences that the last model didn’t have.",true,1,13,"113","B07R6PCJYX","Xbox Series X",false,0,"USD",0,0,0,3039,4.4,"https://www.amazon.com/dp/B07R6PCJYX","13371.60",false,false,false,false,"ASTRO Gaming A50 Wireless Headset + Base Station Gen 4 - Compatible with Xbox Series X|S, Xbox One, PC, Mac - Black/Gold","https://m.media-amazon.com/images/I/71Pfow1d1-L._AC_UY218_.jpg"
"R3EKQ0HWLCNSE4","Reviewed in the United States on October 4, 2021",4,"Great headset, insane battery life, but there's some hoops to jump through...","Ok, decided to invest in a legit headset to game on my Xbox Series S with.Ordered a ""used"" one from a third party seller on Amazon saving myself about $100 by doing so.I get my unit, and despite Amazon saying this was indeed for Series S/X, it did not initially work.I had to hook the base station up to my computer and update the firmware on it first, download a Dolby app on my Series S, and then it would let me set it up as my headset.Quite a bit of steps to jump through, and not a single bit of documentation to walk you through it.So getting set up was a much bigger pain than it should have been.But now that it's set up?It's a beast.The headset sounds amazing.The battery life made it through almost 21 hours of a buddy's 24 hour stream that we were doing.It's very comfortable also.If you are buying this for your Series S/X, and don't mind doing some google searching to get set up, it's an amazing headset.If you are not inclined or do not have a home computer, you might want to give this a pass.",true,1,13,"113","B07R6PCJYX","Xbox Series X",false,0,"USD",0,0,0,3039,4.4,"https://www.amazon.com/dp/B07R6PCJYX","13371.60",false,false,false,false,"ASTRO Gaming A50 Wireless Headset + Base Station Gen 4 - Compatible with Xbox Series X|S, Xbox One, PC, Mac - Black/Gold","https://m.media-amazon.com/images/I/71Pfow1d1-L._AC_UY218_.jpg"
"R1KQNKIDHSW5RO","Reviewed in the United States on October 3, 2021",1,"Died after 5 months of average to low use","This headset died after 5 months of use.Prior to completely dying, it was fairly consistently having issues the whole time.More often then not the Xbox wasn't seeing the microphone.After unplugging and plugging back in the charging base the Xbox would then recognize the microphone.The current problem is related to charging, and holding a charge.The headset will no longer charge on the base.Not sure if it is the headset or the base that is the issue.I have been fighting the charging issue as well periodically during the 5 months of use.Either way this is a very expensive headset and hasn't lived up to the price tag. When it did work it sounded good, but I don't believe it sounded any better then the Turtle Beach headset that I had prior to this.I would recommend you purchase a different product.",true,1,13,"113","B07R6PCJYX","Xbox Series X",false,0,"USD",0,0,0,3039,4.4,"https://www.amazon.com/dp/B07R6PCJYX","13371.60",false,false,false,false,"ASTRO Gaming A50 Wireless Headset + Base Station Gen 4 - Compatible with Xbox Series X|S, Xbox One, PC, Mac - Black/Gold","https://m.media-amazon.com/images/I/71Pfow1d1-L._AC_UY218_.jpg"
"cr-translate-69260222",,,"","",false,1,14,"114","B097VYRPQW","Xbox Series X",false,59.99,"USD",0,0,0,10,4.1,"https://www.amazon.com/dp/B097VYRPQW","41.00",false,false,false,false,"Sponsored Ad - Demon Slayer: The Hinokami Chronicles - Xbox Series X","https://m.media-amazon.com/images/I/81wSYaUuhaL._AC_UY218_.jpg"
"R296BX930HRR23","Reviewed in the United States on October 21, 2021",5,"Great game","It's a pretty good game. Easy controls, beautiful anime graphics, It's fun.",true,1,14,"114","B097VYRPQW","Xbox Series X",false,59.99,"USD",0,0,0,10,4.1,"https://www.amazon.com/dp/B097VYRPQW","41.00",false,false,false,false,"Sponsored Ad - Demon Slayer: The Hinokami Chronicles - Xbox Series X","https://m.media-amazon.com/images/I/81wSYaUuhaL._AC_UY218_.jpg"
"RYON0E5T2BC9A","Reviewed in Japan on October 18, 2021",,"操作性は良いですよ","ゲームディスクとダウンロードコードが入ってますよ説明書はないですゲーム自体は全て日本語対応です、アケコンでプレイしてますアケコンと相性良いです",true,1,14,"114","B097VYRPQW","Xbox Series X",false,59.99,"USD",0,0,0,10,4.1,"https://www.amazon.com/dp/B097VYRPQW","41.00",false,false,false,false,"Sponsored Ad - Demon Slayer: The Hinokami Chronicles - Xbox Series X","https://m.media-amazon.com/images/I/81wSYaUuhaL._AC_UY218_.jpg"
"R15J6D0VPCC5H","Reviewed in Japan on October 17, 2021",,"国内版と一緒です","Xbox one は国内版はDL販売のみですのでパッケージ版が欲しい方は北米版をどうぞ日本語吹替、字幕有りますDLCが付属してましたが日本サーバーは弾かれますので、北米サーバーで入力しましょう認識されましたら、日本サーバーに戻しても反映されます今後発売予定のDLCやアプデは日本サーバーでも問題有りませんゲームの内容は他の方に全集中でお任せします（笑）",true,1,14,"114","B097VYRPQW","Xbox Series X",false,59.99,"USD",0,0,0,10,4.1,"https://www.amazon.com/dp/B097VYRPQW","41.00",false,false,false,false,"Sponsored Ad - Demon Slayer: The Hinokami Chronicles - Xbox Series X","https://m.media-amazon.com/images/I/81wSYaUuhaL._AC_UY218_.jpg"
"R25PG6330XWY9R","Reviewed in Mexico on October 17, 2021",,"Demon slayer!!!","Llego en la fecha esperada y bien protegido, todo bien.",true,1,14,"114","B097VYRPQW","Xbox Series X",false,59.99,"USD",0,0,0,10,4.1,"https://www.amazon.com/dp/B097VYRPQW","41.00",false,false,false,false,"Sponsored Ad - Demon Slayer: The Hinokami Chronicles - Xbox Series X","https://m.media-amazon.com/images/I/81wSYaUuhaL._AC_UY218_.jpg"
"R3UNPF28XVPWLQ","Reviewed in the United States on October 21, 2021",1,"Not working","This headset will not stay connected",true,1,15,"115","B07KYC1VL7","Xbox Series X",true,29.98,"USD",39.99,10.01,25.03,25816,4.5,"https://www.amazon.com/dp/B07KYC1VL7","116172.00",false,false,false,false,"HyperX CloudX Stinger Core - Official Licensed for Xbox, Gaming Headset with In-Line Audio Control, Immersive In-Game Audi...","https://m.media-amazon.com/images/I/619sHPohvML._AC_UY218_.jpg"
"R2EYQGA0YGDZH3","Reviewed in the United States on October 20, 2021",1,"Auto Off that can't be changed","Bought these for work annoying auto off feature that can't be turned off or disabled or changed in anyway. If you need a wireless headset for work and your call center has slow days keep moving!",true,1,15,"115","B07KYC1VL7","Xbox Series X",true,29.98,"USD",39.99,10.01,25.03,25816,4.5,"https://www.amazon.com/dp/B07KYC1VL7","116172.00",false,false,false,false,"HyperX CloudX Stinger Core - Official Licensed for Xbox, Gaming Headset with In-Line Audio Control, Immersive In-Game Audi...","https://m.media-amazon.com/images/I/619sHPohvML._AC_UY218_.jpg"
"R38LBQA6AVBFQX","Reviewed in the United States on October 20, 2021",4,"Great bang for your buck!","This is an excellent headset for the price!!! The audio is very crisp, clean and the overall sound quality is much better than what I expected. Good build quality and the fact it plugs in to your controller is such a convenience. Highly recommended!!!!!",true,1,15,"115","B07KYC1VL7","Xbox Series X",true,29.98,"USD",39.99,10.01,25.03,25816,4.5,"https://www.amazon.com/dp/B07KYC1VL7","116172.00",false,false,false,false,"HyperX CloudX Stinger Core - Official Licensed for Xbox, Gaming Headset with In-Line Audio Control, Immersive In-Game Audi...","https://m.media-amazon.com/images/I/619sHPohvML._AC_UY218_.jpg"
"R25EP6IHF6ZVGT","Reviewed in the United States on October 18, 2021",5,"My son loves it.","My son loves it great choice great value great product.",true,1,15,"115","B07KYC1VL7","Xbox Series X",true,29.98,"USD",39.99,10.01,25.03,25816,4.5,"https://www.amazon.com/dp/B07KYC1VL7","116172.00",false,false,false,false,"HyperX CloudX Stinger Core - Official Licensed for Xbox, Gaming Headset with In-Line Audio Control, Immersive In-Game Audi...","https://m.media-amazon.com/images/I/619sHPohvML._AC_UY218_.jpg"
"R2W0RX2WACZYRM","Reviewed in the United States on October 15, 2021",4,"Good enough for the price","There are a ton of very similar headsets to this one on Amazon, and this one doesn't really stand out, but it works well enough. The cushions are a little stiff, but not enough to hurt after a few hours of use. I've used them for video games and online courses without any issues. I have a pretty average sized head; I wear a size 7-1/4 fitted hat. It'd be nice if it had a detachable microphone, but for under $30 it works just fine.",true,1,15,"115","B07KYC1VL7","Xbox Series X",true,29.98,"USD",39.99,10.01,25.03,25816,4.5,"https://www.amazon.com/dp/B07KYC1VL7","116172.00",false,false,false,false,"HyperX CloudX Stinger Core - Official Licensed for Xbox, Gaming Headset with In-Line Audio Control, Immersive In-Game Audi...","https://m.media-amazon.com/images/I/619sHPohvML._AC_UY218_.jpg"
"R3AZYILBCRIKQU","Reviewed in the United States on October 15, 2021",5,"Great headset","Easy install, great sound, and very comfortable.",true,1,15,"115","B07KYC1VL7","Xbox Series X",true,29.98,"USD",39.99,10.01,25.03,25816,4.5,"https://www.amazon.com/dp/B07KYC1VL7","116172.00",false,false,false,false,"HyperX CloudX Stinger Core - Official Licensed for Xbox, Gaming Headset with In-Line Audio Control, Immersive In-Game Audi...","https://m.media-amazon.com/images/I/619sHPohvML._AC_UY218_.jpg"
"R2UUBL3IKYQWDS","Reviewed in the United States on October 13, 2021",5,"Awesome!","These headphones are awesome!I can hear EVERYTHING during gameplay.During battles no one can sneak up on you.👍🏾",true,1,15,"115","B07KYC1VL7","Xbox Series X",true,29.98,"USD",39.99,10.01,25.03,25816,4.5,"https://www.amazon.com/dp/B07KYC1VL7","116172.00",false,false,false,false,"HyperX CloudX Stinger Core - Official Licensed for Xbox, Gaming Headset with In-Line Audio Control, Immersive In-Game Audi...","https://m.media-amazon.com/images/I/619sHPohvML._AC_UY218_.jpg"
"R2Z1BGIMZITMB9","Reviewed in the United States on October 12, 2021",4,"Comfortable with good sound","Good all around headphones. Not the best, but certainly not the worst. They're comfortable for long gaming sessions, which is a must. One negative is that there is no chat volume control on the headset. But I'm happy with my purchase overall.",true,1,15,"115","B07KYC1VL7","Xbox Series X",true,29.98,"USD",39.99,10.01,25.03,25816,4.5,"https://www.amazon.com/dp/B07KYC1VL7","116172.00",false,false,false,false,"HyperX CloudX Stinger Core - Official Licensed for Xbox, Gaming Headset with In-Line Audio Control, Immersive In-Game Audi...","https://m.media-amazon.com/images/I/619sHPohvML._AC_UY218_.jpg"
"R1B5H8KDW08VM4","Reviewed in the United States on October 12, 2021",2,"Very poor connectivity with PC (HP Omen)","I was very excited for these after reading the reviews, but they struggled to connect with my PC (HP Omen). Even fully charged, manually syncing and turning off and on again, they would refuse to connect with my PCand my USBs work just fine. This was proved with a nice pair (cheaper) of Nubwo headphones that connected perfectly on try number one. I tried with these headphones for nearly two weeks and gave up, return was easy through amazon at a local Kohls. Very disappointed, when it was able to connect and stay connected the audio quality was good and the microphone worked great for calls. Super inconsistent connectivity that I (an engineer) wasn't able to derive any patterns of. Big sad.",true,1,15,"115","B07KYC1VL7","Xbox Series X",true,29.98,"USD",39.99,10.01,25.03,25816,4.5,"https://www.amazon.com/dp/B07KYC1VL7","116172.00",false,false,false,false,"HyperX CloudX Stinger Core - Official Licensed for Xbox, Gaming Headset with In-Line Audio Control, Immersive In-Game Audi...","https://m.media-amazon.com/images/I/619sHPohvML._AC_UY218_.jpg"
"R3G5KWW6RLKZS4","Reviewed in the United States on October 11, 2021",3,"They are alright","Got these for my new PS5. Set up was easy, & shipping was pain-less. The sound would not stop cutting out though. Everything from my audio to game sounds would drop intermittently. After checking connections with the USB, I decided to I test it with my PS4 & have had no issues. Might just be a compatibility issue with the new system, I'm not sure. I never made any attempts to contact the seller with my issues with the head phones as they ended up fulfilling a purpose albeit an alternative one than initially intended.",true,1,15,"115","B07KYC1VL7","Xbox Series X",true,29.98,"USD",39.99,10.01,25.03,25816,4.5,"https://www.amazon.com/dp/B07KYC1VL7","116172.00",false,false,false,false,"HyperX CloudX Stinger Core - Official Licensed for Xbox, Gaming Headset with In-Line Audio Control, Immersive In-Game Audi...","https://m.media-amazon.com/images/I/619sHPohvML._AC_UY218_.jpg"
"R25LL8N2B8PU5C","Reviewed in the United States on October 14, 2021",5,"Very happy :)","Amazing quality! Perfect condition! Very happy with my purchase. 10/10 would recommend!!!",true,1,16,"116","B074WPGYRF","Xbox Series X",false,719,"USD",0,0,0,5334,4.6,"https://www.amazon.com/dp/B074WPGYRF","24536.40",false,false,false,false,"Microsoft Xbox One X 1Tb Console With Wireless Controller: Xbox One X Enhanced, Hdr, Native 4K, Ultra Hd (Discontinued)","https://m.media-amazon.com/images/I/61ux1cU49XL._AC_UY218_.jpg"
"R9LEHL1Y3OGWX","Reviewed in the United States on October 8, 2021",5,"better then the description","box was a little damages no prpblem there console came looikng brand new very well packed i will be posting vids of my console and doing a instant 1,3,6 month update so far im very happy thankyou gamergirls better then expected flawless not a scratch nothing even seems used",true,1,16,"116","B074WPGYRF","Xbox Series X",false,719,"USD",0,0,0,5334,4.6,"https://www.amazon.com/dp/B074WPGYRF","24536.40",false,false,false,false,"Microsoft Xbox One X 1Tb Console With Wireless Controller: Xbox One X Enhanced, Hdr, Native 4K, Ultra Hd (Discontinued)","https://m.media-amazon.com/images/I/61ux1cU49XL._AC_UY218_.jpg"
"R3Q7MKPEOZITVY","Reviewed in the United States on October 5, 2021",1,"Water damage","After about 2-3 months of running fine It had stopped putting out a signal of HDMI after finding out that the warranty was void due to this Xbox being opened ! Before purchasing! I had opened it up planning to use my thermal camera to find a bad HDMI IN instead I find water damage all over the board waste of money",true,1,16,"116","B074WPGYRF","Xbox Series X",false,719,"USD",0,0,0,5334,4.6,"https://www.amazon.com/dp/B074WPGYRF","24536.40",false,false,false,false,"Microsoft Xbox One X 1Tb Console With Wireless Controller: Xbox One X Enhanced, Hdr, Native 4K, Ultra Hd (Discontinued)","https://m.media-amazon.com/images/I/61ux1cU49XL._AC_UY218_.jpg"
"R11ELU725XRGCU","Reviewed in the United States on October 5, 2021",1,"Wth","I spent 470 for an Xbox one x but I only got an Xbox one I’m not happy with this",true,1,16,"116","B074WPGYRF","Xbox Series X",false,719,"USD",0,0,0,5334,4.6,"https://www.amazon.com/dp/B074WPGYRF","24536.40",false,false,false,false,"Microsoft Xbox One X 1Tb Console With Wireless Controller: Xbox One X Enhanced, Hdr, Native 4K, Ultra Hd (Discontinued)","https://m.media-amazon.com/images/I/61ux1cU49XL._AC_UY218_.jpg"
"R2NBRWWPBCTF2R","Reviewed in the United States on September 29, 2021",5,"So far so good","Was in good shape and came with everything needed.Hopefully it lasts.Thanks",true,1,16,"116","B074WPGYRF","Xbox Series X",false,719,"USD",0,0,0,5334,4.6,"https://www.amazon.com/dp/B074WPGYRF","24536.40",false,false,false,false,"Microsoft Xbox One X 1Tb Console With Wireless Controller: Xbox One X Enhanced, Hdr, Native 4K, Ultra Hd (Discontinued)","https://m.media-amazon.com/images/I/61ux1cU49XL._AC_UY218_.jpg"
"RAH1CTF98CDAJ","Reviewed in the United States on September 23, 2021",3,"Heats up way to hot.","This thing is like a furnace once its on, I'm not sure if its supposed to be like that...",true,1,16,"116","B074WPGYRF","Xbox Series X",false,719,"USD",0,0,0,5334,4.6,"https://www.amazon.com/dp/B074WPGYRF","24536.40",false,false,false,false,"Microsoft Xbox One X 1Tb Console With Wireless Controller: Xbox One X Enhanced, Hdr, Native 4K, Ultra Hd (Discontinued)","https://m.media-amazon.com/images/I/61ux1cU49XL._AC_UY218_.jpg"
"R2V2CN8Y30BP8S","Reviewed in the United States on September 23, 2021",1,"Pos refurbished console","This thing worked for 4 months barely then its is having electrical issues turns on 20 seconds turns off thanks for taking my money 💰",true,1,16,"116","B074WPGYRF","Xbox Series X",false,719,"USD",0,0,0,5334,4.6,"https://www.amazon.com/dp/B074WPGYRF","24536.40",false,false,false,false,"Microsoft Xbox One X 1Tb Console With Wireless Controller: Xbox One X Enhanced, Hdr, Native 4K, Ultra Hd (Discontinued)","https://m.media-amazon.com/images/I/61ux1cU49XL._AC_UY218_.jpg"
"R3GBHH7SWTGHR3","Reviewed in the United States on September 16, 2021",5,"Worked great","Held me over in tell I bought next gen",true,1,16,"116","B074WPGYRF","Xbox Series X",false,719,"USD",0,0,0,5334,4.6,"https://www.amazon.com/dp/B074WPGYRF","24536.40",false,false,false,false,"Microsoft Xbox One X 1Tb Console With Wireless Controller: Xbox One X Enhanced, Hdr, Native 4K, Ultra Hd (Discontinued)","https://m.media-amazon.com/images/I/61ux1cU49XL._AC_UY218_.jpg"
"R38GJKN27T5PWY","Reviewed in the United States on September 15, 2021",1,"Don’t buy from here, it’s BS and doesn’t work","I got this for my friend in Canada as a birthday gift, he was able to turn it on and login into his account but the Xbox kept freezing and stuttering. Finally it just won’t turn on at all and he just got it TODAY. Spent a lot of money trying to get him it and now he can’t even return it cause the Canadian post wants him to pay $500 for shipping for returning it. What a huge waste of money and time. Don’t buy from here, you’ll only be disappointed the Xbox’s don’t work and you’re just giving these people your money. Guess there goes almost $500",true,1,16,"116","B074WPGYRF","Xbox Series X",false,719,"USD",0,0,0,5334,4.6,"https://www.amazon.com/dp/B074WPGYRF","24536.40",false,false,false,false,"Microsoft Xbox One X 1Tb Console With Wireless Controller: Xbox One X Enhanced, Hdr, Native 4K, Ultra Hd (Discontinued)","https://m.media-amazon.com/images/I/61ux1cU49XL._AC_UY218_.jpg"
"R2MN9SUC2VCZ1E","Reviewed in the United States on September 14, 2021",5,"Works for what I needed it for.","Works for what I needed it for.",true,1,16,"116","B074WPGYRF","Xbox Series X",false,719,"USD",0,0,0,5334,4.6,"https://www.amazon.com/dp/B074WPGYRF","24536.40",false,false,false,false,"Microsoft Xbox One X 1Tb Console With Wireless Controller: Xbox One X Enhanced, Hdr, Native 4K, Ultra Hd (Discontinued)","https://m.media-amazon.com/images/I/61ux1cU49XL._AC_UY218_.jpg"
"RSZMW7IG3LC21","Reviewed in the United States on October 22, 2021",5,"Love it","Great system",true,1,17,"117","B087VM5XC6","Xbox Series X",false,475.34,"USD",0,0,0,4020,4.7,"https://www.amazon.com/dp/B087VM5XC6","18894.00",false,false,true,false,"Xbox Series S - 512GB SSD Console with Wireless Controller - EU Version with US Power Cable","https://m.media-amazon.com/images/I/61-x29sqlpS._AC_UY218_.jpg"
"R1KYCFUSXU4JPH","Reviewed in the United States on October 22, 2021",3,"Not even close to 512 GB more like 364!","",true,1,17,"117","B087VM5XC6","Xbox Series X",false,475.34,"USD",0,0,0,4020,4.7,"https://www.amazon.com/dp/B087VM5XC6","18894.00",false,false,true,false,"Xbox Series S - 512GB SSD Console with Wireless Controller - EU Version with US Power Cable","https://m.media-amazon.com/images/I/61-x29sqlpS._AC_UY218_.jpg"
"R1OX4ID0VYUHZL","Reviewed in the United States on October 22, 2021",5,"It runs great","it runs great",true,1,17,"117","B087VM5XC6","Xbox Series X",false,475.34,"USD",0,0,0,4020,4.7,"https://www.amazon.com/dp/B087VM5XC6","18894.00",false,false,true,false,"Xbox Series S - 512GB SSD Console with Wireless Controller - EU Version with US Power Cable","https://m.media-amazon.com/images/I/61-x29sqlpS._AC_UY218_.jpg"
"RJAHS7YPDKFKG","Reviewed in the United States on October 21, 2021",5,"Great console","The seller was great and the consul is perfect so glad I bought this for my nephew",true,1,17,"117","B087VM5XC6","Xbox Series X",false,475.34,"USD",0,0,0,4020,4.7,"https://www.amazon.com/dp/B087VM5XC6","18894.00",false,false,true,false,"Xbox Series S - 512GB SSD Console with Wireless Controller - EU Version with US Power Cable","https://m.media-amazon.com/images/I/61-x29sqlpS._AC_UY218_.jpg"
"R3VXLCI04D0XRU","Reviewed in the United States on October 20, 2021",3,"OPENED PACKAGE","It was wide open when we received this. But, it seems to be in working order.",true,1,17,"117","B087VM5XC6","Xbox Series X",false,475.34,"USD",0,0,0,4020,4.7,"https://www.amazon.com/dp/B087VM5XC6","18894.00",false,false,true,false,"Xbox Series S - 512GB SSD Console with Wireless Controller - EU Version with US Power Cable","https://m.media-amazon.com/images/I/61-x29sqlpS._AC_UY218_.jpg"
"R2JLMS1C2816G9","Reviewed in the United States on October 19, 2021",5,"Satisfied","Thank you for sending my Xbox earlier.My Fiance loves his birthday gift 😊",true,1,17,"117","B087VM5XC6","Xbox Series X",false,475.34,"USD",0,0,0,4020,4.7,"https://www.amazon.com/dp/B087VM5XC6","18894.00",false,false,true,false,"Xbox Series S - 512GB SSD Console with Wireless Controller - EU Version with US Power Cable","https://m.media-amazon.com/images/I/61-x29sqlpS._AC_UY218_.jpg"
"R7ET8OOBFDRD6","Reviewed in the United States on October 18, 2021",2,"Charger is European!!","Be aware when buying this, the charger is European so it will not work in the U.S unless you have an adaptor or you buy a charger for it. And the box was opened and repackaged. A lot of red flags don’t buy from a re seller just wait for it in the stores!",true,1,17,"117","B087VM5XC6","Xbox Series X",false,475.34,"USD",0,0,0,4020,4.7,"https://www.amazon.com/dp/B087VM5XC6","18894.00",false,false,true,false,"Xbox Series S - 512GB SSD Console with Wireless Controller - EU Version with US Power Cable","https://m.media-amazon.com/images/I/61-x29sqlpS._AC_UY218_.jpg"
"RRFIRZPMYCUSX","Reviewed in the United States on October 16, 2021",4,"Came super quick","Everything in working order thanks alot",true,1,17,"117","B087VM5XC6","Xbox Series X",false,475.34,"USD",0,0,0,4020,4.7,"https://www.amazon.com/dp/B087VM5XC6","18894.00",false,false,true,false,"Xbox Series S - 512GB SSD Console with Wireless Controller - EU Version with US Power Cable","https://m.media-amazon.com/images/I/61-x29sqlpS._AC_UY218_.jpg"
"R787SWESTMUZI","Reviewed in the United States on October 15, 2021",5,"Its what's advertised","Im in the US. Purchased the console and received it a week earlier than expected. It indeed comes with a US plug. That was my biggest worry concerning the console. Works as expected.",true,1,17,"117","B087VM5XC6","Xbox Series X",false,475.34,"USD",0,0,0,4020,4.7,"https://www.amazon.com/dp/B087VM5XC6","18894.00",false,false,true,false,"Xbox Series S - 512GB SSD Console with Wireless Controller - EU Version with US Power Cable","https://m.media-amazon.com/images/I/61-x29sqlpS._AC_UY218_.jpg"
"RHKG9E53BN8B6","Reviewed in the United States on October 9, 2021",5,"Fast shipping and great quality","My Xbox sires s got shipped and delivered in 2 days the box to the Xbox was a bit damaged but my Xbox is fine and runs great",true,1,17,"117","B087VM5XC6","Xbox Series X",false,475.34,"USD",0,0,0,4020,4.7,"https://www.amazon.com/dp/B087VM5XC6","18894.00",false,false,true,false,"Xbox Series S - 512GB SSD Console with Wireless Controller - EU Version with US Power Cable","https://m.media-amazon.com/images/I/61-x29sqlpS._AC_UY218_.jpg"
"R1LDHLP5ND9KH8","Reviewed in the United States on October 22, 2021",5,"Glad I bought it!","Been enjoying it ever since I bought it. Only thing I have to get used to is the sensitive bumpers when I play cod. I keep throwing grenades near myself while in a gunfight.",true,1,18,"118","B07SFKTLZM","Xbox Series X",false,0,"USD",0,0,0,22689,4.4,"https://www.amazon.com/dp/B07SFKTLZM","99831.60",false,false,false,false,"Elite Series 2 Controller - Black","https://m.media-amazon.com/images/I/71F6eID-ImL._AC_UY218_.jpg"
"R3VH6421OMQFZ2","Reviewed in the United States on October 22, 2021",1,"Multiple defective units.","Had multiple controllers received with A-buttons that stick, leading to non-responsive inputs.",true,1,18,"118","B07SFKTLZM","Xbox Series X",false,0,"USD",0,0,0,22689,4.4,"https://www.amazon.com/dp/B07SFKTLZM","99831.60",false,false,false,false,"Elite Series 2 Controller - Black","https://m.media-amazon.com/images/I/71F6eID-ImL._AC_UY218_.jpg"
"R1CGKSEOPH65WT","Reviewed in the United States on October 21, 2021",4,"Almost perfect","GREAT CONTROLLER!!!Buuut it breaks easy :/",true,1,18,"118","B07SFKTLZM","Xbox Series X",false,0,"USD",0,0,0,22689,4.4,"https://www.amazon.com/dp/B07SFKTLZM","99831.60",false,false,false,false,"Elite Series 2 Controller - Black","https://m.media-amazon.com/images/I/71F6eID-ImL._AC_UY218_.jpg"
"R1KVVSK7M7EX9P","Reviewed in the United States on October 21, 2021",1,"Left analog stick drifts","After using it extremely sparingly for a little over 2 months (maybe only actually used it for a total of <10 hours), I noticed the left analog stick drifting up after almost every movement. This effectively renders the controller useless as I cannot trust the controller while playing game.For this price, I’d recommend getting a regular Xbox controller and a new game rather than this malfunction prone controller",true,1,18,"118","B07SFKTLZM","Xbox Series X",false,0,"USD",0,0,0,22689,4.4,"https://www.amazon.com/dp/B07SFKTLZM","99831.60",false,false,false,false,"Elite Series 2 Controller - Black","https://m.media-amazon.com/images/I/71F6eID-ImL._AC_UY218_.jpg"
"R34A35PVUI0Q5","Reviewed in the United States on October 21, 2021",2,"Stick Drift caused by adjusting the tension","This controller was absolutely amazing at first. The batteries last forever compared to AAs or a rechargeable pack. The extra buttons can be mapped so you don't have to take your fingers off the sticks giving you a great advantage in FPS games.However after less than 4 months the left stick is starting to drift making it a liability online. Microsoft support wants me to mail it in and it will either be repaired or replaced after 2 weeks.As nice as it is I would rather have kept the controller that came with the console now. This controller is too pricey to not be able play for that long. I gave my other controller to a friend after theirs was damaged so it's the only one I have.Update: I chatted with MS rep and they pretty much confirmed that the stick drift is caused by adjusting the tension on the sticks. So even though it's a feature you should never adjust it lol.",true,1,18,"118","B07SFKTLZM","Xbox Series X",false,0,"USD",0,0,0,22689,4.4,"https://www.amazon.com/dp/B07SFKTLZM","99831.60",false,false,false,false,"Elite Series 2 Controller - Black","https://m.media-amazon.com/images/I/71F6eID-ImL._AC_UY218_.jpg"
"R20JYABDKNBSN5","Reviewed in the United States on October 21, 2021",4,"a little better than prior version","IMO the Xbox should come with it, $150 more is kind of a rip but it is a nice controller. My prior one has had the crap beat out of it, the rubber it pealing off and started to stick drift so I replaced it. I am surprised it lasted so long and still works, I hope this one is as durable.",true,1,18,"118","B07SFKTLZM","Xbox Series X",false,0,"USD",0,0,0,22689,4.4,"https://www.amazon.com/dp/B07SFKTLZM","99831.60",false,false,false,false,"Elite Series 2 Controller - Black","https://m.media-amazon.com/images/I/71F6eID-ImL._AC_UY218_.jpg"
"R3RZH6UTPC5EOY","Reviewed in the United States on October 21, 2021",5,"Amazon Warehouse to the rescue","Purchased this elite controller as a like new condition, and thankfully that’s what I got. Looks like someone just tried it out and returned it. No issues with buttons or battery so far!",true,1,18,"118","B07SFKTLZM","Xbox Series X",false,0,"USD",0,0,0,22689,4.4,"https://www.amazon.com/dp/B07SFKTLZM","99831.60",false,false,false,false,"Elite Series 2 Controller - Black","https://m.media-amazon.com/images/I/71F6eID-ImL._AC_UY218_.jpg"
"R2MG9RYVD5Q146","Reviewed in the United States on October 20, 2021",1,"0 Stars, does not work, you WILL get SNAPBACK","Your browser does not support HTML5 video. Snapback is when you let go of the analog stick and the swing of it going back to the normal position sends it far enough to trigger a movement in the opposite direction, it is TORTURE to deal with in menus and such and this is the second product I've tried only because a FEW people were saying that not all of the controllers are affected. I think they are.",true,1,18,"118","B07SFKTLZM","Xbox Series X",false,0,"USD",0,0,0,22689,4.4,"https://www.amazon.com/dp/B07SFKTLZM","99831.60",false,false,false,false,"Elite Series 2 Controller - Black","https://m.media-amazon.com/images/I/71F6eID-ImL._AC_UY218_.jpg"
"R218B75P0AM23X","Reviewed in the United States on October 20, 2021",5,"Elite series 2","Hey just letting you guys know that this controller is the fire and if you are debating on buying it just buy it, trust me it’s worth it.",true,1,18,"118","B07SFKTLZM","Xbox Series X",false,0,"USD",0,0,0,22689,4.4,"https://www.amazon.com/dp/B07SFKTLZM","99831.60",false,false,false,false,"Elite Series 2 Controller - Black","https://m.media-amazon.com/images/I/71F6eID-ImL._AC_UY218_.jpg"
"R13XBW00NKBJE","Reviewed in the United States on October 20, 2021",5,"everything","not is better than something that can work with almost anything and was shipped and received sooner than scheduled. All smiles here.",true,1,18,"118","B07SFKTLZM","Xbox Series X",false,0,"USD",0,0,0,22689,4.4,"https://www.amazon.com/dp/B07SFKTLZM","99831.60",false,false,false,false,"Elite Series 2 Controller - Black","https://m.media-amazon.com/images/I/71F6eID-ImL._AC_UY218_.jpg"
"cr-translate--2017110294",,,"","",false,1,20,"120","B094F213X8","Xbox Series X",false,58.99,"USD",0,0,0,6,4.8,"https://www.amazon.com/dp/B094F213X8","28.80",false,false,false,false,"Sponsored Ad - Lost Judgment - Xbox Series X","https://m.media-amazon.com/images/I/81oNqneCgPL._AC_UY218_.jpg"
"R3LHA9CONUDG14","Reviewed in Canada on October 4, 2021",,"Great Game","Awesome sequel to an awesome game, get it.",true,1,20,"120","B094F213X8","Xbox Series X",false,58.99,"USD",0,0,0,6,4.8,"https://www.amazon.com/dp/B094F213X8","28.80",false,false,false,false,"Sponsored Ad - Lost Judgment - Xbox Series X","https://m.media-amazon.com/images/I/81oNqneCgPL._AC_UY218_.jpg"
"R2SH53KMWM767M","Reviewed in Japan on October 2, 2021",,"日本語対応","セガがパケ版出してくれないので北米版を購入。日本語音声、システムも日本語選択できました。本体がもっと普及して360時代みたいにパッケージソフトが充実してほしいものです",true,1,20,"120","B094F213X8","Xbox Series X",false,58.99,"USD",0,0,0,6,4.8,"https://www.amazon.com/dp/B094F213X8","28.80",false,false,false,false,"Sponsored Ad - Lost Judgment - Xbox Series X","https://m.media-amazon.com/images/I/81oNqneCgPL._AC_UY218_.jpg"
"R11HW340GX9HNV","Reviewed in Japan on October 2, 2021",,"面白い","まだ中盤ですが、前作同様面白いです。",true,1,20,"120","B094F213X8","Xbox Series X",false,58.99,"USD",0,0,0,6,4.8,"https://www.amazon.com/dp/B094F213X8","28.80",false,false,false,false,"Sponsored Ad - Lost Judgment - Xbox Series X","https://m.media-amazon.com/images/I/81oNqneCgPL._AC_UY218_.jpg"
"cr-translate-954036568",,,"","",false,1,21,"121","B07GBWZJFG","Xbox Series X",true,299.99,"USD",349.99,50,14.29,615,4.5,"https://www.amazon.com/dp/B07GBWZJFG","2767.50",false,false,false,false,"Sponsored Ad - Samsung X5 Portable SSD - 1TB - Thunderbolt 3 External SSD (MU-PB1T0B/AM) Gray/Red","https://m.media-amazon.com/images/I/81WHxWq9liL._AC_UY218_.jpg"
"R3DRL2A4L2JK04","Reviewed in the United States on October 12, 2021",5,"IF YOU ARE GETTING 600 MB/S WRITE SPEEDS READ THIS!!","I see some questions and reviews about getting 600Mb/s in tests on windows. This happened to me too. I did some digging and found out that you can change a setting to increase it to around 1900 Mb/s (likely the real world max). My first test transferred files at 350 Mb/s from my internal 970 evo to the X5 (the speed test was 600, real world was 350) and now it's transferring at 1.4 Gb/sWARNING!!!!! IF YOU DO THIS YOU MUST MANUALLY EJECT YOUR DRIVE EVERY TIME OR RISK DATA LOSS!!!WARNING!!!!! IF YOU DO THIS YOU MUST MANUALLY EJECT YOUR DRIVE EVERY TIME OR RISK DATA LOSS!!!To eject a drive on windows, look in the system tray on the bottom right hand corner of the screen and find the ""safely remove hardware"" icon. Click it and select the X5HOW TO INCREASE WRITE SPEED:Go to device managerexpand ""disk drives"" menuright click the X5go to policies tabcheck ""better performance""check ""enable write caching on the device""do NOT check ""turn off write cache buffer""click okay and the device will reconnect.Enjoy 1900 Mb/sREMEMBER THAT YOU MUST EJECT THE DRIVE MANUALLY IF YOU SELECT THIS OPTION!!!!REMEMBER THAT YOU MUST EJECT THE DRIVE MANUALLY IF YOU SELECT THIS OPTION!!!!",true,1,21,"121","B07GBWZJFG","Xbox Series X",true,299.99,"USD",349.99,50,14.29,615,4.5,"https://www.amazon.com/dp/B07GBWZJFG","2767.50",false,false,false,false,"Sponsored Ad - Samsung X5 Portable SSD - 1TB - Thunderbolt 3 External SSD (MU-PB1T0B/AM) Gray/Red","https://m.media-amazon.com/images/I/81WHxWq9liL._AC_UY218_.jpg"
"RF51VJTYUQ84P","Reviewed in the United States on October 6, 2021",1,"Does not work on 3 different Macs","Could not get this to mount on 3 different Macs, running Catalina and Big Sur and High Sierra. On the other hand the G-Drive 2 TB mount just fine on all three, plays well with others. Fortunately I was able to return it in time, thanks Amazon.",true,1,21,"121","B07GBWZJFG","Xbox Series X",true,299.99,"USD",349.99,50,14.29,615,4.5,"https://www.amazon.com/dp/B07GBWZJFG","2767.50",false,false,false,false,"Sponsored Ad - Samsung X5 Portable SSD - 1TB - Thunderbolt 3 External SSD (MU-PB1T0B/AM) Gray/Red","https://m.media-amazon.com/images/I/81WHxWq9liL._AC_UY218_.jpg"
"R1C8PGBEJS6L69","Reviewed in the United States on September 30, 2021",5,"Worth the price.","I'm very happy with this product. It's well made and compact.",true,1,21,"121","B07GBWZJFG","Xbox Series X",true,299.99,"USD",349.99,50,14.29,615,4.5,"https://www.amazon.com/dp/B07GBWZJFG","2767.50",false,false,false,false,"Sponsored Ad - Samsung X5 Portable SSD - 1TB - Thunderbolt 3 External SSD (MU-PB1T0B/AM) Gray/Red","https://m.media-amazon.com/images/I/81WHxWq9liL._AC_UY218_.jpg"
"R1XKEFXBC97AFH","Reviewed in the United States on September 28, 2021",5,"2-3x as fast as Samsung T5","When transferring large (ie. 50GB) files containing photos and videos, the Samsung X5 was 2x as fast as the T5 at reading and 3x as fast at writing. Aside from the high cost, I highly recommend this drive.",true,1,21,"121","B07GBWZJFG","Xbox Series X",true,299.99,"USD",349.99,50,14.29,615,4.5,"https://www.amazon.com/dp/B07GBWZJFG","2767.50",false,false,false,false,"Sponsored Ad - Samsung X5 Portable SSD - 1TB - Thunderbolt 3 External SSD (MU-PB1T0B/AM) Gray/Red","https://m.media-amazon.com/images/I/81WHxWq9liL._AC_UY218_.jpg"
"R1576U767H7T7X","Reviewed in the United States on September 17, 2021",5,"Advertised speeds with TB3/TB4","Your browser does not support HTML5 video. Strangely, this thing gets better write speeds then my internal Sabrent Rocker Q4 Gene nvme drive. The Sabrent wins in reads bit even when plugged into a TB4 elements hub, I get full speeds as my ASRock Nuc only has 1 TB4 port.I'm currently usíng this as my performance tier drive for windows storage spaces with 2 14TB WD 7200RPM in a simple virtual disk (software RAID0). This has to be configured via PowerShell and is not supported by Microsoft. Essentially anything written to the 25.7TB drive is written to the X5, then the X5 writes the data to the spinning drives in the background. This gets me 1.6GB/s write speeds in bursts, then drop down to 600/500MB/s. It will get a bit slower if you fare copying enough data to fill the X5. Meaning that since I got the 500GB model, speed will start to slow down when transferring over 500GB of data which is rare. You can do this by creating different tiers. Google ""Storage spaces ssd cached drive"" to learn how to set it up this way. If you attempt to do this via the GUI you will just blindly be throwing this in and would be a complete waste.",true,1,21,"121","B07GBWZJFG","Xbox Series X",true,299.99,"USD",349.99,50,14.29,615,4.5,"https://www.amazon.com/dp/B07GBWZJFG","2767.50",false,false,false,false,"Sponsored Ad - Samsung X5 Portable SSD - 1TB - Thunderbolt 3 External SSD (MU-PB1T0B/AM) Gray/Red","https://m.media-amazon.com/images/I/81WHxWq9liL._AC_UY218_.jpg"
"R1DHG89H8KDR14","Reviewed in the United States on September 15, 2021",5,"Just as fast or faster than the built-in drive!","I absolutely LOVE this drive. For not a whole lot of money, its Thunderbolt connection gives me speeds just as fast as the built-in SSD on my mid-2020 iMac. It's perfect for holding my Steam library, collection of virtual machines, emulator ROMs, and other things that I don't want NAS latency for.",true,1,21,"121","B07GBWZJFG","Xbox Series X",true,299.99,"USD",349.99,50,14.29,615,4.5,"https://www.amazon.com/dp/B07GBWZJFG","2767.50",false,false,false,false,"Sponsored Ad - Samsung X5 Portable SSD - 1TB - Thunderbolt 3 External SSD (MU-PB1T0B/AM) Gray/Red","https://m.media-amazon.com/images/I/81WHxWq9liL._AC_UY218_.jpg"
"R34TRJZEEENHY9","Reviewed in the United States on September 12, 2021",5,"Very fast","I needed to buy this to replace my iMac's failed Fusion drive. It performs BETTER than using the internal Fusion drive did. I only wish it had been more clear about already coming with a Thunderbolt cable. I bought one thinking that it didn't, but could have saved the expense since this came with one. Speaking of expense, this is definitely a pricey item. But the performance is exceptional! It can run hot, however, depending on use.",true,1,21,"121","B07GBWZJFG","Xbox Series X",true,299.99,"USD",349.99,50,14.29,615,4.5,"https://www.amazon.com/dp/B07GBWZJFG","2767.50",false,false,false,false,"Sponsored Ad - Samsung X5 Portable SSD - 1TB - Thunderbolt 3 External SSD (MU-PB1T0B/AM) Gray/Red","https://m.media-amazon.com/images/I/81WHxWq9liL._AC_UY218_.jpg"
"R29FVSR2BKR9JN","Reviewed in the United States on September 8, 2021",4,"Fast, Nice Design and Construction But Prone to Thermal Throttling","This is a very well made external SSD and for many tasks will perform flawlessly, resulting in fast transfers or 2K video editing, etc. The main problem with this device (and it's common / not specific to Samsung) is that after a few mintues of continuous data transfer or other demanding task, the NVMe drive inside will start to rapidly heat up. When it gets to a certain temperature, the device automatically throttles down to prevent damage to the drive or internal components, then after a few minutes of low use or idle time, it will return to a state where it can deliver top speeds. The best I've seen were over 2200 MB/s write and 2500 MB/s read, but more typically you'll see something like 1200 MB/s write, because of the problem described above. Still faster than a Gen 2 USB drive but a pretty big drop regardless.So if you're looking to use this for highend video editing (feeding raw footage off the drive), you probably will want to look elsewhere. If you just want a really fast backup drive or a working drive for your Photoshop projects or the like, it's great. The main limits will be encountered by video profressionals and scientific computing professionals.",true,1,21,"121","B07GBWZJFG","Xbox Series X",true,299.99,"USD",349.99,50,14.29,615,4.5,"https://www.amazon.com/dp/B07GBWZJFG","2767.50",false,false,false,false,"Sponsored Ad - Samsung X5 Portable SSD - 1TB - Thunderbolt 3 External SSD (MU-PB1T0B/AM) Gray/Red","https://m.media-amazon.com/images/I/81WHxWq9liL._AC_UY218_.jpg"
"R3AMOYOHS4IO61","Reviewed in the United States on September 7, 2021",5,"Works as boot drive!","This works great as a boot drive for my Mac but with the new M1 you gotta go thru a bit more to get the settings you need. Otherwise……. Awesome.",true,1,21,"121","B07GBWZJFG","Xbox Series X",true,299.99,"USD",349.99,50,14.29,615,4.5,"https://www.amazon.com/dp/B07GBWZJFG","2767.50",false,false,false,false,"Sponsored Ad - Samsung X5 Portable SSD - 1TB - Thunderbolt 3 External SSD (MU-PB1T0B/AM) Gray/Red","https://m.media-amazon.com/images/I/81WHxWq9liL._AC_UY218_.jpg"
"RDA3D1TQEP1VP","Reviewed in the United States on August 19, 2021",2,"Estuvo fallado","Bonito pero no funcionaba",true,1,21,"121","B07GBWZJFG","Xbox Series X",true,299.99,"USD",349.99,50,14.29,615,4.5,"https://www.amazon.com/dp/B07GBWZJFG","2767.50",false,false,false,false,"Sponsored Ad - Samsung X5 Portable SSD - 1TB - Thunderbolt 3 External SSD (MU-PB1T0B/AM) Gray/Red","https://m.media-amazon.com/images/I/81WHxWq9liL._AC_UY218_.jpg"