"review.id","review.review_data","review.rating","review.title","review.review","review.verified_purchase","product.position.page","product.position.position","product.position.global_position","product.asin","product.keyword","product.price.discounted","product.price.current_price","product.price.currency","product.price.before_price","product.price.savings_amount","product.price.savings_percent","product.reviews.total_reviews","product.reviews.rating","product.url","product.score","product.sponsored","product.amazonChoice","product.bestSeller","product.amazonPrime","product.title","product.thumbnail"
"R2A0C95XWNXUPC","Reviewed in the United States on October 18, 2021",5,"A+","best bang for your buck great controller",true,1,1,"10","B08B83N36V","playstation 3",false,0,"USD",0,0,0,1102,4.2,"https://www.amazon.com/dp/B08B83N36V","4628.40",false,true,false,false,"PS-3 Controller Wireless, PS-3 Joystick, PS-3 Remote, Wireless PS-3 Controller Double Shock Gamepad Compatible for Play-st...","https://m.media-amazon.com/images/I/61RaUhzmKPL._AC_UY218_.jpg"
"R1DNLKRAZAN8QF","Reviewed in the United States on October 16, 2021",5,"Easy set up!","Works great for what i needed it for. I use my ps3 as a dvd player and this is perfect for laying in bed watching movies!",true,1,1,"10","B08B83N36V","playstation 3",false,0,"USD",0,0,0,1102,4.2,"https://www.amazon.com/dp/B08B83N36V","4628.40",false,true,false,false,"PS-3 Controller Wireless, PS-3 Joystick, PS-3 Remote, Wireless PS-3 Controller Double Shock Gamepad Compatible for Play-st...","https://m.media-amazon.com/images/I/61RaUhzmKPL._AC_UY218_.jpg"
"R312VHQH940257","Reviewed in the United States on September 20, 2021",2,"Terrible for fps","Zero sensitivity on the analog sticks for any type of accuracy in fps games.",true,1,1,"10","B08B83N36V","playstation 3",false,0,"USD",0,0,0,1102,4.2,"https://www.amazon.com/dp/B08B83N36V","4628.40",false,true,false,false,"PS-3 Controller Wireless, PS-3 Joystick, PS-3 Remote, Wireless PS-3 Controller Double Shock Gamepad Compatible for Play-st...","https://m.media-amazon.com/images/I/61RaUhzmKPL._AC_UY218_.jpg"
"R3OEUJZSKXMJIY","Reviewed in the United States on September 18, 2021",5,"Satisfied","I like my controller. It works great for my PS4",true,1,1,"10","B08B83N36V","playstation 3",false,0,"USD",0,0,0,1102,4.2,"https://www.amazon.com/dp/B08B83N36V","4628.40",false,true,false,false,"PS-3 Controller Wireless, PS-3 Joystick, PS-3 Remote, Wireless PS-3 Controller Double Shock Gamepad Compatible for Play-st...","https://m.media-amazon.com/images/I/61RaUhzmKPL._AC_UY218_.jpg"
"REQ1HFW6D297A","Reviewed in the United States on September 17, 2021",5,"Great joystick for the price.","A great joystick that worked right out of the box.",true,1,1,"10","B08B83N36V","playstation 3",false,0,"USD",0,0,0,1102,4.2,"https://www.amazon.com/dp/B08B83N36V","4628.40",false,true,false,false,"PS-3 Controller Wireless, PS-3 Joystick, PS-3 Remote, Wireless PS-3 Controller Double Shock Gamepad Compatible for Play-st...","https://m.media-amazon.com/images/I/61RaUhzmKPL._AC_UY218_.jpg"
"R3PFEPRP72IQ4P","Reviewed in the United States on September 6, 2021",3,"Broken on arrival","Everything was fine until I figured out the L2 wouldn't work. Only used it for 1 hour. It's going back to Amazon.",true,1,1,"10","B08B83N36V","playstation 3",false,0,"USD",0,0,0,1102,4.2,"https://www.amazon.com/dp/B08B83N36V","4628.40",false,true,false,false,"PS-3 Controller Wireless, PS-3 Joystick, PS-3 Remote, Wireless PS-3 Controller Double Shock Gamepad Compatible for Play-st...","https://m.media-amazon.com/images/I/61RaUhzmKPL._AC_UY218_.jpg"
"R2X7U50XDN56SH","Reviewed in the United States on September 5, 2021",5,"It good 👍","It good 👍",true,1,1,"10","B08B83N36V","playstation 3",false,0,"USD",0,0,0,1102,4.2,"https://www.amazon.com/dp/B08B83N36V","4628.40",false,true,false,false,"PS-3 Controller Wireless, PS-3 Joystick, PS-3 Remote, Wireless PS-3 Controller Double Shock Gamepad Compatible for Play-st...","https://m.media-amazon.com/images/I/61RaUhzmKPL._AC_UY218_.jpg"
"RKE60CSVQ6XZ2","Reviewed in the United States on August 28, 2021",4,"Better than expected","Came with a cover and charging cord",true,1,1,"10","B08B83N36V","playstation 3",false,0,"USD",0,0,0,1102,4.2,"https://www.amazon.com/dp/B08B83N36V","4628.40",false,true,false,false,"PS-3 Controller Wireless, PS-3 Joystick, PS-3 Remote, Wireless PS-3 Controller Double Shock Gamepad Compatible for Play-st...","https://m.media-amazon.com/images/I/61RaUhzmKPL._AC_UY218_.jpg"
"R2QVW4DTKVKMDP","Reviewed in the United States on August 27, 2021",1,"Junk, Guaranteed to fail within a few months","ALL of these cheap chinese knockoff controllers will eventually suffer from the ""stick drift"" problem. This is my 3rd controller and the only way is to go with a known name-brand or OEM. There is a reason why they only allow you to return it for 30 days, because they know thats about how long it will last. JUNK!!!!!",true,1,1,"10","B08B83N36V","playstation 3",false,0,"USD",0,0,0,1102,4.2,"https://www.amazon.com/dp/B08B83N36V","4628.40",false,true,false,false,"PS-3 Controller Wireless, PS-3 Joystick, PS-3 Remote, Wireless PS-3 Controller Double Shock Gamepad Compatible for Play-st...","https://m.media-amazon.com/images/I/61RaUhzmKPL._AC_UY218_.jpg"
"R1MAU6JHARUXJ4","Reviewed in the United States on August 15, 2021",4,"Good knockoff","It works good so far. Fast delivery. Good price.",true,1,1,"10","B08B83N36V","playstation 3",false,0,"USD",0,0,0,1102,4.2,"https://www.amazon.com/dp/B08B83N36V","4628.40",false,true,false,false,"PS-3 Controller Wireless, PS-3 Joystick, PS-3 Remote, Wireless PS-3 Controller Double Shock Gamepad Compatible for Play-st...","https://m.media-amazon.com/images/I/61RaUhzmKPL._AC_UY218_.jpg"
"RHBQ4P75ZFW0K","Reviewed in the United States on September 23, 2021",5,"It works and its cheap","My ps3 is alive again. Controller seems to work. Im not a console-gamer soo... but im happy with this product",true,1,2,"11","B07SZ5BMP7","playstation 3",false,0,"USD",0,0,0,1522,4.3,"https://www.amazon.com/dp/B07SZ5BMP7","6544.60",false,false,false,false,"PS-3 Controller, PS-3 Controller Wireless Bluetooth Gamepad Double Vibration Remote Joystick for Playstation3 with Chargin...","https://m.media-amazon.com/images/I/61jxY97RPCL._AC_UY218_.jpg"
"R330C828EBL6RH","Reviewed in the United States on September 22, 2021",5,"Works great!","No problems, works as promised.",true,1,2,"11","B07SZ5BMP7","playstation 3",false,0,"USD",0,0,0,1522,4.3,"https://www.amazon.com/dp/B07SZ5BMP7","6544.60",false,false,false,false,"PS-3 Controller, PS-3 Controller Wireless Bluetooth Gamepad Double Vibration Remote Joystick for Playstation3 with Chargin...","https://m.media-amazon.com/images/I/61jxY97RPCL._AC_UY218_.jpg"
"R37099RZ8VY11I","Reviewed in the United States on September 18, 2021",1,"Piece of China Junk","Once again nothing but junk from China. Didn't work as it should.Don't buy. You only get what you pay for. JUNK>JUNK<JUNK",true,1,2,"11","B07SZ5BMP7","playstation 3",false,0,"USD",0,0,0,1522,4.3,"https://www.amazon.com/dp/B07SZ5BMP7","6544.60",false,false,false,false,"PS-3 Controller, PS-3 Controller Wireless Bluetooth Gamepad Double Vibration Remote Joystick for Playstation3 with Chargin...","https://m.media-amazon.com/images/I/61jxY97RPCL._AC_UY218_.jpg"
"R1JRKUJGO2SYUN","Reviewed in the United States on September 9, 2021",5,"Good Value!","Came in the mail a few days ago, since then I’ve been very happy with my purchase. Feels like the original DualShock3 although it is a bit more flimsier. Would buy again",true,1,2,"11","B07SZ5BMP7","playstation 3",false,0,"USD",0,0,0,1522,4.3,"https://www.amazon.com/dp/B07SZ5BMP7","6544.60",false,false,false,false,"PS-3 Controller, PS-3 Controller Wireless Bluetooth Gamepad Double Vibration Remote Joystick for Playstation3 with Chargin...","https://m.media-amazon.com/images/I/61jxY97RPCL._AC_UY218_.jpg"
"R2Y3I8J5V63PX4","Reviewed in the United States on September 3, 2021",1,"Bought for PC us","i thought this was Bluetooth, but it wont pair to my PC, and nothing on the site says it wont. Xbox controllers work with pc via Bluetooth as well as the charge cord, but not this controller",true,1,2,"11","B07SZ5BMP7","playstation 3",false,0,"USD",0,0,0,1522,4.3,"https://www.amazon.com/dp/B07SZ5BMP7","6544.60",false,false,false,false,"PS-3 Controller, PS-3 Controller Wireless Bluetooth Gamepad Double Vibration Remote Joystick for Playstation3 with Chargin...","https://m.media-amazon.com/images/I/61jxY97RPCL._AC_UY218_.jpg"
"RFQUSA6GZ7UBM","Reviewed in the United States on August 24, 2021",1,"Broken","Got the controller to play some old ps3 games but when I tried playing I noticed triggers didnt everytime I tried them. Then the normal buttons would get locked in place after pressing them and I would have to play with it to fix it. Something was rattling around in it when I first tried using it. So over all the controller made it impossible to play with.",true,1,2,"11","B07SZ5BMP7","playstation 3",false,0,"USD",0,0,0,1522,4.3,"https://www.amazon.com/dp/B07SZ5BMP7","6544.60",false,false,false,false,"PS-3 Controller, PS-3 Controller Wireless Bluetooth Gamepad Double Vibration Remote Joystick for Playstation3 with Chargin...","https://m.media-amazon.com/images/I/61jxY97RPCL._AC_UY218_.jpg"
"R3DPG77Z16X6NL","Reviewed in the United States on August 17, 2021",1,"No charging cord","Controller came with thumb pads and controller but no charging cord also toggles stick thought I just got a bad one so I ordered a second and it came with everything it was supposed to but the toggles stick on the second one also",true,1,2,"11","B07SZ5BMP7","playstation 3",false,0,"USD",0,0,0,1522,4.3,"https://www.amazon.com/dp/B07SZ5BMP7","6544.60",false,false,false,false,"PS-3 Controller, PS-3 Controller Wireless Bluetooth Gamepad Double Vibration Remote Joystick for Playstation3 with Chargin...","https://m.media-amazon.com/images/I/61jxY97RPCL._AC_UY218_.jpg"
"R1FMSXERADR9IR","Reviewed in the United States on August 14, 2021",1,"Garbage","Returned.Malfunctioning out of the box.",true,1,2,"11","B07SZ5BMP7","playstation 3",false,0,"USD",0,0,0,1522,4.3,"https://www.amazon.com/dp/B07SZ5BMP7","6544.60",false,false,false,false,"PS-3 Controller, PS-3 Controller Wireless Bluetooth Gamepad Double Vibration Remote Joystick for Playstation3 with Chargin...","https://m.media-amazon.com/images/I/61jxY97RPCL._AC_UY218_.jpg"
"R1GIU6PLN7P6SH","Reviewed in the United States on August 12, 2021",5,"Excellent controllers with an excellent price!","Great set of controllers. They are lighter in weight than the original controllers, but they work well and for the price, these can't be beat!",true,1,2,"11","B07SZ5BMP7","playstation 3",false,0,"USD",0,0,0,1522,4.3,"https://www.amazon.com/dp/B07SZ5BMP7","6544.60",false,false,false,false,"PS-3 Controller, PS-3 Controller Wireless Bluetooth Gamepad Double Vibration Remote Joystick for Playstation3 with Chargin...","https://m.media-amazon.com/images/I/61jxY97RPCL._AC_UY218_.jpg"
"R29NK0Y1IYTL4E","Reviewed in the United States on August 5, 2021",5,"Works good","Works as expected",true,1,2,"11","B07SZ5BMP7","playstation 3",false,0,"USD",0,0,0,1522,4.3,"https://www.amazon.com/dp/B07SZ5BMP7","6544.60",false,false,false,false,"PS-3 Controller, PS-3 Controller Wireless Bluetooth Gamepad Double Vibration Remote Joystick for Playstation3 with Chargin...","https://m.media-amazon.com/images/I/61jxY97RPCL._AC_UY218_.jpg"
"R1ILCDWL60RLQ2","Reviewed in the United States on October 6, 2021",1,"Can only play the first level","After you beat the first level it stays stuck on the loading screen. Unfortunately for me I didn't realize the game was defected in time to return it.",true,1,3,"12","B00SXEONTO","playstation 3",false,29.75,"USD",0,0,0,1343,4.7,"https://www.amazon.com/dp/B00SXEONTO","6312.10",false,false,false,false,"LEGO Jurassic World - PlayStation 3","https://m.media-amazon.com/images/I/91gZB-YMsPL._AC_UY218_.jpg"
"REOM6C1YAPTFU","Reviewed in the United States on June 8, 2021",5,"Love it.","My 4 year old and 7 year old love this game. Even I enjoy playing it! I will definitely be purchasing more lego games in the future.",true,1,3,"12","B00SXEONTO","playstation 3",false,29.75,"USD",0,0,0,1343,4.7,"https://www.amazon.com/dp/B00SXEONTO","6312.10",false,false,false,false,"LEGO Jurassic World - PlayStation 3","https://m.media-amazon.com/images/I/91gZB-YMsPL._AC_UY218_.jpg"
"R16SA2EPGKJ8KJ","Reviewed in the United States on April 3, 2021",5,"Jurassic park","Lego game",true,1,3,"12","B00SXEONTO","playstation 3",false,29.75,"USD",0,0,0,1343,4.7,"https://www.amazon.com/dp/B00SXEONTO","6312.10",false,false,false,false,"LEGO Jurassic World - PlayStation 3","https://m.media-amazon.com/images/I/91gZB-YMsPL._AC_UY218_.jpg"
"R1UU00FNFCLVBJ","Reviewed in the United States on March 15, 2021",5,"Fun game , not violent. 👌","Shelike everything about it. Fun 🎮",true,1,3,"12","B00SXEONTO","playstation 3",false,29.75,"USD",0,0,0,1343,4.7,"https://www.amazon.com/dp/B00SXEONTO","6312.10",false,false,false,false,"LEGO Jurassic World - PlayStation 3","https://m.media-amazon.com/images/I/91gZB-YMsPL._AC_UY218_.jpg"
"R3S8CJIH94ZTXL","Reviewed in the United States on March 13, 2021",5,"Star in Jurassic Park","the 8 year old loves the movies and the game..",true,1,3,"12","B00SXEONTO","playstation 3",false,29.75,"USD",0,0,0,1343,4.7,"https://www.amazon.com/dp/B00SXEONTO","6312.10",false,false,false,false,"LEGO Jurassic World - PlayStation 3","https://m.media-amazon.com/images/I/91gZB-YMsPL._AC_UY218_.jpg"
"RTFHXRE1TDB2I","Reviewed in the United States on February 13, 2021",5,"I love this game!!!","I love all Lego games but the Jurrasic World is so much fun For kids and adults. Anyone who love the Jurrasic Park movies I so recommend this game and even if you don't like them I still recommend.",true,1,3,"12","B00SXEONTO","playstation 3",false,29.75,"USD",0,0,0,1343,4.7,"https://www.amazon.com/dp/B00SXEONTO","6312.10",false,false,false,false,"LEGO Jurassic World - PlayStation 3","https://m.media-amazon.com/images/I/91gZB-YMsPL._AC_UY218_.jpg"
"R3KT5019FT05S","Reviewed in the United States on February 5, 2021",5,"So much fun","Hours of fun! My son loves this game",true,1,3,"12","B00SXEONTO","playstation 3",false,29.75,"USD",0,0,0,1343,4.7,"https://www.amazon.com/dp/B00SXEONTO","6312.10",false,false,false,false,"LEGO Jurassic World - PlayStation 3","https://m.media-amazon.com/images/I/91gZB-YMsPL._AC_UY218_.jpg"
"R271E7WLSZ5XKR","Reviewed in the United States on February 1, 2021",5,"Great game","Great game. My 4 year old loves it.",true,1,3,"12","B00SXEONTO","playstation 3",false,29.75,"USD",0,0,0,1343,4.7,"https://www.amazon.com/dp/B00SXEONTO","6312.10",false,false,false,false,"LEGO Jurassic World - PlayStation 3","https://m.media-amazon.com/images/I/91gZB-YMsPL._AC_UY218_.jpg"
"R2NNN1VOWWID9D","Reviewed in the United States on January 28, 2021",5,"Great game for beginners","The game arrived in good time and in good shape, my 7 yr old nephew is enjoying it very much",true,1,3,"12","B00SXEONTO","playstation 3",false,29.75,"USD",0,0,0,1343,4.7,"https://www.amazon.com/dp/B00SXEONTO","6312.10",false,false,false,false,"LEGO Jurassic World - PlayStation 3","https://m.media-amazon.com/images/I/91gZB-YMsPL._AC_UY218_.jpg"
"R26RRB4W3YSXOS","Reviewed in the United States on January 16, 2021",5,"A boys favorite game","I had bought this item for our 5 yr old son. Which now is addicted to playing it. He never wants to stop playing cause he keeps getting to new parts of the game and he can't wait to see what next. So I think it's safe to say he really loves this game. Thank you so much we give this item 2 thumbs up!!",true,1,3,"12","B00SXEONTO","playstation 3",false,29.75,"USD",0,0,0,1343,4.7,"https://www.amazon.com/dp/B00SXEONTO","6312.10",false,false,false,false,"LEGO Jurassic World - PlayStation 3","https://m.media-amazon.com/images/I/91gZB-YMsPL._AC_UY218_.jpg"
"R1YLMSIJVONL97","Reviewed in the United States on August 31, 2021",3,"You cant go home again","Ok am speaking for myself but after the PS5 Hard to play theae even for nostalgia. But at 7 bucks and change hard to lose 😉.",true,1,4,"13","B001G33V8S","playstation 3",false,14.85,"USD",0,0,0,3944,4.5,"https://www.amazon.com/dp/B001G33V8S","17748.00",false,false,false,false,"Sonic's Ultimate Genesis Collection (Greatest Hits) - PlayStation 3","https://m.media-amazon.com/images/I/71m1utjfrpL._AC_UY218_.jpg"
"R2VTZMHM5J5IF2","Reviewed in the United States on August 29, 2021",4,"Just okay","Not exactly what I was expecting. Would be good for someone who is more familiar with older style games. Graphics are a bore, but understand it's older games. The one plus is that there are a lot of games, I could see this being fun just not my cup of tea.",true,1,4,"13","B001G33V8S","playstation 3",false,14.85,"USD",0,0,0,3944,4.5,"https://www.amazon.com/dp/B001G33V8S","17748.00",false,false,false,false,"Sonic's Ultimate Genesis Collection (Greatest Hits) - PlayStation 3","https://m.media-amazon.com/images/I/71m1utjfrpL._AC_UY218_.jpg"
"RYN3M288LQSE7","Reviewed in the United States on August 17, 2021",5,"good stuff","really good collection. enjoying it. runs on ps3 (fat model) without issue and no lag.",true,1,4,"13","B001G33V8S","playstation 3",false,14.85,"USD",0,0,0,3944,4.5,"https://www.amazon.com/dp/B001G33V8S","17748.00",false,false,false,false,"Sonic's Ultimate Genesis Collection (Greatest Hits) - PlayStation 3","https://m.media-amazon.com/images/I/71m1utjfrpL._AC_UY218_.jpg"
"R3CGCKCKVI54S1","Reviewed in the United States on August 14, 2021",5,"price is great","this was a gift",true,1,4,"13","B001G33V8S","playstation 3",false,14.85,"USD",0,0,0,3944,4.5,"https://www.amazon.com/dp/B001G33V8S","17748.00",false,false,false,false,"Sonic's Ultimate Genesis Collection (Greatest Hits) - PlayStation 3","https://m.media-amazon.com/images/I/71m1utjfrpL._AC_UY218_.jpg"
"R7OE1MUXX2EC8","Reviewed in the United States on July 30, 2021",5,"Nice","Nice",true,1,4,"13","B001G33V8S","playstation 3",false,14.85,"USD",0,0,0,3944,4.5,"https://www.amazon.com/dp/B001G33V8S","17748.00",false,false,false,false,"Sonic's Ultimate Genesis Collection (Greatest Hits) - PlayStation 3","https://m.media-amazon.com/images/I/71m1utjfrpL._AC_UY218_.jpg"
"R2VYQH19J5VW2Z","Reviewed in the United States on July 24, 2021",5,"Sealed and in perfect condition","Everything included, disk and artwork flawless, 10/10",true,1,4,"13","B001G33V8S","playstation 3",false,14.85,"USD",0,0,0,3944,4.5,"https://www.amazon.com/dp/B001G33V8S","17748.00",false,false,false,false,"Sonic's Ultimate Genesis Collection (Greatest Hits) - PlayStation 3","https://m.media-amazon.com/images/I/71m1utjfrpL._AC_UY218_.jpg"
"R390TUYPV38BFH","Reviewed in the United States on July 18, 2021",5,"Classic","So many classic games my son loves it",true,1,4,"13","B001G33V8S","playstation 3",false,14.85,"USD",0,0,0,3944,4.5,"https://www.amazon.com/dp/B001G33V8S","17748.00",false,false,false,false,"Sonic's Ultimate Genesis Collection (Greatest Hits) - PlayStation 3","https://m.media-amazon.com/images/I/71m1utjfrpL._AC_UY218_.jpg"
"R2TNC3LGXHI0FO","Reviewed in the United States on July 2, 2021",5,"i love ps3 games","i love this game",true,1,4,"13","B001G33V8S","playstation 3",false,14.85,"USD",0,0,0,3944,4.5,"https://www.amazon.com/dp/B001G33V8S","17748.00",false,false,false,false,"Sonic's Ultimate Genesis Collection (Greatest Hits) - PlayStation 3","https://m.media-amazon.com/images/I/71m1utjfrpL._AC_UY218_.jpg"
"RMZBNAB7XYZZP","Reviewed in the United States on June 21, 2021",5,"Classic","It's Sega Genesis. If you like classic games from the golden age of gaming, then you'll like this. I give it 5 stars.",true,1,4,"13","B001G33V8S","playstation 3",false,14.85,"USD",0,0,0,3944,4.5,"https://www.amazon.com/dp/B001G33V8S","17748.00",false,false,false,false,"Sonic's Ultimate Genesis Collection (Greatest Hits) - PlayStation 3","https://m.media-amazon.com/images/I/71m1utjfrpL._AC_UY218_.jpg"
"R3DBB59EBC9C2D","Reviewed in the United States on June 8, 2021",5,"Reasonable and perfect gift!","The product was exactly as described and I would consider even better. My son was so happy to receive this game and immediately began playing it.",true,1,4,"13","B001G33V8S","playstation 3",false,14.85,"USD",0,0,0,3944,4.5,"https://www.amazon.com/dp/B001G33V8S","17748.00",false,false,false,false,"Sonic's Ultimate Genesis Collection (Greatest Hits) - PlayStation 3","https://m.media-amazon.com/images/I/71m1utjfrpL._AC_UY218_.jpg"
"R187N9UD78O2AT","Reviewed in the United States on October 19, 2021",3,"The ps3 is Great / The controller is not","I would had given 5 stars but the package had some issues.Due to lack of packaging the controller was broken.But I was able to set up the Ps3 with no issues.The Gaming station is in good condition and that's is my main concern.",true,1,5,"14","B003VUO6H4","playstation 3",false,0,"USD",0,0,0,3023,4.3,"https://www.amazon.com/dp/B003VUO6H4","12998.90",false,false,false,false,"Sony Playstation 3 160GB System","https://m.media-amazon.com/images/I/91ep+mWIPYL._AC_UY218_.jpg"
"R2ZCAOE4T45PH0","Reviewed in the United States on October 9, 2021",5,"Mint condition","Mint condition well packaged started right up and smoothly",true,1,5,"14","B003VUO6H4","playstation 3",false,0,"USD",0,0,0,3023,4.3,"https://www.amazon.com/dp/B003VUO6H4","12998.90",false,false,false,false,"Sony Playstation 3 160GB System","https://m.media-amazon.com/images/I/91ep+mWIPYL._AC_UY218_.jpg"
"R1C08EL5GSHES1","Reviewed in the United States on September 29, 2021",3,"Non Functioning Disc Drive","From what I gather it’s a fully functioning ps3, except however for the disc drive. Games won’t run when put into the console that makes me wonder if they replaced the optical drive with a blue ray player instead of the unique ps3 player (i.e can’t run ps3 games). However thankfully the PlayStation store is still supporting PlayStation 3 games, otherwise I would be S.O.O.L.",true,1,5,"14","B003VUO6H4","playstation 3",false,0,"USD",0,0,0,3023,4.3,"https://www.amazon.com/dp/B003VUO6H4","12998.90",false,false,false,false,"Sony Playstation 3 160GB System","https://m.media-amazon.com/images/I/91ep+mWIPYL._AC_UY218_.jpg"
"R1I1BOPLXRSRR9","Reviewed in the United States on September 15, 2021",1,"Warning: Buy From Another Seller","Gaming Repair Parts does not appear test their products as advertised, otherwise I wouldn’t have received a dysfunctional controller with the game system (which was not factory reset upon arriving, as was also advertised) that I purchased.If you’re looking for used quality (or at the very least functional) items, I’d recommend looking elsewhere.",true,1,5,"14","B003VUO6H4","playstation 3",false,0,"USD",0,0,0,3023,4.3,"https://www.amazon.com/dp/B003VUO6H4","12998.90",false,false,false,false,"Sony Playstation 3 160GB System","https://m.media-amazon.com/images/I/91ep+mWIPYL._AC_UY218_.jpg"
"R3LAODGKRZHJK7","Reviewed in the United States on August 25, 2021",5,"Great Console","Came in great condition",true,1,5,"14","B003VUO6H4","playstation 3",false,0,"USD",0,0,0,3023,4.3,"https://www.amazon.com/dp/B003VUO6H4","12998.90",false,false,false,false,"Sony Playstation 3 160GB System","https://m.media-amazon.com/images/I/91ep+mWIPYL._AC_UY218_.jpg"
"R3OUPW8BD9BILX","Reviewed in the United States on August 20, 2021",1,"Defective","Item is defective",true,1,5,"14","B003VUO6H4","playstation 3",false,0,"USD",0,0,0,3023,4.3,"https://www.amazon.com/dp/B003VUO6H4","12998.90",false,false,false,false,"Sony Playstation 3 160GB System","https://m.media-amazon.com/images/I/91ep+mWIPYL._AC_UY218_.jpg"
"R19DP3G287YNRK","Reviewed in the United States on August 18, 2021",5,"😈","The reason why I chose this rating is because it builds up from the previous generation. I do like the unique mechanics of this. I don't recommend this altogether.",true,1,5,"14","B003VUO6H4","playstation 3",false,0,"USD",0,0,0,3023,4.3,"https://www.amazon.com/dp/B003VUO6H4","12998.90",false,false,false,false,"Sony Playstation 3 160GB System","https://m.media-amazon.com/images/I/91ep+mWIPYL._AC_UY218_.jpg"
"R1TG6NLIX2HYGR","Reviewed in the United States on August 16, 2021",4,"Goodbye","PlayStation isn’t what it used to be. But still durable.",true,1,5,"14","B003VUO6H4","playstation 3",false,0,"USD",0,0,0,3023,4.3,"https://www.amazon.com/dp/B003VUO6H4","12998.90",false,false,false,false,"Sony Playstation 3 160GB System","https://m.media-amazon.com/images/I/91ep+mWIPYL._AC_UY218_.jpg"
"R3VJRP9XT1MYL6","Reviewed in the United States on August 11, 2021",1,"Broke within 3 hrs of use","Complete garbage",true,1,5,"14","B003VUO6H4","playstation 3",false,0,"USD",0,0,0,3023,4.3,"https://www.amazon.com/dp/B003VUO6H4","12998.90",false,false,false,false,"Sony Playstation 3 160GB System","https://m.media-amazon.com/images/I/91ep+mWIPYL._AC_UY218_.jpg"
"R1DGE9YZD2EHP9","Reviewed in the United States on August 10, 2021",5,"FAST SHIPPING!","Was hesitant to get a used ps3 from amazon but this was a win came 3 days before the original delivery date and it was very well packed and everything is perfect , the only thing is the hdmi didn’t work but that’s alright because i got a bunch of those.. 5/5",true,1,5,"14","B003VUO6H4","playstation 3",false,0,"USD",0,0,0,3023,4.3,"https://www.amazon.com/dp/B003VUO6H4","12998.90",false,false,false,false,"Sony Playstation 3 160GB System","https://m.media-amazon.com/images/I/91ep+mWIPYL._AC_UY218_.jpg"
"R1OFW4B291WH4T","Reviewed in the United States on October 17, 2021",5,"Couldn't find a PS3 anywhere. Gamego, media reply. Iykwim","Seems to work great!Came w controller but I haven't tried it. Glad to be able to play my games again. Until I'm rich n can buy a PS5 lol. Amazon came through again",true,1,6,"15","B002I0J4VQ","playstation 3",false,0,"USD",0,0,0,1832,4.3,"https://www.amazon.com/dp/B002I0J4VQ","7877.60",false,false,false,false,"PlayStation 3 Slim 120GB (Old Model)","https://m.media-amazon.com/images/I/41+7ijf43jL._AC_UY218_.jpg"
"R34T22SHKY86DW","Reviewed in the United States on October 17, 2021",3,"Console HDD unwiped, controller totally busted","The console came in great condition cosmetically, and all wires needed were included. The HDD was unwiped, so the console came with a bunch of exercise and ab training videos (which would be a plus IG.)The controller was absolutely ruined on arrival. The housing was broken around the right joystick, and said joystick would stick in one direction, so it was unusable. I was wise enough to get some aftermarket controllers, but kindof bummed internally that my first party one was broken.",true,1,6,"15","B002I0J4VQ","playstation 3",false,0,"USD",0,0,0,1832,4.3,"https://www.amazon.com/dp/B002I0J4VQ","7877.60",false,false,false,false,"PlayStation 3 Slim 120GB (Old Model)","https://m.media-amazon.com/images/I/41+7ijf43jL._AC_UY218_.jpg"
"R1Z2SHUF3DY1VK","Reviewed in the United States on October 6, 2021",5,"Great System!","PS3 just wiped it off barley any scratches at all in amazing condition! Comes with every cable needed for plug and play. Great product with a great price! Will buy from again!",true,1,6,"15","B002I0J4VQ","playstation 3",false,0,"USD",0,0,0,1832,4.3,"https://www.amazon.com/dp/B002I0J4VQ","7877.60",false,false,false,false,"PlayStation 3 Slim 120GB (Old Model)","https://m.media-amazon.com/images/I/41+7ijf43jL._AC_UY218_.jpg"
"R12Y7GKQ16HFWQ","Reviewed in the United States on September 22, 2021",3,"Works great just not the best will satisfy your needs for getting the system","When I first started the system it would freeze up but I did the hard reset on the system and has been working without a hitch but if you don't knownhow to do that and it freezes it'll most likely make you frustrated like I wasbut if their like the system that I received do the hard reset if having any problems and you'll be just fine",true,1,6,"15","B002I0J4VQ","playstation 3",false,0,"USD",0,0,0,1832,4.3,"https://www.amazon.com/dp/B002I0J4VQ","7877.60",false,false,false,false,"PlayStation 3 Slim 120GB (Old Model)","https://m.media-amazon.com/images/I/41+7ijf43jL._AC_UY218_.jpg"
"R31JW1GG4IHK2D","Reviewed in the United States on September 14, 2021",5,"Great purchase","I have always learned how to temper my expectations when buying products that have been used but refurbished. I was surprised at how it looked coming out of the box.The console looked about as good as new and it came with a controller, recharging cable, HDMI cord, and power cord. It allowed me to continue playing my favorite games on the PS3.Yes it is time to move on from PS3 but until PS5 consoles become available then this will help satisfy my gaming cravings.",true,1,6,"15","B002I0J4VQ","playstation 3",false,0,"USD",0,0,0,1832,4.3,"https://www.amazon.com/dp/B002I0J4VQ","7877.60",false,false,false,false,"PlayStation 3 Slim 120GB (Old Model)","https://m.media-amazon.com/images/I/41+7ijf43jL._AC_UY218_.jpg"
"RZQMHAG5X00Q3","Reviewed in the United States on August 6, 2021",3,"Not very well maintained","Thank you for a working system, but a lot of issues... it was runnin hot from the 1st time i turned it on, there was what looked like a peanut butter type of gunk all over the outside of the system as well of the controller. The cord to the controller was also barely even a foot.What else. The controllerhad something rattling inside of it with the metal adapter for the charger cracked.",true,1,6,"15","B002I0J4VQ","playstation 3",false,0,"USD",0,0,0,1832,4.3,"https://www.amazon.com/dp/B002I0J4VQ","7877.60",false,false,false,false,"PlayStation 3 Slim 120GB (Old Model)","https://m.media-amazon.com/images/I/41+7ijf43jL._AC_UY218_.jpg"
"RMZ2DZA2B9CYL","Reviewed in the United States on July 11, 2021",5,"Good!","Everything worked and was included in the packaging was a little worried at first when reading all the reviews but everything worked as promised the only thing that I have to mention is it’s a little scratched up but I personally don’t mind to much it works for what I need it to and that’s all that matters so if you want a ps3 I’d recommend",true,1,6,"15","B002I0J4VQ","playstation 3",false,0,"USD",0,0,0,1832,4.3,"https://www.amazon.com/dp/B002I0J4VQ","7877.60",false,false,false,false,"PlayStation 3 Slim 120GB (Old Model)","https://m.media-amazon.com/images/I/41+7ijf43jL._AC_UY218_.jpg"
"R3IE2S32VY5AW2","Reviewed in the United States on July 10, 2021",5,"Would definitely buy again.","I received it in very good condition works and plays fine.",true,1,6,"15","B002I0J4VQ","playstation 3",false,0,"USD",0,0,0,1832,4.3,"https://www.amazon.com/dp/B002I0J4VQ","7877.60",false,false,false,false,"PlayStation 3 Slim 120GB (Old Model)","https://m.media-amazon.com/images/I/41+7ijf43jL._AC_UY218_.jpg"
"R19H1PHXVM4PRO","Reviewed in the United States on July 7, 2021",1,"Bad console, poor controller, no charger","I received the console and it turned on just fine but the disc reader wouldn’t take the disc for any games it would just pull it in and never spin up and it won’t play any games I tried to download. Furthermore the controller was in rough shape at best and it didn’t even come with a charger for the controller and the game that the console comes with wasn’t even packaged it was just thrown in there.",true,1,6,"15","B002I0J4VQ","playstation 3",false,0,"USD",0,0,0,1832,4.3,"https://www.amazon.com/dp/B002I0J4VQ","7877.60",false,false,false,false,"PlayStation 3 Slim 120GB (Old Model)","https://m.media-amazon.com/images/I/41+7ijf43jL._AC_UY218_.jpg"
"R1I0BBTE04EKAR","Reviewed in the United States on June 29, 2021",5,"It's fun","What's not to like? It's a PlayStation",true,1,6,"15","B002I0J4VQ","playstation 3",false,0,"USD",0,0,0,1832,4.3,"https://www.amazon.com/dp/B002I0J4VQ","7877.60",false,false,false,false,"PlayStation 3 Slim 120GB (Old Model)","https://m.media-amazon.com/images/I/41+7ijf43jL._AC_UY218_.jpg"
"cr-translate--1033983288",,,"","",false,1,7,"16","B009DL2TBA","playstation 3",false,0,"USD",0,0,0,2773,4.4,"https://www.amazon.com/dp/B009DL2TBA","12201.20",false,false,false,false,"PlayStation 3 500 GB System","https://m.media-amazon.com/images/I/61AlsXa+zdL._AC_UY218_.jpg"
"R353CK6SCIVLSX","Reviewed in the United States on October 17, 2021",5,"Not a bad console","Works very well for a PS3 build.",true,1,7,"16","B009DL2TBA","playstation 3",false,0,"USD",0,0,0,2773,4.4,"https://www.amazon.com/dp/B009DL2TBA","12201.20",false,false,false,false,"PlayStation 3 500 GB System","https://m.media-amazon.com/images/I/61AlsXa+zdL._AC_UY218_.jpg"
"R5EX55YJALOUY","Reviewed in the United States on October 13, 2021",5,"Calidad","Buena calidad del producto",true,1,7,"16","B009DL2TBA","playstation 3",false,0,"USD",0,0,0,2773,4.4,"https://www.amazon.com/dp/B009DL2TBA","12201.20",false,false,false,false,"PlayStation 3 500 GB System","https://m.media-amazon.com/images/I/61AlsXa+zdL._AC_UY218_.jpg"
"RQ3RFIV6LCL44","Reviewed in the United States on October 6, 2021",5,"Great","Been looking for a ps3 no problems with the product",true,1,7,"16","B009DL2TBA","playstation 3",false,0,"USD",0,0,0,2773,4.4,"https://www.amazon.com/dp/B009DL2TBA","12201.20",false,false,false,false,"PlayStation 3 500 GB System","https://m.media-amazon.com/images/I/61AlsXa+zdL._AC_UY218_.jpg"
"R22DVGD1BF1IHM","Reviewed in the United States on September 22, 2021",5,"Works great!","Works great! PS3 came in great condition, with all the wires, extra games as a gift and an extra controller. Couldn’t be happier with my purchase. 10/10 for sure!",true,1,7,"16","B009DL2TBA","playstation 3",false,0,"USD",0,0,0,2773,4.4,"https://www.amazon.com/dp/B009DL2TBA","12201.20",false,false,false,false,"PlayStation 3 500 GB System","https://m.media-amazon.com/images/I/61AlsXa+zdL._AC_UY218_.jpg"
"R1PHHEYTQ8Z2X9","Reviewed in the United States on September 7, 2021",5,"Its perfect","Packaging was very well done a bonus game was included and all around everything i could have hoped for thank you",true,1,7,"16","B009DL2TBA","playstation 3",false,0,"USD",0,0,0,2773,4.4,"https://www.amazon.com/dp/B009DL2TBA","12201.20",false,false,false,false,"PlayStation 3 500 GB System","https://m.media-amazon.com/images/I/61AlsXa+zdL._AC_UY218_.jpg"
"R5UZ5HOG7SYQS","Reviewed in the United States on August 29, 2021",1,"Not working","I received a PS3 that had software that didn't work and couldn't be updated. I returned it and have gotten no response or refund from the seller.",true,1,7,"16","B009DL2TBA","playstation 3",false,0,"USD",0,0,0,2773,4.4,"https://www.amazon.com/dp/B009DL2TBA","12201.20",false,false,false,false,"PlayStation 3 500 GB System","https://m.media-amazon.com/images/I/61AlsXa+zdL._AC_UY218_.jpg"
"RUGZS9MQ8TLZ9","Reviewed in the United States on August 24, 2021",3,"Hard Drive Issue!","I’m writing a new review statement because I was wrong about the controller I received. It is in fact a real Sony controller just didn’t know that sixaxis made one without DualShock functionality. So I wanted correct that mistake. But I still would like to say the hard drive wasn’t connect when I received it because of the chasity was either wrong one or it was broken but I did fix it and I wanted update my review. Other then all of that it was in decent condition. Thank you!",true,1,7,"16","B009DL2TBA","playstation 3",false,0,"USD",0,0,0,2773,4.4,"https://www.amazon.com/dp/B009DL2TBA","12201.20",false,false,false,false,"PlayStation 3 500 GB System","https://m.media-amazon.com/images/I/61AlsXa+zdL._AC_UY218_.jpg"
"R3Q3EBD99DCUDD","Reviewed in the United States on July 31, 2021",5,"GOT MY CHILDHOOD BACK :) THIS PS3 WORKS!","Beside the minor scratches and dust(ps3 is old) it works fantastic! Controller was in surprisingly good condition. It came in two boxes. In the small box (of the big Amazon box,) the ps3 and the controller were neatly bubble wrapped. The power plug and hdmi cable were rubber band tie together.",true,1,7,"16","B009DL2TBA","playstation 3",false,0,"USD",0,0,0,2773,4.4,"https://www.amazon.com/dp/B009DL2TBA","12201.20",false,false,false,false,"PlayStation 3 500 GB System","https://m.media-amazon.com/images/I/61AlsXa+zdL._AC_UY218_.jpg"
"R1AW5E8TB7IDZS","Reviewed in the United States on July 13, 2021",5,"Lo compartiria con mis amigos.","Si excelente servicio lo recomiendo muy amable y servicial.",true,1,7,"16","B009DL2TBA","playstation 3",false,0,"USD",0,0,0,2773,4.4,"https://www.amazon.com/dp/B009DL2TBA","12201.20",false,false,false,false,"PlayStation 3 500 GB System","https://m.media-amazon.com/images/I/61AlsXa+zdL._AC_UY218_.jpg"
"R15W0YDC2J2GDB","Reviewed in the United States on July 9, 2021",5,"good star i recommend","5 stars",true,1,7,"16","B009DL2TBA","playstation 3",false,0,"USD",0,0,0,2773,4.4,"https://www.amazon.com/dp/B009DL2TBA","12201.20",false,false,false,false,"PlayStation 3 500 GB System","https://m.media-amazon.com/images/I/61AlsXa+zdL._AC_UY218_.jpg"
"cr-translate--1134694551",,,"","",false,1,8,"17","B003VUO6LU","playstation 3",false,0,"USD",0,0,0,1222,4.2,"https://www.amazon.com/dp/B003VUO6LU","5132.40",false,false,false,false,"Sony PlayStation 3 Slim 320 GB Charcoal Black Console","https://m.media-amazon.com/images/I/91MhwfzwYnL._AC_UY218_.jpg"
"RPL1OVTEF1ZMD","Reviewed in the United States on October 21, 2021",5,"gaming","nice",true,1,8,"17","B003VUO6LU","playstation 3",false,0,"USD",0,0,0,1222,4.2,"https://www.amazon.com/dp/B003VUO6LU","5132.40",false,false,false,false,"Sony PlayStation 3 Slim 320 GB Charcoal Black Console","https://m.media-amazon.com/images/I/91MhwfzwYnL._AC_UY218_.jpg"
"R3UQDBBEGE54ZG","Reviewed in the United States on August 23, 2021",5,"Amazing Purchase!!!!!","The device worked perfectly! It even came with 13 games already downloaded onto the device. I’m grateful for this purchase. Thank You!!!! 😃",true,1,8,"17","B003VUO6LU","playstation 3",false,0,"USD",0,0,0,1222,4.2,"https://www.amazon.com/dp/B003VUO6LU","5132.40",false,false,false,false,"Sony PlayStation 3 Slim 320 GB Charcoal Black Console","https://m.media-amazon.com/images/I/91MhwfzwYnL._AC_UY218_.jpg"
"RA4ZZF8EY97PO","Reviewed in the United States on August 1, 2021",5,"Beyond satisfied","After three successful multiple tests, I'm currently beyond satisfied and express my gratitude for providing excellent business service.",true,1,8,"17","B003VUO6LU","playstation 3",false,0,"USD",0,0,0,1222,4.2,"https://www.amazon.com/dp/B003VUO6LU","5132.40",false,false,false,false,"Sony PlayStation 3 Slim 320 GB Charcoal Black Console","https://m.media-amazon.com/images/I/91MhwfzwYnL._AC_UY218_.jpg"
"RJ1HP9CDMHCHF","Reviewed in the United States on June 26, 2021",5,"Console","Thanks",true,1,8,"17","B003VUO6LU","playstation 3",false,0,"USD",0,0,0,1222,4.2,"https://www.amazon.com/dp/B003VUO6LU","5132.40",false,false,false,false,"Sony PlayStation 3 Slim 320 GB Charcoal Black Console","https://m.media-amazon.com/images/I/91MhwfzwYnL._AC_UY218_.jpg"
"R3S63RQ8DHJ83Z","Reviewed in the United States on June 23, 2021",5,"Nice","This one came out great, haven't had any problems so far after buying from seller",true,1,8,"17","B003VUO6LU","playstation 3",false,0,"USD",0,0,0,1222,4.2,"https://www.amazon.com/dp/B003VUO6LU","5132.40",false,false,false,false,"Sony PlayStation 3 Slim 320 GB Charcoal Black Console","https://m.media-amazon.com/images/I/91MhwfzwYnL._AC_UY218_.jpg"
"R3MC1QCIE3G9PJ","Reviewed in the United States on May 20, 2021",5,"It worked great, while it worked","Eventually it did break down and I got a PS4. Thanks for the ps3",true,1,8,"17","B003VUO6LU","playstation 3",false,0,"USD",0,0,0,1222,4.2,"https://www.amazon.com/dp/B003VUO6LU","5132.40",false,false,false,false,"Sony PlayStation 3 Slim 320 GB Charcoal Black Console","https://m.media-amazon.com/images/I/91MhwfzwYnL._AC_UY218_.jpg"
"R3RZIDDJ9KU4VR","Reviewed in the United States on May 15, 2021",1,"Dead product.","This PS3 came dead. Will not hook up. Power button turns on. Tried different HDMI cables. Does not hook up. Beyond upset over this. Was a gift for someone.",true,1,8,"17","B003VUO6LU","playstation 3",false,0,"USD",0,0,0,1222,4.2,"https://www.amazon.com/dp/B003VUO6LU","5132.40",false,false,false,false,"Sony PlayStation 3 Slim 320 GB Charcoal Black Console","https://m.media-amazon.com/images/I/91MhwfzwYnL._AC_UY218_.jpg"
"R31J30YJH9Y9TU","Reviewed in the United States on May 7, 2021",5,"Lo recomiendo","Salió bien, lo recomiendo, llego en buen estado. Aún trabajaba bien pero lo vendimos y muy barato. Bueno Gracias y espero que les allá ayudado",true,1,8,"17","B003VUO6LU","playstation 3",false,0,"USD",0,0,0,1222,4.2,"https://www.amazon.com/dp/B003VUO6LU","5132.40",false,false,false,false,"Sony PlayStation 3 Slim 320 GB Charcoal Black Console","https://m.media-amazon.com/images/I/91MhwfzwYnL._AC_UY218_.jpg"
"R430ZXT2P84CM","Reviewed in the United States on April 24, 2021",5,"it works perfectly","Playing ps3 games",true,1,8,"17","B003VUO6LU","playstation 3",false,0,"USD",0,0,0,1222,4.2,"https://www.amazon.com/dp/B003VUO6LU","5132.40",false,false,false,false,"Sony PlayStation 3 Slim 320 GB Charcoal Black Console","https://m.media-amazon.com/images/I/91MhwfzwYnL._AC_UY218_.jpg"
"R2XOYAQUNSMH5P","Reviewed in the United States on April 23, 2021",4,"Worth the wait","System works great product is top notch, the only issue was shipping issues, which the seller did resolve, and was even nice enough to sen a small bonus to make up for shipment issues.",true,1,8,"17","B003VUO6LU","playstation 3",false,0,"USD",0,0,0,1222,4.2,"https://www.amazon.com/dp/B003VUO6LU","5132.40",false,false,false,false,"Sony PlayStation 3 Slim 320 GB Charcoal Black Console","https://m.media-amazon.com/images/I/91MhwfzwYnL._AC_UY218_.jpg"
"R1IXTPIOAKRFO7","Reviewed in the United States on October 12, 2021",5,"Great","Great serviceMy kids loveWorks great so farYou can trust this dealer 💪💪💪💪",true,1,10,"19","B001CSZSBK","playstation 3",false,0,"USD",0,0,0,203,3.9,"https://www.amazon.com/dp/B001CSZSBK","791.70",false,false,false,false,"Sony Playstation 3 80GB Game System BluRay HDMI Console","https://m.media-amazon.com/images/I/41X+xrjmy6L._AC_UY218_.jpg"
"RYHPU5WV7B7ZH","Reviewed in the United States on September 22, 2021",5,"Ps3","The item i got was real good it works great thank you.",true,1,10,"19","B001CSZSBK","playstation 3",false,0,"USD",0,0,0,203,3.9,"https://www.amazon.com/dp/B001CSZSBK","791.70",false,false,false,false,"Sony Playstation 3 80GB Game System BluRay HDMI Console","https://m.media-amazon.com/images/I/41X+xrjmy6L._AC_UY218_.jpg"
"R222N1LENS3P25","Reviewed in the United States on September 2, 2021",1,"Will not even turn on","This product is a waste of money after purchasing it and setting it up I realized that that it would not turn on thinking it was my power source I tried even putting it into a different power source with no use this product will not work at all there's no power going inpower going into the playstation please warning do not get this product it is a scam",true,1,10,"19","B001CSZSBK","playstation 3",false,0,"USD",0,0,0,203,3.9,"https://www.amazon.com/dp/B001CSZSBK","791.70",false,false,false,false,"Sony Playstation 3 80GB Game System BluRay HDMI Console","https://m.media-amazon.com/images/I/41X+xrjmy6L._AC_UY218_.jpg"
"R3U00MFJDG510I","Reviewed in the United States on June 11, 2021",5,"That it works","It works",true,1,10,"19","B001CSZSBK","playstation 3",false,0,"USD",0,0,0,203,3.9,"https://www.amazon.com/dp/B001CSZSBK","791.70",false,false,false,false,"Sony Playstation 3 80GB Game System BluRay HDMI Console","https://m.media-amazon.com/images/I/41X+xrjmy6L._AC_UY218_.jpg"
"R3LZO86BV4IM6F","Reviewed in the United States on May 27, 2021",2,"Not worth it","This was a waste of money.. We've had this since march 7th.When we got it it wasnt letting us play any ps3 games or some movies on the file that was already on.. We made a file then it would but then the disc started to get stuck.. Unreal.. Last time..",true,1,10,"19","B001CSZSBK","playstation 3",false,0,"USD",0,0,0,203,3.9,"https://www.amazon.com/dp/B001CSZSBK","791.70",false,false,false,false,"Sony Playstation 3 80GB Game System BluRay HDMI Console","https://m.media-amazon.com/images/I/41X+xrjmy6L._AC_UY218_.jpg"
"R1CMN1158XFDM5","Reviewed in the United States on May 21, 2021",5,"Very pleased","Am very pleased with product. It is like new and works great.",true,1,10,"19","B001CSZSBK","playstation 3",false,0,"USD",0,0,0,203,3.9,"https://www.amazon.com/dp/B001CSZSBK","791.70",false,false,false,false,"Sony Playstation 3 80GB Game System BluRay HDMI Console","https://m.media-amazon.com/images/I/41X+xrjmy6L._AC_UY218_.jpg"
"R3NSIKK0ZXLVAL","Reviewed in the United States on April 21, 2021",1,"Careful buying could get one that works well. Could get one that barely does.","Barely works.",true,1,10,"19","B001CSZSBK","playstation 3",false,0,"USD",0,0,0,203,3.9,"https://www.amazon.com/dp/B001CSZSBK","791.70",false,false,false,false,"Sony Playstation 3 80GB Game System BluRay HDMI Console","https://m.media-amazon.com/images/I/41X+xrjmy6L._AC_UY218_.jpg"
"R2DFN5A0XVTPKZ","Reviewed in the United States on April 19, 2021",5,"One Happy Customer","At first it came box squished and console was dusty with a spider crawling out !!!! I cleaned it updated it was a lil worried but started working like a champ so all and all I am one happy customer i can play my favorite ps3 games again yay!!!!",true,1,10,"19","B001CSZSBK","playstation 3",false,0,"USD",0,0,0,203,3.9,"https://www.amazon.com/dp/B001CSZSBK","791.70",false,false,false,false,"Sony Playstation 3 80GB Game System BluRay HDMI Console","https://m.media-amazon.com/images/I/41X+xrjmy6L._AC_UY218_.jpg"
"R3233EN6W32FQ7","Reviewed in the United States on April 6, 2021",1,"Smelled HORRIBLE and didnt even work!","My husband purchased this and it came to us in a box that smelled HORRIBLE. It smelled like a head shop/ potheads house where WAY too much incense is burned or something. It wreaked of a very strong pepper smell that did not go away, even after opening the box and airing it out. Not to mention it only worked for about an hour and then gave us the red ring of death and shut down. We were very disappointed with this experience...and then to top it all off WE had to pay to ship the broken product back! Not happy at all with our experience and would not suggest ordering from them.",true,1,10,"19","B001CSZSBK","playstation 3",false,0,"USD",0,0,0,203,3.9,"https://www.amazon.com/dp/B001CSZSBK","791.70",false,false,false,false,"Sony Playstation 3 80GB Game System BluRay HDMI Console","https://m.media-amazon.com/images/I/41X+xrjmy6L._AC_UY218_.jpg"
"RV7E4EQF65CSQ","Reviewed in the United States on April 5, 2021",4,"Great for semi-old school gaming.","Works great, fan gets a bit loud sometimes.I installed a 2TB HDD in it, and I have been contentedly gaming with hundreds of downloads ever since.Recommended.",true,1,10,"19","B001CSZSBK","playstation 3",false,0,"USD",0,0,0,203,3.9,"https://www.amazon.com/dp/B001CSZSBK","791.70",false,false,false,false,"Sony Playstation 3 80GB Game System BluRay HDMI Console","https://m.media-amazon.com/images/I/41X+xrjmy6L._AC_UY218_.jpg"
"R15M170CLXMUSZ","Reviewed in the United States on October 14, 2021",1,"Nothing I imagined. Will return","",true,1,11,"110","B00AEX81SG","playstation 3",false,0,"USD",0,0,0,930,4.4,"https://www.amazon.com/dp/B00AEX81SG","4092.00",false,false,false,false,"Sony PlayStation 3 250GB Console - Black","https://m.media-amazon.com/images/I/51SDqEZpiZL._AC_UY218_.jpg"
"R2CVJALQ65VODB","Reviewed in the United States on August 30, 2021",5,"Gamers delight","I bought this because the old one finely died. The newest version would not play a lot of my old favorites. I was happy that this had a port for surround sound and hooked up to the 60 inch high definition television. I have a studio set up in the garage and this brought my gaming setup back to life.",true,1,11,"110","B00AEX81SG","playstation 3",false,0,"USD",0,0,0,930,4.4,"https://www.amazon.com/dp/B00AEX81SG","4092.00",false,false,false,false,"Sony PlayStation 3 250GB Console - Black","https://m.media-amazon.com/images/I/51SDqEZpiZL._AC_UY218_.jpg"
"R2EW72WE1IL1H3","Reviewed in the United States on June 23, 2021",1,"Not good at all","It gave out on me within a week I had it, idk where this person got it from but this system does not work for me",true,1,11,"110","B00AEX81SG","playstation 3",false,0,"USD",0,0,0,930,4.4,"https://www.amazon.com/dp/B00AEX81SG","4092.00",false,false,false,false,"Sony PlayStation 3 250GB Console - Black","https://m.media-amazon.com/images/I/51SDqEZpiZL._AC_UY218_.jpg"
"R3P4BLRUZLH26X","Reviewed in the United States on June 12, 2021",1,"Change my mind","No longer needed",true,1,11,"110","B00AEX81SG","playstation 3",false,0,"USD",0,0,0,930,4.4,"https://www.amazon.com/dp/B00AEX81SG","4092.00",false,false,false,false,"Sony PlayStation 3 250GB Console - Black","https://m.media-amazon.com/images/I/51SDqEZpiZL._AC_UY218_.jpg"
"R32TC9QF5UZLSV","Reviewed in the United States on June 11, 2021",1,"This PS3 Doesn’t Work","When I first got this PS3, it seemed to work okay. It initially had a few troubles reading discs, but it put up with it because I couldn’t afford to buy another one. Now, less than a year later, it barely reads any discs properly the first time, be it a game, a movie or a CD. Something is seriously wrong with it and I am very disappointed. I wish I had requested a refund when I could. Do NOT buy from this seller.",true,1,11,"110","B00AEX81SG","playstation 3",false,0,"USD",0,0,0,930,4.4,"https://www.amazon.com/dp/B00AEX81SG","4092.00",false,false,false,false,"Sony PlayStation 3 250GB Console - Black","https://m.media-amazon.com/images/I/51SDqEZpiZL._AC_UY218_.jpg"
"R274L5IMDT0AH3","Reviewed in the United States on June 6, 2021",5,"Good","Love it. It's working great.",true,1,11,"110","B00AEX81SG","playstation 3",false,0,"USD",0,0,0,930,4.4,"https://www.amazon.com/dp/B00AEX81SG","4092.00",false,false,false,false,"Sony PlayStation 3 250GB Console - Black","https://m.media-amazon.com/images/I/51SDqEZpiZL._AC_UY218_.jpg"
"R2WLX8L5M0T6C0","Reviewed in the United States on June 3, 2021",1,"Damage Product","The media could not be loaded. The item is not as described online,the top door is broken off/damagedonce i received it.",true,1,11,"110","B00AEX81SG","playstation 3",false,0,"USD",0,0,0,930,4.4,"https://www.amazon.com/dp/B00AEX81SG","4092.00",false,false,false,false,"Sony PlayStation 3 250GB Console - Black","https://m.media-amazon.com/images/I/51SDqEZpiZL._AC_UY218_.jpg"
"R1LJV73VTBGDXW","Reviewed in the United States on June 1, 2021",2,"Product look","Product was dusty ...dirty even.. in some places and took long to power up.",true,1,11,"110","B00AEX81SG","playstation 3",false,0,"USD",0,0,0,930,4.4,"https://www.amazon.com/dp/B00AEX81SG","4092.00",false,false,false,false,"Sony PlayStation 3 250GB Console - Black","https://m.media-amazon.com/images/I/51SDqEZpiZL._AC_UY218_.jpg"
"R30CW48VIMGY6V","Reviewed in the United States on May 22, 2021",1,"What a letdown.","When I was told “used”, I wasn’t expecting “scratched to all hell, missing controller charging cable and disc cover, don’t expect to play any of your old games”.1 star is one too many, but it is what it is. Luckily, the majority of my games were available for download anyway.",true,1,11,"110","B00AEX81SG","playstation 3",false,0,"USD",0,0,0,930,4.4,"https://www.amazon.com/dp/B00AEX81SG","4092.00",false,false,false,false,"Sony PlayStation 3 250GB Console - Black","https://m.media-amazon.com/images/I/51SDqEZpiZL._AC_UY218_.jpg"
"RXCPHN1MT5LRI","Reviewed in the United States on May 14, 2021",5,"Good PS 3","It works great. I haven’t had any problems with it. All the parts were sent.",true,1,11,"110","B00AEX81SG","playstation 3",false,0,"USD",0,0,0,930,4.4,"https://www.amazon.com/dp/B00AEX81SG","4092.00",false,false,false,false,"Sony PlayStation 3 250GB Console - Black","https://m.media-amazon.com/images/I/51SDqEZpiZL._AC_UY218_.jpg"
"R3R6SMSATL5C7C","Reviewed in the United States on July 23, 2021",5,"Works","It works well especially for how old it is",true,1,12,"111","B002I0H738","playstation 3",false,0,"USD",0,0,0,597,4.4,"https://www.amazon.com/dp/B002I0H738","2626.80",false,false,false,false,"PlayStation 3 250GB System","https://m.media-amazon.com/images/I/41+7ijf43jL._AC_UY218_.jpg"
"RDCSUDKOV12QV","Reviewed in the United States on June 25, 2021",2,"No one sign for my order and last name spell wrong as well","Last name spell wrong no one sign for pack at all",true,1,12,"111","B002I0H738","playstation 3",false,0,"USD",0,0,0,597,4.4,"https://www.amazon.com/dp/B002I0H738","2626.80",false,false,false,false,"PlayStation 3 250GB System","https://m.media-amazon.com/images/I/41+7ijf43jL._AC_UY218_.jpg"
"ROJK6EN54SBE1","Reviewed in the United States on April 27, 2021",5,"Take Advantage of PSN While You Can","Works great. Enjoying a full library of PS3 and PS1 games. Music and picture collection. Plays movies from flash drive, micro SD via adapter and of course, DVD and Blu Rays. Probably the last of the great Sony game systems.",true,1,12,"111","B002I0H738","playstation 3",false,0,"USD",0,0,0,597,4.4,"https://www.amazon.com/dp/B002I0H738","2626.80",false,false,false,false,"PlayStation 3 250GB System","https://m.media-amazon.com/images/I/41+7ijf43jL._AC_UY218_.jpg"
"R1OCD6LYTWF11K","Reviewed in the United States on April 23, 2021",5,"It's a good product","It's a awesome product and it works well and I love how he gave me a bonus",true,1,12,"111","B002I0H738","playstation 3",false,0,"USD",0,0,0,597,4.4,"https://www.amazon.com/dp/B002I0H738","2626.80",false,false,false,false,"PlayStation 3 250GB System","https://m.media-amazon.com/images/I/41+7ijf43jL._AC_UY218_.jpg"
"R23I0PV6EDH7C4","Reviewed in the United States on March 11, 2021",1,"Died after two weeks of normal play","It bricked almost immediately and I had to buy a new one. The controller it came with also wouldn't work unless kept plugged in, and had serious issues with the joysticks and buttons -- it would scroll and select things at random when I tried to play. I often had to use a PS4 controller instead because it was so frustrating.",true,1,12,"111","B002I0H738","playstation 3",false,0,"USD",0,0,0,597,4.4,"https://www.amazon.com/dp/B002I0H738","2626.80",false,false,false,false,"PlayStation 3 250GB System","https://m.media-amazon.com/images/I/41+7ijf43jL._AC_UY218_.jpg"
"R3VEZ0PU9YNUCW","Reviewed in the United States on January 30, 2021",1,"Very disappointed","Received for Christmas gift. It did work. Ir did not turn on. It clearly was not “refurbished”Very disappointing and a waste if time.",true,1,12,"111","B002I0H738","playstation 3",false,0,"USD",0,0,0,597,4.4,"https://www.amazon.com/dp/B002I0H738","2626.80",false,false,false,false,"PlayStation 3 250GB System","https://m.media-amazon.com/images/I/41+7ijf43jL._AC_UY218_.jpg"
"R15TMP1ZOK5413","Reviewed in the United States on January 7, 2021",5,"Exactly what i wanted","Works Perfect like brand new",true,1,12,"111","B002I0H738","playstation 3",false,0,"USD",0,0,0,597,4.4,"https://www.amazon.com/dp/B002I0H738","2626.80",false,false,false,false,"PlayStation 3 250GB System","https://m.media-amazon.com/images/I/41+7ijf43jL._AC_UY218_.jpg"
"R39YNN6V34131I","Reviewed in the United States on January 4, 2021",5,"A well performing predecessor to the PS4","Still works. The gaming storage is proficient.",true,1,12,"111","B002I0H738","playstation 3",false,0,"USD",0,0,0,597,4.4,"https://www.amazon.com/dp/B002I0H738","2626.80",false,false,false,false,"PlayStation 3 250GB System","https://m.media-amazon.com/images/I/41+7ijf43jL._AC_UY218_.jpg"
"R3QV9P3P5Q2PMX","Reviewed in the United States on January 2, 2021",5,"EXCELLENT QUALITY","NO ISSUES WITH THE SYSTEM....HONEST SELLER",true,1,12,"111","B002I0H738","playstation 3",false,0,"USD",0,0,0,597,4.4,"https://www.amazon.com/dp/B002I0H738","2626.80",false,false,false,false,"PlayStation 3 250GB System","https://m.media-amazon.com/images/I/41+7ijf43jL._AC_UY218_.jpg"
"R9VE96QI0VUGE","Reviewed in the United States on October 27, 2020",5,"Love it","Shipped and delivered quicker then original told. And came in better shape then I was expecting. The red controller is neat.",true,1,12,"111","B002I0H738","playstation 3",false,0,"USD",0,0,0,597,4.4,"https://www.amazon.com/dp/B002I0H738","2626.80",false,false,false,false,"PlayStation 3 250GB System","https://m.media-amazon.com/images/I/41+7ijf43jL._AC_UY218_.jpg"
"R4R0ZZMKQCMF3","Reviewed in the United States on September 23, 2021",5,"Perfect!","I love that the cords are long enough and they don't slip out easily!",true,1,13,"112","B07TBVZ2LX","playstation 3",false,0,"USD",0,0,0,1265,4.7,"https://www.amazon.com/dp/B07TBVZ2LX","5945.50",false,false,false,false,"2 Pack 10ft PS3 Controller Charging Cable, USB 2.0 Type A to Mini B Cable Sync Cord for Sony Playstation 3 PS3/ PS3 Slim/P...","https://m.media-amazon.com/images/I/61QGPw-ax4L._AC_UY218_.jpg"
"R2943BXB3PFWUG","Reviewed in the United States on September 21, 2021",5,"Happy customer :)","I got these chords for PS3 controllers, and they came with a pair of joy stick covers. They now distinguish between the two identical controllers I have. Connectivity is tight and exactly what I wanted. Recommend product!",true,1,13,"112","B07TBVZ2LX","playstation 3",false,0,"USD",0,0,0,1265,4.7,"https://www.amazon.com/dp/B07TBVZ2LX","5945.50",false,false,false,false,"2 Pack 10ft PS3 Controller Charging Cable, USB 2.0 Type A to Mini B Cable Sync Cord for Sony Playstation 3 PS3/ PS3 Slim/P...","https://m.media-amazon.com/images/I/61QGPw-ax4L._AC_UY218_.jpg"
"R2I214FXWRB4FE","Reviewed in the United States on September 17, 2021",4,"Cheaply made did not hold up","Cheaply made did not hold up",true,1,13,"112","B07TBVZ2LX","playstation 3",false,0,"USD",0,0,0,1265,4.7,"https://www.amazon.com/dp/B07TBVZ2LX","5945.50",false,false,false,false,"2 Pack 10ft PS3 Controller Charging Cable, USB 2.0 Type A to Mini B Cable Sync Cord for Sony Playstation 3 PS3/ PS3 Slim/P...","https://m.media-amazon.com/images/I/61QGPw-ax4L._AC_UY218_.jpg"
"R31U4IOURC3LJN","Reviewed in the United States on August 30, 2021",5,"Value great","Nice value",true,1,13,"112","B07TBVZ2LX","playstation 3",false,0,"USD",0,0,0,1265,4.7,"https://www.amazon.com/dp/B07TBVZ2LX","5945.50",false,false,false,false,"2 Pack 10ft PS3 Controller Charging Cable, USB 2.0 Type A to Mini B Cable Sync Cord for Sony Playstation 3 PS3/ PS3 Slim/P...","https://m.media-amazon.com/images/I/61QGPw-ax4L._AC_UY218_.jpg"
"R3QE5METTDWKX2","Reviewed in the United States on August 28, 2021",5,"Great value","They were exactly what they were described to be.They work perfectly.",true,1,13,"112","B07TBVZ2LX","playstation 3",false,0,"USD",0,0,0,1265,4.7,"https://www.amazon.com/dp/B07TBVZ2LX","5945.50",false,false,false,false,"2 Pack 10ft PS3 Controller Charging Cable, USB 2.0 Type A to Mini B Cable Sync Cord for Sony Playstation 3 PS3/ PS3 Slim/P...","https://m.media-amazon.com/images/I/61QGPw-ax4L._AC_UY218_.jpg"
"RK2B9QLYPPRG8","Reviewed in the United States on August 14, 2021",5,"Great","This is great",true,1,13,"112","B07TBVZ2LX","playstation 3",false,0,"USD",0,0,0,1265,4.7,"https://www.amazon.com/dp/B07TBVZ2LX","5945.50",false,false,false,false,"2 Pack 10ft PS3 Controller Charging Cable, USB 2.0 Type A to Mini B Cable Sync Cord for Sony Playstation 3 PS3/ PS3 Slim/P...","https://m.media-amazon.com/images/I/61QGPw-ax4L._AC_UY218_.jpg"
"R1J70IC26JWLV1","Reviewed in the United States on August 8, 2021",4,"Great cords","Superfast shipper with a great product.",true,1,13,"112","B07TBVZ2LX","playstation 3",false,0,"USD",0,0,0,1265,4.7,"https://www.amazon.com/dp/B07TBVZ2LX","5945.50",false,false,false,false,"2 Pack 10ft PS3 Controller Charging Cable, USB 2.0 Type A to Mini B Cable Sync Cord for Sony Playstation 3 PS3/ PS3 Slim/P...","https://m.media-amazon.com/images/I/61QGPw-ax4L._AC_UY218_.jpg"
"R1VRQ1S0H6R69S","Reviewed in the United States on August 4, 2021",5,"excellent service!","I liked the fact that these were 10 ft cables and that they are in new condition.",true,1,13,"112","B07TBVZ2LX","playstation 3",false,0,"USD",0,0,0,1265,4.7,"https://www.amazon.com/dp/B07TBVZ2LX","5945.50",false,false,false,false,"2 Pack 10ft PS3 Controller Charging Cable, USB 2.0 Type A to Mini B Cable Sync Cord for Sony Playstation 3 PS3/ PS3 Slim/P...","https://m.media-amazon.com/images/I/61QGPw-ax4L._AC_UY218_.jpg"
"R1431VL4V3U6UG","Reviewed in the United States on July 22, 2021",5,"Made my day!","Purchased these cords for our PS3 - they are perfect and great quality! - my 6 year old was beyond excited when he received the AWESOME rubber joystick covers with our order. Seriously, made his day and I thought what a great touch! So so thoughtful, thank you!",true,1,13,"112","B07TBVZ2LX","playstation 3",false,0,"USD",0,0,0,1265,4.7,"https://www.amazon.com/dp/B07TBVZ2LX","5945.50",false,false,false,false,"2 Pack 10ft PS3 Controller Charging Cable, USB 2.0 Type A to Mini B Cable Sync Cord for Sony Playstation 3 PS3/ PS3 Slim/P...","https://m.media-amazon.com/images/I/61QGPw-ax4L._AC_UY218_.jpg"
"R27DAOX4SR99F0","Reviewed in the United States on July 15, 2021",5,"I got it very fast","it works good",true,1,13,"112","B07TBVZ2LX","playstation 3",false,0,"USD",0,0,0,1265,4.7,"https://www.amazon.com/dp/B07TBVZ2LX","5945.50",false,false,false,false,"2 Pack 10ft PS3 Controller Charging Cable, USB 2.0 Type A to Mini B Cable Sync Cord for Sony Playstation 3 PS3/ PS3 Slim/P...","https://m.media-amazon.com/images/I/61QGPw-ax4L._AC_UY218_.jpg"
"RHSSFMI8AKZC7","Reviewed in the United States on August 5, 2021",4,"Good off brand controller not six axis.","So first off once paired works with ps3 all regular buttons and functions seem great.Battery had a charge and kept while testing, both pc and ps3 compatible as wireless controller.The color is really weird mustard yellow is not gold, aside from that the fit and finish is good.Only downside is they do not have six axis support not motion response for me.Did a bulletproof test fired up killzone 2 ran through till you have to open floodgate it does not work as a motion controller.",true,1,14,"113","B08DW3WTXD","playstation 3",false,24.5,"USD",0,0,0,24,4.1,"https://www.amazon.com/dp/B08DW3WTXD","98.40",false,false,false,false,"Sponsored Ad - Navor 2 Packs Generic Wireless Bluetooth 6-Axis Gamepad Controllers Compatible for Playstation 3 - with 2 p...","https://m.media-amazon.com/images/I/71pVNJ9xhyL._AC_UY218_.jpg"
"R3US41RB5KOL7U","Reviewed in the United States on December 8, 2020",5,"Muy Bueno","Excelente",true,1,14,"113","B08DW3WTXD","playstation 3",false,24.5,"USD",0,0,0,24,4.1,"https://www.amazon.com/dp/B08DW3WTXD","98.40",false,false,false,false,"Sponsored Ad - Navor 2 Packs Generic Wireless Bluetooth 6-Axis Gamepad Controllers Compatible for Playstation 3 - with 2 p...","https://m.media-amazon.com/images/I/71pVNJ9xhyL._AC_UY218_.jpg"
"cr-translate-846414208",,,"","",false,1,15,"114","B004RMK57U","playstation 3",false,24.99,"USD",0,0,0,17043,4.8,"https://www.amazon.com/dp/B004RMK57U","81806.40",false,false,false,false,"Playstation Plus: 3 Month Membership [Digital Code]","https://m.media-amazon.com/images/I/615R6YLldrL._AC_UY218_.jpg"
"R17VL04SZCMZQJ","Reviewed in the United States on October 14, 2021",5,"Good","Good and cheap way if you want to see what PSN is like, I enjoyed it and after I stayed w PSN now I play nonstop on my spare time, good deal!",true,1,15,"114","B004RMK57U","playstation 3",false,24.99,"USD",0,0,0,17043,4.8,"https://www.amazon.com/dp/B004RMK57U","81806.40",false,false,false,false,"Playstation Plus: 3 Month Membership [Digital Code]","https://m.media-amazon.com/images/I/615R6YLldrL._AC_UY218_.jpg"
"RELLWZRB5RXKX","Reviewed in the United States on October 8, 2021",5,"Top","Thank you",true,1,15,"114","B004RMK57U","playstation 3",false,24.99,"USD",0,0,0,17043,4.8,"https://www.amazon.com/dp/B004RMK57U","81806.40",false,false,false,false,"Playstation Plus: 3 Month Membership [Digital Code]","https://m.media-amazon.com/images/I/615R6YLldrL._AC_UY218_.jpg"
"R28SF8852LAW6T","Reviewed in the United States on October 6, 2021",5,"Muy buen producto, envio inmediato","Envío inmediato",true,1,15,"114","B004RMK57U","playstation 3",false,24.99,"USD",0,0,0,17043,4.8,"https://www.amazon.com/dp/B004RMK57U","81806.40",false,false,false,false,"Playstation Plus: 3 Month Membership [Digital Code]","https://m.media-amazon.com/images/I/615R6YLldrL._AC_UY218_.jpg"
"R3PVILFB87717I","Reviewed in the United States on October 2, 2021",5,"Perfect","It worked the email came in seconds for the code",true,1,15,"114","B004RMK57U","playstation 3",false,24.99,"USD",0,0,0,17043,4.8,"https://www.amazon.com/dp/B004RMK57U","81806.40",false,false,false,false,"Playstation Plus: 3 Month Membership [Digital Code]","https://m.media-amazon.com/images/I/615R6YLldrL._AC_UY218_.jpg"
"R18TZZ4FN5NJ3B","Reviewed in the United States on September 24, 2021",5,"Bueno","Buena compra",true,1,15,"114","B004RMK57U","playstation 3",false,24.99,"USD",0,0,0,17043,4.8,"https://www.amazon.com/dp/B004RMK57U","81806.40",false,false,false,false,"Playstation Plus: 3 Month Membership [Digital Code]","https://m.media-amazon.com/images/I/615R6YLldrL._AC_UY218_.jpg"
"R2BODELA09YPZP","Reviewed in the United States on September 21, 2021",5,"Friend gift","A gift for a friend",true,1,15,"114","B004RMK57U","playstation 3",false,24.99,"USD",0,0,0,17043,4.8,"https://www.amazon.com/dp/B004RMK57U","81806.40",false,false,false,false,"Playstation Plus: 3 Month Membership [Digital Code]","https://m.media-amazon.com/images/I/615R6YLldrL._AC_UY218_.jpg"
"R2WFJ9O6NMT2A1","Reviewed in the United States on September 19, 2021",5,"Gracias","Excelente",true,1,15,"114","B004RMK57U","playstation 3",false,24.99,"USD",0,0,0,17043,4.8,"https://www.amazon.com/dp/B004RMK57U","81806.40",false,false,false,false,"Playstation Plus: 3 Month Membership [Digital Code]","https://m.media-amazon.com/images/I/615R6YLldrL._AC_UY218_.jpg"
"R2O3VPIDTV0WIU","Reviewed in the United States on September 19, 2021",5,"subscription card","It's a subscription card. Don't ask for a review on something like this",true,1,15,"114","B004RMK57U","playstation 3",false,24.99,"USD",0,0,0,17043,4.8,"https://www.amazon.com/dp/B004RMK57U","81806.40",false,false,false,false,"Playstation Plus: 3 Month Membership [Digital Code]","https://m.media-amazon.com/images/I/615R6YLldrL._AC_UY218_.jpg"
"R2LVFBHBMRAC92","Reviewed in the United States on September 16, 2021",5,"Genial","Lo use para suscripciones mensuales",true,1,15,"114","B004RMK57U","playstation 3",false,24.99,"USD",0,0,0,17043,4.8,"https://www.amazon.com/dp/B004RMK57U","81806.40",false,false,false,false,"Playstation Plus: 3 Month Membership [Digital Code]","https://m.media-amazon.com/images/I/615R6YLldrL._AC_UY218_.jpg"
"R2EDUT1T1BDLPI","Reviewed in the United States on September 10, 2021",5,"Liked it","Liked it",true,1,15,"114","B004RMK57U","playstation 3",false,24.99,"USD",0,0,0,17043,4.8,"https://www.amazon.com/dp/B004RMK57U","81806.40",false,false,false,false,"Playstation Plus: 3 Month Membership [Digital Code]","https://m.media-amazon.com/images/I/615R6YLldrL._AC_UY218_.jpg"
"R15LXNYI9KYGAE","Reviewed in the United States on October 21, 2021",1,"The analog sticks are not as responsive as i would like them to be .","I was excited for these controllers because they were inexpensive but i was disappointed when i tried them out . The analog sticks on the controllers are not as responsive as i would like them to be . First person shooter games are hard to play with these controllers .",true,1,16,"115","B07K1DMLS1","playstation 3",false,0,"USD",0,0,0,6244,4.3,"https://www.amazon.com/dp/B07K1DMLS1","26849.20",false,false,false,false,"CHENGDAO Wireless Controller 2 Pack Compatible with Playstation 3 with High Performance Double Shock,Motion Control,USB Ca...","https://m.media-amazon.com/images/I/61hXhIdv78L._AC_UY218_.jpg"
"R34GKO3RVCN35W","Reviewed in the United States on October 19, 2021",5,"Sleeper PS3 Controller Deal. Must Get.","The media could not be loaded. 9.5/10. Love it. Will update review if something happens.",true,1,16,"115","B07K1DMLS1","playstation 3",false,0,"USD",0,0,0,6244,4.3,"https://www.amazon.com/dp/B07K1DMLS1","26849.20",false,false,false,false,"CHENGDAO Wireless Controller 2 Pack Compatible with Playstation 3 with High Performance Double Shock,Motion Control,USB Ca...","https://m.media-amazon.com/images/I/61hXhIdv78L._AC_UY218_.jpg"
"R3FA29I92V96TL","Reviewed in the United States on October 17, 2021",2,"Junk","right out of the box 1 controller get stuck go left it would have ben nice to use the controller more than once.",true,1,16,"115","B07K1DMLS1","playstation 3",false,0,"USD",0,0,0,6244,4.3,"https://www.amazon.com/dp/B07K1DMLS1","26849.20",false,false,false,false,"CHENGDAO Wireless Controller 2 Pack Compatible with Playstation 3 with High Performance Double Shock,Motion Control,USB Ca...","https://m.media-amazon.com/images/I/61hXhIdv78L._AC_UY218_.jpg"
"RA0R6GA26A17E","Reviewed in the United States on October 14, 2021",2,"Quaility issue.","Not impressed with the durability, many years of playing games so we are light handed with our equipment, not banging the sticks and stuff like that and these are just wearing out very fast -I would not recommend them at this time unless the quality rises...",true,1,16,"115","B07K1DMLS1","playstation 3",false,0,"USD",0,0,0,6244,4.3,"https://www.amazon.com/dp/B07K1DMLS1","26849.20",false,false,false,false,"CHENGDAO Wireless Controller 2 Pack Compatible with Playstation 3 with High Performance Double Shock,Motion Control,USB Ca...","https://m.media-amazon.com/images/I/61hXhIdv78L._AC_UY218_.jpg"
"R6F5ND8L3VKY0","Reviewed in the United States on October 2, 2021",1,"Dont even try","Thought i would save some money here but they r hard to charge and dont hold a charge they have to stay plugged in to work. Waste of time and money",true,1,16,"115","B07K1DMLS1","playstation 3",false,0,"USD",0,0,0,6244,4.3,"https://www.amazon.com/dp/B07K1DMLS1","26849.20",false,false,false,false,"CHENGDAO Wireless Controller 2 Pack Compatible with Playstation 3 with High Performance Double Shock,Motion Control,USB Ca...","https://m.media-amazon.com/images/I/61hXhIdv78L._AC_UY218_.jpg"
"R17C1NFV0M7ZB8","Reviewed in the United States on September 23, 2021",5,"But it was for the ps3 not for the ps4","Wrong system",true,1,16,"115","B07K1DMLS1","playstation 3",false,0,"USD",0,0,0,6244,4.3,"https://www.amazon.com/dp/B07K1DMLS1","26849.20",false,false,false,false,"CHENGDAO Wireless Controller 2 Pack Compatible with Playstation 3 with High Performance Double Shock,Motion Control,USB Ca...","https://m.media-amazon.com/images/I/61hXhIdv78L._AC_UY218_.jpg"
"R1NOHG1OMTBKG4","Reviewed in the United States on September 18, 2021",5,"Great replacement","These were a great replacement for the original controllers that got old. They seem to hold up pretty well as they are currently used by and we're ordered for my children. They are pretty rough on stuff so I give these a thumbs up because they aren't broke yet and they work great.",true,1,16,"115","B07K1DMLS1","playstation 3",false,0,"USD",0,0,0,6244,4.3,"https://www.amazon.com/dp/B07K1DMLS1","26849.20",false,false,false,false,"CHENGDAO Wireless Controller 2 Pack Compatible with Playstation 3 with High Performance Double Shock,Motion Control,USB Ca...","https://m.media-amazon.com/images/I/61hXhIdv78L._AC_UY218_.jpg"
"R2YBU4TVX4TJZB","Reviewed in the United States on September 18, 2021",5,"Nice product","Quality products. Kids really like them.",true,1,16,"115","B07K1DMLS1","playstation 3",false,0,"USD",0,0,0,6244,4.3,"https://www.amazon.com/dp/B07K1DMLS1","26849.20",false,false,false,false,"CHENGDAO Wireless Controller 2 Pack Compatible with Playstation 3 with High Performance Double Shock,Motion Control,USB Ca...","https://m.media-amazon.com/images/I/61hXhIdv78L._AC_UY218_.jpg"
"R2QS3WUEU3HER2","Reviewed in the United States on September 18, 2021",5,"Changing lights","The lights do not go off when it's done charging",true,1,16,"115","B07K1DMLS1","playstation 3",false,0,"USD",0,0,0,6244,4.3,"https://www.amazon.com/dp/B07K1DMLS1","26849.20",false,false,false,false,"CHENGDAO Wireless Controller 2 Pack Compatible with Playstation 3 with High Performance Double Shock,Motion Control,USB Ca...","https://m.media-amazon.com/images/I/61hXhIdv78L._AC_UY218_.jpg"
"RHEAWNZ6G3A4U","Reviewed in the United States on September 18, 2021",5,"Good product","Great value for the price. I expected these to work,but not as well as they do. Hooked up quickly, run smoothly , almost as good as the OE counterpart. Did have to pause and redo the signal,but for the saving it's well worth it, would deff buy again when they go out. Been using for a few months now, will update if/when they finally die.",true,1,16,"115","B07K1DMLS1","playstation 3",false,0,"USD",0,0,0,6244,4.3,"https://www.amazon.com/dp/B07K1DMLS1","26849.20",false,false,false,false,"CHENGDAO Wireless Controller 2 Pack Compatible with Playstation 3 with High Performance Double Shock,Motion Control,USB Ca...","https://m.media-amazon.com/images/I/61hXhIdv78L._AC_UY218_.jpg"
"cr-translate--468513864",,,"","",false,1,17,"116","B01I0GEDEY","playstation 3",false,76.75,"USD",0,0,0,1326,4.5,"https://www.amazon.com/dp/B01I0GEDEY","5967.00",false,false,false,false,"Qanba Drone Joystick for PlayStation 4 and PlayStation 3 and PC (Fighting Stick) Officially Licensed Sony Product","https://m.media-amazon.com/images/I/81nd+d1KVgL._AC_UY218_.jpg"
"RDLLPOHFLUPVZ","Reviewed in the United States on October 21, 2021",4,"Gets the job done for Windows","Used this to play Melty Blood and Blazblue Central Fiction off of steam, worked great for both, though you may want to consider modifying it with a hexagonal gate down the road.",true,1,17,"116","B01I0GEDEY","playstation 3",false,76.75,"USD",0,0,0,1326,4.5,"https://www.amazon.com/dp/B01I0GEDEY","5967.00",false,false,false,false,"Qanba Drone Joystick for PlayStation 4 and PlayStation 3 and PC (Fighting Stick) Officially Licensed Sony Product","https://m.media-amazon.com/images/I/81nd+d1KVgL._AC_UY218_.jpg"
"R27DKHM38WJ4DA","Reviewed in the United States on September 30, 2021",5,"Excelente","Quede muy feliz con el producto, gracias!",true,1,17,"116","B01I0GEDEY","playstation 3",false,76.75,"USD",0,0,0,1326,4.5,"https://www.amazon.com/dp/B01I0GEDEY","5967.00",false,false,false,false,"Qanba Drone Joystick for PlayStation 4 and PlayStation 3 and PC (Fighting Stick) Officially Licensed Sony Product","https://m.media-amazon.com/images/I/81nd+d1KVgL._AC_UY218_.jpg"
"R17SACWQKY0JSV","Reviewed in the United States on September 28, 2021",5,"My son loves it and uses constantly","He is a computer gamer and said it makes a big difference in his games",true,1,17,"116","B01I0GEDEY","playstation 3",false,76.75,"USD",0,0,0,1326,4.5,"https://www.amazon.com/dp/B01I0GEDEY","5967.00",false,false,false,false,"Qanba Drone Joystick for PlayStation 4 and PlayStation 3 and PC (Fighting Stick) Officially Licensed Sony Product","https://m.media-amazon.com/images/I/81nd+d1KVgL._AC_UY218_.jpg"
"R1OPLKG70P4ICF","Reviewed in the United States on September 26, 2021",5,"Good beginner stick","Great stick for first timers, bought it for my friend but he never uses it so thats an L",true,1,17,"116","B01I0GEDEY","playstation 3",false,76.75,"USD",0,0,0,1326,4.5,"https://www.amazon.com/dp/B01I0GEDEY","5967.00",false,false,false,false,"Qanba Drone Joystick for PlayStation 4 and PlayStation 3 and PC (Fighting Stick) Officially Licensed Sony Product","https://m.media-amazon.com/images/I/81nd+d1KVgL._AC_UY218_.jpg"
"R2Q2XLMUE21F3B","Reviewed in the United States on September 15, 2021",5,"Great beginner stick","I play Melty Blood and Guilty Gear on Playstation, and this stick has that great arcade feel! Pretty decent stick and easily moddable, I plan to swap out the Qanba lever for a Sanwa JLF soon in the future. The buttons are too loud but I will swap them out for Sanwa silents.",true,1,17,"116","B01I0GEDEY","playstation 3",false,76.75,"USD",0,0,0,1326,4.5,"https://www.amazon.com/dp/B01I0GEDEY","5967.00",false,false,false,false,"Qanba Drone Joystick for PlayStation 4 and PlayStation 3 and PC (Fighting Stick) Officially Licensed Sony Product","https://m.media-amazon.com/images/I/81nd+d1KVgL._AC_UY218_.jpg"
"R23XCRI5HWYB5E","Reviewed in the United States on August 2, 2021",5,"Great stick for a reasonable price","Bought it because I haven't ever used an arcade stick and wanted to test the waters without breaking the bank.Fully compatible with ps5.",true,1,17,"116","B01I0GEDEY","playstation 3",false,76.75,"USD",0,0,0,1326,4.5,"https://www.amazon.com/dp/B01I0GEDEY","5967.00",false,false,false,false,"Qanba Drone Joystick for PlayStation 4 and PlayStation 3 and PC (Fighting Stick) Officially Licensed Sony Product","https://m.media-amazon.com/images/I/81nd+d1KVgL._AC_UY218_.jpg"
"R8UK7U1TM5DDB","Reviewed in the United States on July 26, 2021",3,"Stock parts kinda suck","For the price this is an okay starter stick, but a little pricey for what you get.I like the design but the stick is really bad and the buttons are so-so.The plus side is it's really easy to upgrade and is compatible with Sanwa parts.",true,1,17,"116","B01I0GEDEY","playstation 3",false,76.75,"USD",0,0,0,1326,4.5,"https://www.amazon.com/dp/B01I0GEDEY","5967.00",false,false,false,false,"Qanba Drone Joystick for PlayStation 4 and PlayStation 3 and PC (Fighting Stick) Officially Licensed Sony Product","https://m.media-amazon.com/images/I/81nd+d1KVgL._AC_UY218_.jpg"
"R3JPIH499RFA5J","Reviewed in the United States on July 19, 2021",5,"Great beginner stick","I've been using the drone for a few weeks now, all stock parts, on guilty gear strive. Before on PS5 game pad I had issues with inputting reversal supers or with timing dash macro, but now those actions feel a lot easier for me. It did take a bit to get used to the game again, but I'd say I'm at the same level as I was with a controller now. Also, I ordered from Amazon Warehouse and it said item case was damaged. The stick itself is perfect, but the blue qanba box(which was in a brown qanba box which was in a brown amazon box) was damaged. All in all great beginner buy!",true,1,17,"116","B01I0GEDEY","playstation 3",false,76.75,"USD",0,0,0,1326,4.5,"https://www.amazon.com/dp/B01I0GEDEY","5967.00",false,false,false,false,"Qanba Drone Joystick for PlayStation 4 and PlayStation 3 and PC (Fighting Stick) Officially Licensed Sony Product","https://m.media-amazon.com/images/I/81nd+d1KVgL._AC_UY218_.jpg"
"R2Z9ASL58GQWGR","Reviewed in the United States on July 16, 2021",5,"Best fight stick / large button controller for the money.","Big buttons with excellent response time. Programmable. Modable. Durable.Best fight stick for the money. Used for/ Guilty gear.Mortal combat. Blaze blue.Works well pc or console.",true,1,17,"116","B01I0GEDEY","playstation 3",false,76.75,"USD",0,0,0,1326,4.5,"https://www.amazon.com/dp/B01I0GEDEY","5967.00",false,false,false,false,"Qanba Drone Joystick for PlayStation 4 and PlayStation 3 and PC (Fighting Stick) Officially Licensed Sony Product","https://m.media-amazon.com/images/I/81nd+d1KVgL._AC_UY218_.jpg"
"R1GL3ZLP8HH12G","Reviewed in the United States on June 10, 2021",5,"WORKS ON PS5 WITH GAMES","I bought this just for GG Strive on PS5 since it was listed on Sony's site as being officially licensed. It works flawlessly with no set up. Simply plug it into your PS5 and it will work with PS5 & PS4 games. You can use it on any game but if the game uses twin analog stick for movements it wont work too well. I def recommend this as a starter arcade stick because its made of mostly plastic and already I'm kinda worried if I go too hard on it during a session I'll end up snapping off the joystick. If I end up using it a lot I will upgrade to a more sturdy (expensive) model.",true,1,17,"116","B01I0GEDEY","playstation 3",false,76.75,"USD",0,0,0,1326,4.5,"https://www.amazon.com/dp/B01I0GEDEY","5967.00",false,false,false,false,"Qanba Drone Joystick for PlayStation 4 and PlayStation 3 and PC (Fighting Stick) Officially Licensed Sony Product","https://m.media-amazon.com/images/I/81nd+d1KVgL._AC_UY218_.jpg"