"review.id","review.review_data","review.rating","review.title","review.review","review.verified_purchase","product.position.page","product.position.position","product.position.global_position","product.asin","product.keyword","product.price.discounted","product.price.current_price","product.price.currency","product.price.before_price","product.price.savings_amount","product.price.savings_percent","product.reviews.total_reviews","product.reviews.rating","product.url","product.score","product.sponsored","product.amazonChoice","product.bestSeller","product.amazonPrime","product.title","product.thumbnail"
"R1J2O5EFGTWAUQ","Reviewed in the United States on October 22, 2021",4,"Great controller but....","This is your standard XBox360 controller but you can get one with a receiver remote for $5 less.I have no complaints about this controller except for the value in comparison to other offers.",true,1,1,"10","B07L73CW6T","xbox 360",false,0,"USD",0,0,0,8762,4.4,"https://www.amazon.com/dp/B07L73CW6T","38552.80",false,false,false,false,"Wireless Controller for Xbox 360, Astarry 2.4GHZ Game Controller Gamepad Joystick for Xbox & Slim 360 PC Windows 7, 8, 10...","https://m.media-amazon.com/images/I/71MraMcKklL._AC_UY218_.jpg"
"RCSEH4ONF6HZT","Reviewed in the United States on October 20, 2021",1,"Does not work","I bought this to link it to an Xbox 360 and it is unable to link no matter how much I try. Do not waste your money",true,1,1,"10","B07L73CW6T","xbox 360",false,0,"USD",0,0,0,8762,4.4,"https://www.amazon.com/dp/B07L73CW6T","38552.80",false,false,false,false,"Wireless Controller for Xbox 360, Astarry 2.4GHZ Game Controller Gamepad Joystick for Xbox & Slim 360 PC Windows 7, 8, 10...","https://m.media-amazon.com/images/I/71MraMcKklL._AC_UY218_.jpg"
"R3K8OQJNP8SDIC","Reviewed in the United States on October 18, 2021",1,"Constantly disconnects","I order like 3 of these because they look and feel great.But all 3 battery packs fell apart, and the controller constantly disconnects like it has low battery. Were using it on an Xbox 360.",true,1,1,"10","B07L73CW6T","xbox 360",false,0,"USD",0,0,0,8762,4.4,"https://www.amazon.com/dp/B07L73CW6T","38552.80",false,false,false,false,"Wireless Controller for Xbox 360, Astarry 2.4GHZ Game Controller Gamepad Joystick for Xbox & Slim 360 PC Windows 7, 8, 10...","https://m.media-amazon.com/images/I/71MraMcKklL._AC_UY218_.jpg"
"R1JQA1FXLJZ39P","Reviewed in the United States on October 18, 2021",4,"\\",";ll",true,1,1,"10","B07L73CW6T","xbox 360",false,0,"USD",0,0,0,8762,4.4,"https://www.amazon.com/dp/B07L73CW6T","38552.80",false,false,false,false,"Wireless Controller for Xbox 360, Astarry 2.4GHZ Game Controller Gamepad Joystick for Xbox & Slim 360 PC Windows 7, 8, 10...","https://m.media-amazon.com/images/I/71MraMcKklL._AC_UY218_.jpg"
"R5J6EN6YO2PO0","Reviewed in the United States on October 14, 2021",1,"Doesn’t Work","Bought this as a replacement for a wireless Xbox 360 controller and it won’t connect to the console. I guess that’s the reason the return policy is so short.",true,1,1,"10","B07L73CW6T","xbox 360",false,0,"USD",0,0,0,8762,4.4,"https://www.amazon.com/dp/B07L73CW6T","38552.80",false,false,false,false,"Wireless Controller for Xbox 360, Astarry 2.4GHZ Game Controller Gamepad Joystick for Xbox & Slim 360 PC Windows 7, 8, 10...","https://m.media-amazon.com/images/I/71MraMcKklL._AC_UY218_.jpg"
"R2JX6SI2N1W65","Reviewed in the United States on October 13, 2021",5,"Love it, love it, love it","Thanks for a perfectly working device!",true,1,1,"10","B07L73CW6T","xbox 360",false,0,"USD",0,0,0,8762,4.4,"https://www.amazon.com/dp/B07L73CW6T","38552.80",false,false,false,false,"Wireless Controller for Xbox 360, Astarry 2.4GHZ Game Controller Gamepad Joystick for Xbox & Slim 360 PC Windows 7, 8, 10...","https://m.media-amazon.com/images/I/71MraMcKklL._AC_UY218_.jpg"
"R2SOOOSUWV734N","Reviewed in the United States on October 12, 2021",1,"Inadequate design and generally unlucky purchase.","No dungeonNo cableSo PC couldn’t connect!To be honest, I still couldn’t use the product till now. The battery housing is too tight for the battery, so although it light up, but I couldn’t connect it to my laptop becuz it didn’t come with a dongle or a wire. So I have been struggling to remove the battery to initiate return. I simply couldn’t. Yeah for a product that’s unusable, I think 1 ⭐️ is generous.",true,1,1,"10","B07L73CW6T","xbox 360",false,0,"USD",0,0,0,8762,4.4,"https://www.amazon.com/dp/B07L73CW6T","38552.80",false,false,false,false,"Wireless Controller for Xbox 360, Astarry 2.4GHZ Game Controller Gamepad Joystick for Xbox & Slim 360 PC Windows 7, 8, 10...","https://m.media-amazon.com/images/I/71MraMcKklL._AC_UY218_.jpg"
"R20WBZVPZIAVGB","Reviewed in the United States on October 11, 2021",5,"Works Great!","Way cheaper than Xbox-brand controllers, and it works just as well! I reccommend these if you need a quick and cheap controller replacement!",true,1,1,"10","B07L73CW6T","xbox 360",false,0,"USD",0,0,0,8762,4.4,"https://www.amazon.com/dp/B07L73CW6T","38552.80",false,false,false,false,"Wireless Controller for Xbox 360, Astarry 2.4GHZ Game Controller Gamepad Joystick for Xbox & Slim 360 PC Windows 7, 8, 10...","https://m.media-amazon.com/images/I/71MraMcKklL._AC_UY218_.jpg"
"R3776RQ8GKZZ7J","Reviewed in the United States on October 10, 2021",1,"Didn’t work!!","It was for my Xbox but it didn’t work. I would give it a 0.",true,1,1,"10","B07L73CW6T","xbox 360",false,0,"USD",0,0,0,8762,4.4,"https://www.amazon.com/dp/B07L73CW6T","38552.80",false,false,false,false,"Wireless Controller for Xbox 360, Astarry 2.4GHZ Game Controller Gamepad Joystick for Xbox & Slim 360 PC Windows 7, 8, 10...","https://m.media-amazon.com/images/I/71MraMcKklL._AC_UY218_.jpg"
"R25GUICT5Z46WT","Reviewed in the United States on October 1, 2021",5,"good","good",true,1,1,"10","B07L73CW6T","xbox 360",false,0,"USD",0,0,0,8762,4.4,"https://www.amazon.com/dp/B07L73CW6T","38552.80",false,false,false,false,"Wireless Controller for Xbox 360, Astarry 2.4GHZ Game Controller Gamepad Joystick for Xbox & Slim 360 PC Windows 7, 8, 10...","https://m.media-amazon.com/images/I/71MraMcKklL._AC_UY218_.jpg"
"RLRQ7VWLHRRUG","Reviewed in the United States on October 20, 2021",1,"Didn't receive all the items described in box","Didn't receive both batteries as advertised.",true,1,2,"11","B01KBL4ISW","xbox 360",false,0,"USD",0,0,0,6463,4.5,"https://www.amazon.com/dp/B01KBL4ISW","29083.50",false,false,false,false,"for Xbox 360 2 Pack Rechargeable Battery Pack with Dual Charging Station Dock Charger Stand Base","https://m.media-amazon.com/images/I/51UU6s5LJFL._AC_UY218_.jpg"
"RTA0I5WVG1INZ","Reviewed in the United States on October 19, 2021",5,"Good value","Very nice works well and lasts long",true,1,2,"11","B01KBL4ISW","xbox 360",false,0,"USD",0,0,0,6463,4.5,"https://www.amazon.com/dp/B01KBL4ISW","29083.50",false,false,false,false,"for Xbox 360 2 Pack Rechargeable Battery Pack with Dual Charging Station Dock Charger Stand Base","https://m.media-amazon.com/images/I/51UU6s5LJFL._AC_UY218_.jpg"
"ROFXUH2A52R27","Reviewed in the United States on October 15, 2021",5,"Xbox 360 2 Pack Rechargeable Battery Pack","As described by the seller.",true,1,2,"11","B01KBL4ISW","xbox 360",false,0,"USD",0,0,0,6463,4.5,"https://www.amazon.com/dp/B01KBL4ISW","29083.50",false,false,false,false,"for Xbox 360 2 Pack Rechargeable Battery Pack with Dual Charging Station Dock Charger Stand Base","https://m.media-amazon.com/images/I/51UU6s5LJFL._AC_UY218_.jpg"
"R2ESMZK2TSQFG0","Reviewed in the United States on October 13, 2021",5,"Nice","Thanks for this, just what I needed :) it works great. No problems",true,1,2,"11","B01KBL4ISW","xbox 360",false,0,"USD",0,0,0,6463,4.5,"https://www.amazon.com/dp/B01KBL4ISW","29083.50",false,false,false,false,"for Xbox 360 2 Pack Rechargeable Battery Pack with Dual Charging Station Dock Charger Stand Base","https://m.media-amazon.com/images/I/51UU6s5LJFL._AC_UY218_.jpg"
"RFZQ7SJ8SAORI","Reviewed in the United States on October 4, 2021",5,"Perfect.","Works great no problems here.",true,1,2,"11","B01KBL4ISW","xbox 360",false,0,"USD",0,0,0,6463,4.5,"https://www.amazon.com/dp/B01KBL4ISW","29083.50",false,false,false,false,"for Xbox 360 2 Pack Rechargeable Battery Pack with Dual Charging Station Dock Charger Stand Base","https://m.media-amazon.com/images/I/51UU6s5LJFL._AC_UY218_.jpg"
"R9HHU4X6OO42G","Reviewed in the United States on September 27, 2021",5,"Great Item","Works as advertised and without issues!",true,1,2,"11","B01KBL4ISW","xbox 360",false,0,"USD",0,0,0,6463,4.5,"https://www.amazon.com/dp/B01KBL4ISW","29083.50",false,false,false,false,"for Xbox 360 2 Pack Rechargeable Battery Pack with Dual Charging Station Dock Charger Stand Base","https://m.media-amazon.com/images/I/51UU6s5LJFL._AC_UY218_.jpg"
"R31IC1PTX6LO8Z","Reviewed in the United States on September 22, 2021",4,"Good for now.","'Delivered as promised.I'm happy at the moment but I do not know how long they will last.I initial bias is that they will last.The whole thing seems to be well made and sturdy",true,1,2,"11","B01KBL4ISW","xbox 360",false,0,"USD",0,0,0,6463,4.5,"https://www.amazon.com/dp/B01KBL4ISW","29083.50",false,false,false,false,"for Xbox 360 2 Pack Rechargeable Battery Pack with Dual Charging Station Dock Charger Stand Base","https://m.media-amazon.com/images/I/51UU6s5LJFL._AC_UY218_.jpg"
"R51XLHIF1SNDA","Reviewed in the United States on September 17, 2021",4,"Open box","Like other buyers mine came openI suppose it's from taping the box. I just got mine and are timing the charge rate. I just bought the NYKO dual controller charger and it sucks too You have to ""pry"" up the pins on the base to make contact, even w/ the batteries or older ones.",true,1,2,"11","B01KBL4ISW","xbox 360",false,0,"USD",0,0,0,6463,4.5,"https://www.amazon.com/dp/B01KBL4ISW","29083.50",false,false,false,false,"for Xbox 360 2 Pack Rechargeable Battery Pack with Dual Charging Station Dock Charger Stand Base","https://m.media-amazon.com/images/I/51UU6s5LJFL._AC_UY218_.jpg"
"R6COT4KAYFYG5","Reviewed in the United States on September 4, 2021",5,"It work fine whit my Xbox 360 and I can charge my old battery really good 👍","So far is working fine the battery 🔋 thanks 🙏 you so much keep up the good work Amazon",true,1,2,"11","B01KBL4ISW","xbox 360",false,0,"USD",0,0,0,6463,4.5,"https://www.amazon.com/dp/B01KBL4ISW","29083.50",false,false,false,false,"for Xbox 360 2 Pack Rechargeable Battery Pack with Dual Charging Station Dock Charger Stand Base","https://m.media-amazon.com/images/I/51UU6s5LJFL._AC_UY218_.jpg"
"R603JIYKZ75KM","Reviewed in the United States on September 2, 2021",3,"Batteries","Not terrible,but I wish they lasted longer then 6 hours",true,1,2,"11","B01KBL4ISW","xbox 360",false,0,"USD",0,0,0,6463,4.5,"https://www.amazon.com/dp/B01KBL4ISW","29083.50",false,false,false,false,"for Xbox 360 2 Pack Rechargeable Battery Pack with Dual Charging Station Dock Charger Stand Base","https://m.media-amazon.com/images/I/51UU6s5LJFL._AC_UY218_.jpg"
"RN62ORPLSKHS7","Reviewed in the United States on September 20, 2021",5,"For kids","Too easy",true,1,3,"12","B01BCMC3CM","xbox 360",false,28.84,"USD",0,0,0,1102,4.6,"https://www.amazon.com/dp/B01BCMC3CM","5069.20",false,false,false,false,"LEGO Star Wars: The Force Awakens - Xbox 360 Standard Edition","https://m.media-amazon.com/images/I/513vb66N09L._AC_UY218_.jpg"
"R3FGVPSOYYY7A8","Reviewed in the United States on August 31, 2021",1,"Game never worked","Game never worked even though it was new in plastic",true,1,3,"12","B01BCMC3CM","xbox 360",false,28.84,"USD",0,0,0,1102,4.6,"https://www.amazon.com/dp/B01BCMC3CM","5069.20",false,false,false,false,"LEGO Star Wars: The Force Awakens - Xbox 360 Standard Edition","https://m.media-amazon.com/images/I/513vb66N09L._AC_UY218_.jpg"
"R1C63F6W4Z1SHL","Reviewed in the United States on May 10, 2021",5,"Great","Just like the kids expected",true,1,3,"12","B01BCMC3CM","xbox 360",false,28.84,"USD",0,0,0,1102,4.6,"https://www.amazon.com/dp/B01BCMC3CM","5069.20",false,false,false,false,"LEGO Star Wars: The Force Awakens - Xbox 360 Standard Edition","https://m.media-amazon.com/images/I/513vb66N09L._AC_UY218_.jpg"
"R2X50DXE0IEU3","Reviewed in the United States on May 6, 2021",5,"Works as advertised","Bought for my grandsons to use on our older system. Easy for them to play.",true,1,3,"12","B01BCMC3CM","xbox 360",false,28.84,"USD",0,0,0,1102,4.6,"https://www.amazon.com/dp/B01BCMC3CM","5069.20",false,false,false,false,"LEGO Star Wars: The Force Awakens - Xbox 360 Standard Edition","https://m.media-amazon.com/images/I/513vb66N09L._AC_UY218_.jpg"
"R3DF0JYAF9QF5O","Reviewed in the United States on April 22, 2021",1,"Character s missing, not able to complete chapters","As title states, characters are not there to complete game or chapters, no way to contact sender or refund options",true,1,3,"12","B01BCMC3CM","xbox 360",false,28.84,"USD",0,0,0,1102,4.6,"https://www.amazon.com/dp/B01BCMC3CM","5069.20",false,false,false,false,"LEGO Star Wars: The Force Awakens - Xbox 360 Standard Edition","https://m.media-amazon.com/images/I/513vb66N09L._AC_UY218_.jpg"
"RGCOSS2UTY2RI","Reviewed in the United States on March 22, 2021",3,"More Cut Scenes Than Game Play","Its a fun game, but there is more time spent watching cut scenes than actual game play.",true,1,3,"12","B01BCMC3CM","xbox 360",false,28.84,"USD",0,0,0,1102,4.6,"https://www.amazon.com/dp/B01BCMC3CM","5069.20",false,false,false,false,"LEGO Star Wars: The Force Awakens - Xbox 360 Standard Edition","https://m.media-amazon.com/images/I/513vb66N09L._AC_UY218_.jpg"
"R22RP5VE4HUVIE","Reviewed in the United States on March 2, 2021",4,"Good game but tons of glitches","The game is good but it has tons of glitches and bugs.",true,1,3,"12","B01BCMC3CM","xbox 360",false,28.84,"USD",0,0,0,1102,4.6,"https://www.amazon.com/dp/B01BCMC3CM","5069.20",false,false,false,false,"LEGO Star Wars: The Force Awakens - Xbox 360 Standard Edition","https://m.media-amazon.com/images/I/513vb66N09L._AC_UY218_.jpg"
"R1K113JTG668MW","Reviewed in the United States on February 13, 2021",5,"Super Fun Game!","Superb game for the price!",true,1,3,"12","B01BCMC3CM","xbox 360",false,28.84,"USD",0,0,0,1102,4.6,"https://www.amazon.com/dp/B01BCMC3CM","5069.20",false,false,false,false,"LEGO Star Wars: The Force Awakens - Xbox 360 Standard Edition","https://m.media-amazon.com/images/I/513vb66N09L._AC_UY218_.jpg"
"RMTDAFBC3IGBV","Reviewed in the United States on January 28, 2021",5,"Son approved","My son loves this game",true,1,3,"12","B01BCMC3CM","xbox 360",false,28.84,"USD",0,0,0,1102,4.6,"https://www.amazon.com/dp/B01BCMC3CM","5069.20",false,false,false,false,"LEGO Star Wars: The Force Awakens - Xbox 360 Standard Edition","https://m.media-amazon.com/images/I/513vb66N09L._AC_UY218_.jpg"
"R383B19Q1IRZWH","Reviewed in the United States on January 20, 2021",5,"Great game","My grandsons loved it and it arrived in great shape",true,1,3,"12","B01BCMC3CM","xbox 360",false,28.84,"USD",0,0,0,1102,4.6,"https://www.amazon.com/dp/B01BCMC3CM","5069.20",false,false,false,false,"LEGO Star Wars: The Force Awakens - Xbox 360 Standard Edition","https://m.media-amazon.com/images/I/513vb66N09L._AC_UY218_.jpg"
"R1MWF53FVAYXNG","Reviewed in the United States on September 18, 2021",1,"Doesn’t work","It is just not compatible and just doesn’t work",true,1,4,"14","B01FKKNT0M","xbox 360",false,0,"USD",0,0,0,645,4.3,"https://www.amazon.com/dp/B01FKKNT0M","2773.50",false,false,false,false,"Xbox 360 Fat (120 GB) Hard Disk Drive HDD for Microsoft Xbox 360 Console (Fat Console Only/Not Slim)","https://m.media-amazon.com/images/I/61bDWtSMAiL._AC_UY218_.jpg"
"R11KVXZQFZR1WB","Reviewed in the United States on September 12, 2021",5,"Works great","This was very easy to install and works great",true,1,4,"14","B01FKKNT0M","xbox 360",false,0,"USD",0,0,0,645,4.3,"https://www.amazon.com/dp/B01FKKNT0M","2773.50",false,false,false,false,"Xbox 360 Fat (120 GB) Hard Disk Drive HDD for Microsoft Xbox 360 Console (Fat Console Only/Not Slim)","https://m.media-amazon.com/images/I/61bDWtSMAiL._AC_UY218_.jpg"
"R259X0KNYCW0DF","Reviewed in the United States on August 19, 2021",5,"Works as intended","I used this for my old xbox 360 and installed everything I could. This will make your xbox 360 feel like a bottomless pit of data storage. brought back life to an old system. Thanks!",true,1,4,"14","B01FKKNT0M","xbox 360",false,0,"USD",0,0,0,645,4.3,"https://www.amazon.com/dp/B01FKKNT0M","2773.50",false,false,false,false,"Xbox 360 Fat (120 GB) Hard Disk Drive HDD for Microsoft Xbox 360 Console (Fat Console Only/Not Slim)","https://m.media-amazon.com/images/I/61bDWtSMAiL._AC_UY218_.jpg"
"R3BNNG7VH9OJTY","Reviewed in the United States on July 27, 2021",5,"Great buy","Fit the console, needed to be formatted once, and has no issues saving items or reading saved items. Good buy for the money. Included a nice transfer cable as well.",true,1,4,"14","B01FKKNT0M","xbox 360",false,0,"USD",0,0,0,645,4.3,"https://www.amazon.com/dp/B01FKKNT0M","2773.50",false,false,false,false,"Xbox 360 Fat (120 GB) Hard Disk Drive HDD for Microsoft Xbox 360 Console (Fat Console Only/Not Slim)","https://m.media-amazon.com/images/I/61bDWtSMAiL._AC_UY218_.jpg"
"R3CNV3ZYVJ7ZG7","Reviewed in the United States on June 9, 2021",4,"Works like new and got it so quick Game on.","Searched everywhere and found it here. Thanks.",true,1,4,"14","B01FKKNT0M","xbox 360",false,0,"USD",0,0,0,645,4.3,"https://www.amazon.com/dp/B01FKKNT0M","2773.50",false,false,false,false,"Xbox 360 Fat (120 GB) Hard Disk Drive HDD for Microsoft Xbox 360 Console (Fat Console Only/Not Slim)","https://m.media-amazon.com/images/I/61bDWtSMAiL._AC_UY218_.jpg"
"R2S2I50F1SMB4F","Reviewed in the United States on April 23, 2021",5,"Perfect Purchase","Amazing company they gave me a 320 and a free adapter 👊🏽💯",true,1,4,"14","B01FKKNT0M","xbox 360",false,0,"USD",0,0,0,645,4.3,"https://www.amazon.com/dp/B01FKKNT0M","2773.50",false,false,false,false,"Xbox 360 Fat (120 GB) Hard Disk Drive HDD for Microsoft Xbox 360 Console (Fat Console Only/Not Slim)","https://m.media-amazon.com/images/I/61bDWtSMAiL._AC_UY218_.jpg"
"RW7VAV90G5QKC","Reviewed in the United States on April 19, 2021",5,"Works perfectly","Works perfectly!",true,1,4,"14","B01FKKNT0M","xbox 360",false,0,"USD",0,0,0,645,4.3,"https://www.amazon.com/dp/B01FKKNT0M","2773.50",false,false,false,false,"Xbox 360 Fat (120 GB) Hard Disk Drive HDD for Microsoft Xbox 360 Console (Fat Console Only/Not Slim)","https://m.media-amazon.com/images/I/61bDWtSMAiL._AC_UY218_.jpg"
"R1Y5A774CJKZ3S","Reviewed in the United States on April 18, 2021",5,"Excellent product","It’s a new product, came with a HDD Adapter Xbox 360 to PC and HDD 360GB. Thanks nextec for the bonus and well worth product!",true,1,4,"14","B01FKKNT0M","xbox 360",false,0,"USD",0,0,0,645,4.3,"https://www.amazon.com/dp/B01FKKNT0M","2773.50",false,false,false,false,"Xbox 360 Fat (120 GB) Hard Disk Drive HDD for Microsoft Xbox 360 Console (Fat Console Only/Not Slim)","https://m.media-amazon.com/images/I/61bDWtSMAiL._AC_UY218_.jpg"
"R3DLVDK8OL0WZ8","Reviewed in the United States on April 5, 2021",1,"Disk doesn't work","Transfer disk doesn't work",true,1,4,"14","B01FKKNT0M","xbox 360",false,0,"USD",0,0,0,645,4.3,"https://www.amazon.com/dp/B01FKKNT0M","2773.50",false,false,false,false,"Xbox 360 Fat (120 GB) Hard Disk Drive HDD for Microsoft Xbox 360 Console (Fat Console Only/Not Slim)","https://m.media-amazon.com/images/I/61bDWtSMAiL._AC_UY218_.jpg"
"R342WUD1ZYVL1F","Reviewed in the United States on March 20, 2021",5,"Perfect!","This hard drive is exactly what we needed! It fits perfectly in the xbox360 console.So easy to put on. Needed it for grand theft auto 5. Very happy",true,1,4,"14","B01FKKNT0M","xbox 360",false,0,"USD",0,0,0,645,4.3,"https://www.amazon.com/dp/B01FKKNT0M","2773.50",false,false,false,false,"Xbox 360 Fat (120 GB) Hard Disk Drive HDD for Microsoft Xbox 360 Console (Fat Console Only/Not Slim)","https://m.media-amazon.com/images/I/61bDWtSMAiL._AC_UY218_.jpg"
"R1IDFRNO99FBHU","Reviewed in the United States on October 15, 2021",1,"Arrived Broken","I had to return this product because the plastic on the back was broken and plastic pieces were stuck inside. This was listed as new but it arrived in a beat up looking box and barely any bubble wrap. Only good thing I can say is that the LED feature looked cool.",true,1,5,"15","B07KYDGBGR","xbox 360",false,0,"USD",0,0,0,2683,4.1,"https://www.amazon.com/dp/B07KYDGBGR","11000.30",false,false,false,false,"PAWHITS Wireless Controller Compatible with Xbox 360 Double Motor Vibration Wireless Gamepad Gaming Joypad, Blue","https://m.media-amazon.com/images/I/71XFp1Pkm9L._AC_UY218_.jpg"
"R38HYUNT4WHERQ","Reviewed in the United States on October 7, 2021",2,"Decent price... Not so decent controller.","While the controller is decent for non-first person shooter games it seems to suffer from staying connected to the Xbox 360 itself. This one frequently disconnected to the point of me returning it. Otherwise it was a decent controller.",true,1,5,"15","B07KYDGBGR","xbox 360",false,0,"USD",0,0,0,2683,4.1,"https://www.amazon.com/dp/B07KYDGBGR","11000.30",false,false,false,false,"PAWHITS Wireless Controller Compatible with Xbox 360 Double Motor Vibration Wireless Gamepad Gaming Joypad, Blue","https://m.media-amazon.com/images/I/71XFp1Pkm9L._AC_UY218_.jpg"
"RQQAI8CVXM9EE","Reviewed in the United States on September 21, 2021",1,"Never Worked","The controller doesn’t work.",true,1,5,"15","B07KYDGBGR","xbox 360",false,0,"USD",0,0,0,2683,4.1,"https://www.amazon.com/dp/B07KYDGBGR","11000.30",false,false,false,false,"PAWHITS Wireless Controller Compatible with Xbox 360 Double Motor Vibration Wireless Gamepad Gaming Joypad, Blue","https://m.media-amazon.com/images/I/71XFp1Pkm9L._AC_UY218_.jpg"
"RRRCELBHITF4N","Reviewed in the United States on August 23, 2021",5,"Worked","Great product! Worked just fine",true,1,5,"15","B07KYDGBGR","xbox 360",false,0,"USD",0,0,0,2683,4.1,"https://www.amazon.com/dp/B07KYDGBGR","11000.30",false,false,false,false,"PAWHITS Wireless Controller Compatible with Xbox 360 Double Motor Vibration Wireless Gamepad Gaming Joypad, Blue","https://m.media-amazon.com/images/I/71XFp1Pkm9L._AC_UY218_.jpg"
"R11TIAR5EEJOL4","Reviewed in the United States on July 31, 2021",3,"It’s okay","The knobs or buttons stick which affects the gameplay, but is a good backup since old controller doesn’t hold a charge.",true,1,5,"15","B07KYDGBGR","xbox 360",false,0,"USD",0,0,0,2683,4.1,"https://www.amazon.com/dp/B07KYDGBGR","11000.30",false,false,false,false,"PAWHITS Wireless Controller Compatible with Xbox 360 Double Motor Vibration Wireless Gamepad Gaming Joypad, Blue","https://m.media-amazon.com/images/I/71XFp1Pkm9L._AC_UY218_.jpg"
"R2QC5SH9MSXHF0","Reviewed in the United States on July 28, 2021",1,"No Good","I can't get it to connect to my X Box",true,1,5,"15","B07KYDGBGR","xbox 360",false,0,"USD",0,0,0,2683,4.1,"https://www.amazon.com/dp/B07KYDGBGR","11000.30",false,false,false,false,"PAWHITS Wireless Controller Compatible with Xbox 360 Double Motor Vibration Wireless Gamepad Gaming Joypad, Blue","https://m.media-amazon.com/images/I/71XFp1Pkm9L._AC_UY218_.jpg"
"RU8V9LUD1N5LB","Reviewed in the United States on July 28, 2021",5,"Good","Good",true,1,5,"15","B07KYDGBGR","xbox 360",false,0,"USD",0,0,0,2683,4.1,"https://www.amazon.com/dp/B07KYDGBGR","11000.30",false,false,false,false,"PAWHITS Wireless Controller Compatible with Xbox 360 Double Motor Vibration Wireless Gamepad Gaming Joypad, Blue","https://m.media-amazon.com/images/I/71XFp1Pkm9L._AC_UY218_.jpg"
"R3QZWPK2Y50JSZ","Reviewed in the United States on July 25, 2021",5,"Works great","Love it",true,1,5,"15","B07KYDGBGR","xbox 360",false,0,"USD",0,0,0,2683,4.1,"https://www.amazon.com/dp/B07KYDGBGR","11000.30",false,false,false,false,"PAWHITS Wireless Controller Compatible with Xbox 360 Double Motor Vibration Wireless Gamepad Gaming Joypad, Blue","https://m.media-amazon.com/images/I/71XFp1Pkm9L._AC_UY218_.jpg"
"R280JOIQCMS0TV","Reviewed in the United States on July 23, 2021",3,"Misleading","The remote does work however I chose it because it was a clear black with blue lights but it comes with yellow lights. I wouldn't have gotten it if I knew the lights were going to be yellow. Also it claims the remote vibrates but it does not. Remote works but it's is misleading with appearance and functions.",true,1,5,"15","B07KYDGBGR","xbox 360",false,0,"USD",0,0,0,2683,4.1,"https://www.amazon.com/dp/B07KYDGBGR","11000.30",false,false,false,false,"PAWHITS Wireless Controller Compatible with Xbox 360 Double Motor Vibration Wireless Gamepad Gaming Joypad, Blue","https://m.media-amazon.com/images/I/71XFp1Pkm9L._AC_UY218_.jpg"
"R2CJ7GCYS2P2TL","Reviewed in the United States on July 23, 2021",5,"Works great.","Works great easy to program",true,1,5,"15","B07KYDGBGR","xbox 360",false,0,"USD",0,0,0,2683,4.1,"https://www.amazon.com/dp/B07KYDGBGR","11000.30",false,false,false,false,"PAWHITS Wireless Controller Compatible with Xbox 360 Double Motor Vibration Wireless Gamepad Gaming Joypad, Blue","https://m.media-amazon.com/images/I/71XFp1Pkm9L._AC_UY218_.jpg"
"R32Q5QTK8KYBDU","Reviewed in the United States on October 8, 2021",5,"A+++","A+++",true,1,6,"16","B002BRYHUY","xbox 360",false,14.76,"USD",0,0,0,2343,4.6,"https://www.amazon.com/dp/B002BRYHUY","10777.80",false,false,false,false,"Sonic & SEGA All-Stars Racing - Xbox 360","https://m.media-amazon.com/images/I/91426oPYw-L._AC_UY218_.jpg"
"R3R1Y4GAFAZOUG","Reviewed in the United States on September 27, 2021",4,"Good","Good game,sonic transformed is way better. This one is an older version.",true,1,6,"16","B002BRYHUY","xbox 360",false,14.76,"USD",0,0,0,2343,4.6,"https://www.amazon.com/dp/B002BRYHUY","10777.80",false,false,false,false,"Sonic & SEGA All-Stars Racing - Xbox 360","https://m.media-amazon.com/images/I/91426oPYw-L._AC_UY218_.jpg"
"R19S11M2IWV9HR","Reviewed in the United States on July 27, 2021",5,"Love it","Kids love it",true,1,6,"16","B002BRYHUY","xbox 360",false,14.76,"USD",0,0,0,2343,4.6,"https://www.amazon.com/dp/B002BRYHUY","10777.80",false,false,false,false,"Sonic & SEGA All-Stars Racing - Xbox 360","https://m.media-amazon.com/images/I/91426oPYw-L._AC_UY218_.jpg"
"RG8PD48N7GSZ3","Reviewed in the United States on July 17, 2021",5,"Good","😊",true,1,6,"16","B002BRYHUY","xbox 360",false,14.76,"USD",0,0,0,2343,4.6,"https://www.amazon.com/dp/B002BRYHUY","10777.80",false,false,false,false,"Sonic & SEGA All-Stars Racing - Xbox 360","https://m.media-amazon.com/images/I/91426oPYw-L._AC_UY218_.jpg"
"R45YLO3DUYMYR","Reviewed in the United States on June 20, 2021",1,"Did not work","This game did not work in our Xbox 360. When I went to return it, it had been too long since it was a gift for my son.",true,1,6,"16","B002BRYHUY","xbox 360",false,14.76,"USD",0,0,0,2343,4.6,"https://www.amazon.com/dp/B002BRYHUY","10777.80",false,false,false,false,"Sonic & SEGA All-Stars Racing - Xbox 360","https://m.media-amazon.com/images/I/91426oPYw-L._AC_UY218_.jpg"
"RUWKJYK2QYZX6","Reviewed in the United States on June 7, 2021",5,"great game","Great game and at an affordable price",true,1,6,"16","B002BRYHUY","xbox 360",false,14.76,"USD",0,0,0,2343,4.6,"https://www.amazon.com/dp/B002BRYHUY","10777.80",false,false,false,false,"Sonic & SEGA All-Stars Racing - Xbox 360","https://m.media-amazon.com/images/I/91426oPYw-L._AC_UY218_.jpg"
"R11Z067I241I4S","Reviewed in the United States on June 7, 2021",5,"Great for kids","Love the game and how it is easy to play",true,1,6,"16","B002BRYHUY","xbox 360",false,14.76,"USD",0,0,0,2343,4.6,"https://www.amazon.com/dp/B002BRYHUY","10777.80",false,false,false,false,"Sonic & SEGA All-Stars Racing - Xbox 360","https://m.media-amazon.com/images/I/91426oPYw-L._AC_UY218_.jpg"
"R3PUHAVURW4UHL","Reviewed in the United States on June 6, 2021",5,"Great product","Brand new...original packaging.Clean and shiny discKids enjoyed it !",true,1,6,"16","B002BRYHUY","xbox 360",false,14.76,"USD",0,0,0,2343,4.6,"https://www.amazon.com/dp/B002BRYHUY","10777.80",false,false,false,false,"Sonic & SEGA All-Stars Racing - Xbox 360","https://m.media-amazon.com/images/I/91426oPYw-L._AC_UY218_.jpg"
"R1RY7NDSKDRXXA","Reviewed in the United States on May 11, 2021",5,"Xbox game","Nephew loved it and plays with it.",true,1,6,"16","B002BRYHUY","xbox 360",false,14.76,"USD",0,0,0,2343,4.6,"https://www.amazon.com/dp/B002BRYHUY","10777.80",false,false,false,false,"Sonic & SEGA All-Stars Racing - Xbox 360","https://m.media-amazon.com/images/I/91426oPYw-L._AC_UY218_.jpg"
"R1V877SCQ8UD59","Reviewed in the United States on May 6, 2021",5,"As advertised","Bought for my grandsons to use on our older system. Easy for them to play.",true,1,6,"16","B002BRYHUY","xbox 360",false,14.76,"USD",0,0,0,2343,4.6,"https://www.amazon.com/dp/B002BRYHUY","10777.80",false,false,false,false,"Sonic & SEGA All-Stars Racing - Xbox 360","https://m.media-amazon.com/images/I/91426oPYw-L._AC_UY218_.jpg"
"cr-translate-909923767",,,"","",false,1,7,"17","B07NR3M3V1","xbox 360",false,0,"USD",0,0,0,2075,4.3,"https://www.amazon.com/dp/B07NR3M3V1","8922.50",false,false,false,false,"Wireless Controller for Xbox 360, Etpark Xbox 360 Joystick Wireless Game Controller for Xbox & Slim 360 PC (Black)","https://m.media-amazon.com/images/I/71gmSC9JMdL._AC_UY218_.jpg"
"R1R8WPKH8PI6Q","Reviewed in the United States on October 18, 2021",1,"OMG - Horrible","Holy ****... Garbage. When you pick the controller up all you here are the buttons rattling around. Pressing them feels really cheap and I couldn't control movement with the left joystick. Did I mention that it's complete garbage?",true,1,7,"17","B07NR3M3V1","xbox 360",false,0,"USD",0,0,0,2075,4.3,"https://www.amazon.com/dp/B07NR3M3V1","8922.50",false,false,false,false,"Wireless Controller for Xbox 360, Etpark Xbox 360 Joystick Wireless Game Controller for Xbox & Slim 360 PC (Black)","https://m.media-amazon.com/images/I/71gmSC9JMdL._AC_UY218_.jpg"
"R1XC57GY9Y1822","Reviewed in the United States on October 17, 2021",1,"It doesn’t work more multiple remotes only work with one at a time","It doesn’t work with multiple remotes only work with one at a time",true,1,7,"17","B07NR3M3V1","xbox 360",false,0,"USD",0,0,0,2075,4.3,"https://www.amazon.com/dp/B07NR3M3V1","8922.50",false,false,false,false,"Wireless Controller for Xbox 360, Etpark Xbox 360 Joystick Wireless Game Controller for Xbox & Slim 360 PC (Black)","https://m.media-amazon.com/images/I/71gmSC9JMdL._AC_UY218_.jpg"
"R10YZANZINRSEA","Reviewed in the United States on October 10, 2021",5,"Works great!","Hooray it works! Grandson is very happy!",true,1,7,"17","B07NR3M3V1","xbox 360",false,0,"USD",0,0,0,2075,4.3,"https://www.amazon.com/dp/B07NR3M3V1","8922.50",false,false,false,false,"Wireless Controller for Xbox 360, Etpark Xbox 360 Joystick Wireless Game Controller for Xbox & Slim 360 PC (Black)","https://m.media-amazon.com/images/I/71gmSC9JMdL._AC_UY218_.jpg"
"R30M4GT0RT5D3W","Reviewed in the United States on September 1, 2021",2,"Cheaply made","It came in good condition but It's not what I was expecting it's half the weight as my old one all the buttons are annoyingly loose and the right joystick is more sensitive than the left I'm not happy with this purchase I'd return it if I didn't need it",true,1,7,"17","B07NR3M3V1","xbox 360",false,0,"USD",0,0,0,2075,4.3,"https://www.amazon.com/dp/B07NR3M3V1","8922.50",false,false,false,false,"Wireless Controller for Xbox 360, Etpark Xbox 360 Joystick Wireless Game Controller for Xbox & Slim 360 PC (Black)","https://m.media-amazon.com/images/I/71gmSC9JMdL._AC_UY218_.jpg"
"R32YTZ0JNPPAVN","Reviewed in the United States on August 30, 2021",5,"Excellent.","Great for gaming.",true,1,7,"17","B07NR3M3V1","xbox 360",false,0,"USD",0,0,0,2075,4.3,"https://www.amazon.com/dp/B07NR3M3V1","8922.50",false,false,false,false,"Wireless Controller for Xbox 360, Etpark Xbox 360 Joystick Wireless Game Controller for Xbox & Slim 360 PC (Black)","https://m.media-amazon.com/images/I/71gmSC9JMdL._AC_UY218_.jpg"
"R21XCWB2FY1X0K","Reviewed in the United States on August 24, 2021",1,"doesn't even work... so disappointed... not turned on!","doesn't even work... so disappointed... not turned on!",true,1,7,"17","B07NR3M3V1","xbox 360",false,0,"USD",0,0,0,2075,4.3,"https://www.amazon.com/dp/B07NR3M3V1","8922.50",false,false,false,false,"Wireless Controller for Xbox 360, Etpark Xbox 360 Joystick Wireless Game Controller for Xbox & Slim 360 PC (Black)","https://m.media-amazon.com/images/I/71gmSC9JMdL._AC_UY218_.jpg"
"R3FG2TP8PQGONU","Reviewed in the United States on August 22, 2021",5,"El precio","El precio excelente",true,1,7,"17","B07NR3M3V1","xbox 360",false,0,"USD",0,0,0,2075,4.3,"https://www.amazon.com/dp/B07NR3M3V1","8922.50",false,false,false,false,"Wireless Controller for Xbox 360, Etpark Xbox 360 Joystick Wireless Game Controller for Xbox & Slim 360 PC (Black)","https://m.media-amazon.com/images/I/71gmSC9JMdL._AC_UY218_.jpg"
"R24YNG124EF2I4","Reviewed in the United States on August 15, 2021",4,"Almost","Works great when using the Xbox to watch videos or whatnot. Controller does seem to lose connection some times when playing games though. Wish I could have rated it better",true,1,7,"17","B07NR3M3V1","xbox 360",false,0,"USD",0,0,0,2075,4.3,"https://www.amazon.com/dp/B07NR3M3V1","8922.50",false,false,false,false,"Wireless Controller for Xbox 360, Etpark Xbox 360 Joystick Wireless Game Controller for Xbox & Slim 360 PC (Black)","https://m.media-amazon.com/images/I/71gmSC9JMdL._AC_UY218_.jpg"
"R3O25FOVCU0L1T","Reviewed in the United States on August 14, 2021",4,"game","kids say they it works good & they are happy with it",true,1,7,"17","B07NR3M3V1","xbox 360",false,0,"USD",0,0,0,2075,4.3,"https://www.amazon.com/dp/B07NR3M3V1","8922.50",false,false,false,false,"Wireless Controller for Xbox 360, Etpark Xbox 360 Joystick Wireless Game Controller for Xbox & Slim 360 PC (Black)","https://m.media-amazon.com/images/I/71gmSC9JMdL._AC_UY218_.jpg"
"R2AT2EJHL916Z","Reviewed in the United States on August 10, 2021",5,"Great product!","Great controller and shipping was fast too!",true,1,7,"17","B07NR3M3V1","xbox 360",false,0,"USD",0,0,0,2075,4.3,"https://www.amazon.com/dp/B07NR3M3V1","8922.50",false,false,false,false,"Wireless Controller for Xbox 360, Etpark Xbox 360 Joystick Wireless Game Controller for Xbox & Slim 360 PC (Black)","https://m.media-amazon.com/images/I/71gmSC9JMdL._AC_UY218_.jpg"
"R153KSYSCVAS7","Reviewed in the United States on October 12, 2021",1,"Came broken","Before even opening the adapter package, I could tell the adapter was broken. The box that held the adapter looks used, a little worn but moving the box even slightly, I can hear parts inside the adapter itself sliding around. Everything should be fixed and have no way of moving at all. I wanted to give it a test run to see if it turned on at all and noticed one of the outlet prongs were bent, I fixed it but the light was red and didn't change. So it overall wasn't usable.",true,1,8,"18","B07PY8PHQ7","xbox 360",false,0,"USD",0,0,0,630,4.3,"https://www.amazon.com/dp/B07PY8PHQ7","2709.00",false,false,false,false,"Power Supply for Xbox 360 Slim,Lyyes AC Adapter Replacement for Xbox 360 Slim Console","https://m.media-amazon.com/images/I/61n+kl6pgnL._AC_UY218_.jpg"
"R2BUNINR6KMOZ7","Reviewed in the United States on July 14, 2021",4,"Good","Good for the price",true,1,8,"18","B07PY8PHQ7","xbox 360",false,0,"USD",0,0,0,630,4.3,"https://www.amazon.com/dp/B07PY8PHQ7","2709.00",false,false,false,false,"Power Supply for Xbox 360 Slim,Lyyes AC Adapter Replacement for Xbox 360 Slim Console","https://m.media-amazon.com/images/I/61n+kl6pgnL._AC_UY218_.jpg"
"R35W5HK76DUYD4","Reviewed in the United States on April 9, 2021",1,"Certified piece of crap","An absolute piece of junk!!!I haven’t this ac adapter for a year and it doesn’t work. This is very cheaply made and not even worth $5 let alone $20 something.The power cord never properly fit into the adapter.Luckily, I took out the warranty if not I would be even more mad. Don’t not buy this piece of crap!!",true,1,8,"18","B07PY8PHQ7","xbox 360",false,0,"USD",0,0,0,630,4.3,"https://www.amazon.com/dp/B07PY8PHQ7","2709.00",false,false,false,false,"Power Supply for Xbox 360 Slim,Lyyes AC Adapter Replacement for Xbox 360 Slim Console","https://m.media-amazon.com/images/I/61n+kl6pgnL._AC_UY218_.jpg"
"R2JN5NCIA4M9HP","Reviewed in the United States on April 3, 2021",5,"power supply","brand new a works....happy.",true,1,8,"18","B07PY8PHQ7","xbox 360",false,0,"USD",0,0,0,630,4.3,"https://www.amazon.com/dp/B07PY8PHQ7","2709.00",false,false,false,false,"Power Supply for Xbox 360 Slim,Lyyes AC Adapter Replacement for Xbox 360 Slim Console","https://m.media-amazon.com/images/I/61n+kl6pgnL._AC_UY218_.jpg"
"R21T0R62NGCA7N","Reviewed in the United States on March 26, 2021",1,"It melted","The brick got really hot and melted.",true,1,8,"18","B07PY8PHQ7","xbox 360",false,0,"USD",0,0,0,630,4.3,"https://www.amazon.com/dp/B07PY8PHQ7","2709.00",false,false,false,false,"Power Supply for Xbox 360 Slim,Lyyes AC Adapter Replacement for Xbox 360 Slim Console","https://m.media-amazon.com/images/I/61n+kl6pgnL._AC_UY218_.jpg"
"R38RTJWW3EWLQ6","Reviewed in the United States on December 9, 2020",1,"Defective","Doesn't work!",true,1,8,"18","B07PY8PHQ7","xbox 360",false,0,"USD",0,0,0,630,4.3,"https://www.amazon.com/dp/B07PY8PHQ7","2709.00",false,false,false,false,"Power Supply for Xbox 360 Slim,Lyyes AC Adapter Replacement for Xbox 360 Slim Console","https://m.media-amazon.com/images/I/61n+kl6pgnL._AC_UY218_.jpg"
"R3HXO1FSAGG0RJ","Reviewed in the United States on November 27, 2020",5,"Just what you looking for","Great.Just what I was looking for.",true,1,8,"18","B07PY8PHQ7","xbox 360",false,0,"USD",0,0,0,630,4.3,"https://www.amazon.com/dp/B07PY8PHQ7","2709.00",false,false,false,false,"Power Supply for Xbox 360 Slim,Lyyes AC Adapter Replacement for Xbox 360 Slim Console","https://m.media-amazon.com/images/I/61n+kl6pgnL._AC_UY218_.jpg"
"RXPDZIJYN184D","Reviewed in the United States on November 10, 2020",1,"Didn't work","The power cord only worked for about 2 days before it would no longer power the Xbox up anymore.",true,1,8,"18","B07PY8PHQ7","xbox 360",false,0,"USD",0,0,0,630,4.3,"https://www.amazon.com/dp/B07PY8PHQ7","2709.00",false,false,false,false,"Power Supply for Xbox 360 Slim,Lyyes AC Adapter Replacement for Xbox 360 Slim Console","https://m.media-amazon.com/images/I/61n+kl6pgnL._AC_UY218_.jpg"
"RPSIA93US7KU4","Reviewed in the United States on October 4, 2020",5,"good","worked just right",true,1,8,"18","B07PY8PHQ7","xbox 360",false,0,"USD",0,0,0,630,4.3,"https://www.amazon.com/dp/B07PY8PHQ7","2709.00",false,false,false,false,"Power Supply for Xbox 360 Slim,Lyyes AC Adapter Replacement for Xbox 360 Slim Console","https://m.media-amazon.com/images/I/61n+kl6pgnL._AC_UY218_.jpg"
"R24S66K5F516MR","Reviewed in the United States on October 2, 2020",1,"Don’t buy this.","Connection to the adaptor is very loose and getting off all the times. Very frustrated with the purchase.",true,1,8,"18","B07PY8PHQ7","xbox 360",false,0,"USD",0,0,0,630,4.3,"https://www.amazon.com/dp/B07PY8PHQ7","2709.00",false,false,false,false,"Power Supply for Xbox 360 Slim,Lyyes AC Adapter Replacement for Xbox 360 Slim Console","https://m.media-amazon.com/images/I/61n+kl6pgnL._AC_UY218_.jpg"
"R3VLVNONULVZIL","Reviewed in the United States on October 18, 2021",5,"NCAA","JUST WANT TO LET YOU KNOW THAT I FOUND THE GAME. IT WAS PACKED IN THE BOTTOM OF THE THE BOX ON TOP OF ANOTHER ORDER. THANK YOU AND I APOLOGIZE",true,1,9,"19","B00AY1ALTU","xbox 360",false,0,"USD",0,0,0,743,4.7,"https://www.amazon.com/dp/B00AY1ALTU","3492.10",false,false,false,false,"NCAA Football 14 - Xbox 360","https://m.media-amazon.com/images/I/71FVLoFvq+L._AC_UY218_.jpg"
"R309TKF1ICN54D","Reviewed in the United States on July 29, 2021",5,"Game","Worked perfectly fine",true,1,9,"19","B00AY1ALTU","xbox 360",false,0,"USD",0,0,0,743,4.7,"https://www.amazon.com/dp/B00AY1ALTU","3492.10",false,false,false,false,"NCAA Football 14 - Xbox 360","https://m.media-amazon.com/images/I/71FVLoFvq+L._AC_UY218_.jpg"
"R1D32XE6Z58DO6","Reviewed in the United States on May 10, 2021",5,"Wow!","Game came like brand new 5 stars...",true,1,9,"19","B00AY1ALTU","xbox 360",false,0,"USD",0,0,0,743,4.7,"https://www.amazon.com/dp/B00AY1ALTU","3492.10",false,false,false,false,"NCAA Football 14 - Xbox 360","https://m.media-amazon.com/images/I/71FVLoFvq+L._AC_UY218_.jpg"
"R2H966SR53HQX5","Reviewed in the United States on March 7, 2021",1,"Scam","The disk was fake.",true,1,9,"19","B00AY1ALTU","xbox 360",false,0,"USD",0,0,0,743,4.7,"https://www.amazon.com/dp/B00AY1ALTU","3492.10",false,false,false,false,"NCAA Football 14 - Xbox 360","https://m.media-amazon.com/images/I/71FVLoFvq+L._AC_UY218_.jpg"
"R19RSW0OEDBN11","Reviewed in the United States on January 24, 2021",5,"Great condition","great condition",true,1,9,"19","B00AY1ALTU","xbox 360",false,0,"USD",0,0,0,743,4.7,"https://www.amazon.com/dp/B00AY1ALTU","3492.10",false,false,false,false,"NCAA Football 14 - Xbox 360","https://m.media-amazon.com/images/I/71FVLoFvq+L._AC_UY218_.jpg"
"R1BRKW4EWXT30V","Reviewed in the United States on November 10, 2020",5,"Great product.","Great product. We received it earlier than expected. Thanks so much!!",true,1,9,"19","B00AY1ALTU","xbox 360",false,0,"USD",0,0,0,743,4.7,"https://www.amazon.com/dp/B00AY1ALTU","3492.10",false,false,false,false,"NCAA Football 14 - Xbox 360","https://m.media-amazon.com/images/I/71FVLoFvq+L._AC_UY218_.jpg"
"R3GP9G504DG7FZ","Reviewed in the United States on July 13, 2020",5,"Exactly what you ask for","Works great. Thanks Dawn!!",true,1,9,"19","B00AY1ALTU","xbox 360",false,0,"USD",0,0,0,743,4.7,"https://www.amazon.com/dp/B00AY1ALTU","3492.10",false,false,false,false,"NCAA Football 14 - Xbox 360","https://m.media-amazon.com/images/I/71FVLoFvq+L._AC_UY218_.jpg"
"R2LEHHV7ZLK27J","Reviewed in the United States on April 28, 2020",5,"Quarantine Fun","Disc came in not the original box then again who cares? Disc was in great condition and worked great on my Xbox 360. I downloaded the game to my Hard drive to reduce use on the disc (still need to have it in the console to use it). Overall very satisfied and at the low price of $130; how could I not pass up the offer??Money well spent!",true,1,9,"19","B00AY1ALTU","xbox 360",false,0,"USD",0,0,0,743,4.7,"https://www.amazon.com/dp/B00AY1ALTU","3492.10",false,false,false,false,"NCAA Football 14 - Xbox 360","https://m.media-amazon.com/images/I/71FVLoFvq+L._AC_UY218_.jpg"
"R1T304KWT2EOAW","Reviewed in the United States on April 12, 2020",1,"I've spent more time buffing the scratches out of this game than play it","I bought this game understanding that it would be a pretty heft premium because of it's rarity. My expectation was that it would work with no hiccups. Instead, I received a game full of scratches in a broken case. I've spent more time trying to buff the scratches out of the game all which are met with failed attempts. The game has a difficult time making it to the main menu and then is met with a disc reading error.",true,1,9,"19","B00AY1ALTU","xbox 360",false,0,"USD",0,0,0,743,4.7,"https://www.amazon.com/dp/B00AY1ALTU","3492.10",false,false,false,false,"NCAA Football 14 - Xbox 360","https://m.media-amazon.com/images/I/71FVLoFvq+L._AC_UY218_.jpg"
"R1Q6SYG431YJXN","Reviewed in the United States on February 19, 2020",5,"Great Game!","Love the game and amazon having such a rare game is fantastic!",true,1,9,"19","B00AY1ALTU","xbox 360",false,0,"USD",0,0,0,743,4.7,"https://www.amazon.com/dp/B00AY1ALTU","3492.10",false,false,false,false,"NCAA Football 14 - Xbox 360","https://m.media-amazon.com/images/I/71FVLoFvq+L._AC_UY218_.jpg"
"R2HYIHNLB5WLIT","Reviewed in the United States on October 4, 2021",5,"Everything works great and I got it earlier then it originally said","It came earlier then originally intended which is a plus great condition everything works great",true,1,10,"110","B003O6JKLC","xbox 360",false,0,"USD",0,0,0,2371,4.3,"https://www.amazon.com/dp/B003O6JKLC","10195.30",false,false,false,false,"Xbox 360 4GB Console","https://m.media-amazon.com/images/I/8161WbbP0PL._AC_UY218_.jpg"
"R2C43YCLJ5V75C","Reviewed in the United States on September 15, 2021",5,"Perfrct","Absolutely would recommend if you're looking for a nostalgia boost on thhe best games",true,1,10,"110","B003O6JKLC","xbox 360",false,0,"USD",0,0,0,2371,4.3,"https://www.amazon.com/dp/B003O6JKLC","10195.30",false,false,false,false,"Xbox 360 4GB Console","https://m.media-amazon.com/images/I/8161WbbP0PL._AC_UY218_.jpg"
"R1WGPICBDL7SGD","Reviewed in the United States on September 11, 2021",3,"Controller didn't work.","The controller didn't work",true,1,10,"110","B003O6JKLC","xbox 360",false,0,"USD",0,0,0,2371,4.3,"https://www.amazon.com/dp/B003O6JKLC","10195.30",false,false,false,false,"Xbox 360 4GB Console","https://m.media-amazon.com/images/I/8161WbbP0PL._AC_UY218_.jpg"
"R3UE9OV9LMU37Z","Reviewed in the United States on August 22, 2021",1,"Audio did not work. Do not recommend buying.","Terrible situation as the audio did not work. Do not trust these scummy Amazon sellers. Buy local like I should have.",true,1,10,"110","B003O6JKLC","xbox 360",false,0,"USD",0,0,0,2371,4.3,"https://www.amazon.com/dp/B003O6JKLC","10195.30",false,false,false,false,"Xbox 360 4GB Console","https://m.media-amazon.com/images/I/8161WbbP0PL._AC_UY218_.jpg"
"RT7YR0YFEXRGJ","Reviewed in the United States on August 18, 2021",5,"Look like new","Works like a champ",true,1,10,"110","B003O6JKLC","xbox 360",false,0,"USD",0,0,0,2371,4.3,"https://www.amazon.com/dp/B003O6JKLC","10195.30",false,false,false,false,"Xbox 360 4GB Console","https://m.media-amazon.com/images/I/8161WbbP0PL._AC_UY218_.jpg"
"R2GN5XM6M8J6W1","Reviewed in the United States on August 17, 2021",4,"👌🏻","Really good condition! 4 starsfor the controller though the controller had a bad dpad half the time it wouldn’t register smh",true,1,10,"110","B003O6JKLC","xbox 360",false,0,"USD",0,0,0,2371,4.3,"https://www.amazon.com/dp/B003O6JKLC","10195.30",false,false,false,false,"Xbox 360 4GB Console","https://m.media-amazon.com/images/I/8161WbbP0PL._AC_UY218_.jpg"
"R2PZU9MVM8EPAL","Reviewed in the United States on July 30, 2021",5,"I thank u","I love Xbox soo much",true,1,10,"110","B003O6JKLC","xbox 360",false,0,"USD",0,0,0,2371,4.3,"https://www.amazon.com/dp/B003O6JKLC","10195.30",false,false,false,false,"Xbox 360 4GB Console","https://m.media-amazon.com/images/I/8161WbbP0PL._AC_UY218_.jpg"
"R136STL2JA4NF2","Reviewed in the United States on July 9, 2021",1,"It's broken","Not only does it not read disks, it's super loud",true,1,10,"110","B003O6JKLC","xbox 360",false,0,"USD",0,0,0,2371,4.3,"https://www.amazon.com/dp/B003O6JKLC","10195.30",false,false,false,false,"Xbox 360 4GB Console","https://m.media-amazon.com/images/I/8161WbbP0PL._AC_UY218_.jpg"
"R1WBHPO4L3JNGZ","Reviewed in the United States on July 9, 2021",5,"Brand new","Brand new, unopened",true,1,10,"110","B003O6JKLC","xbox 360",false,0,"USD",0,0,0,2371,4.3,"https://www.amazon.com/dp/B003O6JKLC","10195.30",false,false,false,false,"Xbox 360 4GB Console","https://m.media-amazon.com/images/I/8161WbbP0PL._AC_UY218_.jpg"
"R1M0ER6Z0BO3WA","Reviewed in the United States on July 6, 2021",1,"READ REVIEWS CAREFULLY!!!!!!","READ REVIEWS!!! Wish i could give 0 Stars. Came with no harddrive, vents were cracked, turned on and instantly overheated w the red ring of death! Waste of time, waste of money. For the price, just buy new!",true,1,10,"110","B003O6JKLC","xbox 360",false,0,"USD",0,0,0,2371,4.3,"https://www.amazon.com/dp/B003O6JKLC","10195.30",false,false,false,false,"Xbox 360 4GB Console","https://m.media-amazon.com/images/I/8161WbbP0PL._AC_UY218_.jpg"
"cr-translate--700686299",,,"","",false,1,11,"111","B007EHO03A","xbox 360",false,89.5,"USD",0,0,0,394,4.3,"https://www.amazon.com/dp/B007EHO03A","1694.20",false,false,false,false,"Microsoft Xbox 360 Wireless Controller, Black","https://m.media-amazon.com/images/I/411n9YZhG9L._AC_UY218_.jpg"
"R12CM218R7O6LV","Reviewed in the United States on May 9, 2021",1,"Bad news bears","Defective. You'll be disappointed. These aren't quality controlled like they used to be. Stick flaw, bumper flaw, and battery disconnection issuses.",true,1,11,"111","B007EHO03A","xbox 360",false,89.5,"USD",0,0,0,394,4.3,"https://www.amazon.com/dp/B007EHO03A","1694.20",false,false,false,false,"Microsoft Xbox 360 Wireless Controller, Black","https://m.media-amazon.com/images/I/411n9YZhG9L._AC_UY218_.jpg"
"R2XNRA8N454547","Reviewed in the United States on April 30, 2021",5,"Its an Xbox wireless controller","This item speaks for itself.",true,1,11,"111","B007EHO03A","xbox 360",false,89.5,"USD",0,0,0,394,4.3,"https://www.amazon.com/dp/B007EHO03A","1694.20",false,false,false,false,"Microsoft Xbox 360 Wireless Controller, Black","https://m.media-amazon.com/images/I/411n9YZhG9L._AC_UY218_.jpg"
"R33Z6AWGX4551","Reviewed in the United States on April 23, 2021",5,"Great","So hard to find these now days!Especially for a fair price!Thankyou so much, mine had a very wobbly joystick, was making some games unplayable.",true,1,11,"111","B007EHO03A","xbox 360",false,89.5,"USD",0,0,0,394,4.3,"https://www.amazon.com/dp/B007EHO03A","1694.20",false,false,false,false,"Microsoft Xbox 360 Wireless Controller, Black","https://m.media-amazon.com/images/I/411n9YZhG9L._AC_UY218_.jpg"
"R2B17FVCQLUGIM","Reviewed in the United States on February 26, 2021",4,"Nice working 360 controller","Like the seller and used but in good condition",true,1,11,"111","B007EHO03A","xbox 360",false,89.5,"USD",0,0,0,394,4.3,"https://www.amazon.com/dp/B007EHO03A","1694.20",false,false,false,false,"Microsoft Xbox 360 Wireless Controller, Black","https://m.media-amazon.com/images/I/411n9YZhG9L._AC_UY218_.jpg"
"R171E0FVDSVC9I","Reviewed in the United States on January 27, 2021",5,"Control de tus juegos clásicos","Funciona de maravilla",true,1,11,"111","B007EHO03A","xbox 360",false,89.5,"USD",0,0,0,394,4.3,"https://www.amazon.com/dp/B007EHO03A","1694.20",false,false,false,false,"Microsoft Xbox 360 Wireless Controller, Black","https://m.media-amazon.com/images/I/411n9YZhG9L._AC_UY218_.jpg"
"R22TK1B7WB6G3K","Reviewed in the United States on June 13, 2020",5,"Game is back on point!!!","Thank you!!!Im very pleased with this item.My game is back on!!!",true,1,11,"111","B007EHO03A","xbox 360",false,89.5,"USD",0,0,0,394,4.3,"https://www.amazon.com/dp/B007EHO03A","1694.20",false,false,false,false,"Microsoft Xbox 360 Wireless Controller, Black","https://m.media-amazon.com/images/I/411n9YZhG9L._AC_UY218_.jpg"
"R2DRU1GNXHF5SQ","Reviewed in the United States on June 10, 2020",5,"Legit Xbox 360 controller","Man this controller is more legit than my old one, checked all stickers and serial numbers and it’sthe real deal.”Microsoft Xbox 360 controller” bought it new came in a timely manner and it went straight to work! Lol hope this seller is still around when I need another I go through them like shoes.Update: like I said I go through these like shoes and I came back to buy another only to see that they raised the price by like $40! WTF!? Guess I won’t be buying another from this seller. Sheesh",true,1,11,"111","B007EHO03A","xbox 360",false,89.5,"USD",0,0,0,394,4.3,"https://www.amazon.com/dp/B007EHO03A","1694.20",false,false,false,false,"Microsoft Xbox 360 Wireless Controller, Black","https://m.media-amazon.com/images/I/411n9YZhG9L._AC_UY218_.jpg"
"R3CUB8VT0LD26","Reviewed in the United States on April 23, 2020",5,"Better than Expected","Product arrived in original packaging, with the drivers on CD, two AA batteries, AND a wireless dongle that wasn't included in the product description. I'd give it 6/5 stars if I could.",true,1,11,"111","B007EHO03A","xbox 360",false,89.5,"USD",0,0,0,394,4.3,"https://www.amazon.com/dp/B007EHO03A","1694.20",false,false,false,false,"Microsoft Xbox 360 Wireless Controller, Black","https://m.media-amazon.com/images/I/411n9YZhG9L._AC_UY218_.jpg"
"R3G8TCOTD6TSOG","Reviewed in the United States on April 1, 2020",5,"Genuine.","Genuine Microsoft 360 controller. Couldn't be happier!",true,1,11,"111","B007EHO03A","xbox 360",false,89.5,"USD",0,0,0,394,4.3,"https://www.amazon.com/dp/B007EHO03A","1694.20",false,false,false,false,"Microsoft Xbox 360 Wireless Controller, Black","https://m.media-amazon.com/images/I/411n9YZhG9L._AC_UY218_.jpg"
"R2K5VQ00CPBRGR","Reviewed in the United States on February 23, 2019",3,"Hit & Miss","Some are good, some aren't so good. You get what you pay for.",true,1,11,"111","B007EHO03A","xbox 360",false,89.5,"USD",0,0,0,394,4.3,"https://www.amazon.com/dp/B007EHO03A","1694.20",false,false,false,false,"Microsoft Xbox 360 Wireless Controller, Black","https://m.media-amazon.com/images/I/411n9YZhG9L._AC_UY218_.jpg"
"R24P8YJ9SQ2HI9","Reviewed in the United States on June 4, 2021",1,"Not worth it","Poor customer service. Machine stopped working after 2 weeks. Bogus!",true,1,12,"112","B00FATRKOK","xbox 360",false,0,"USD",0,0,0,959,4.2,"https://www.amazon.com/dp/B00FATRKOK","4027.80",false,false,false,false,"Xbox 360 E 250GB Holiday Value Bundle [Xbox 360]","https://m.media-amazon.com/images/I/61UM7nxDW8L._AC_UY218_.jpg"
"R1HFJOTT880E7E","Reviewed in the United States on May 19, 2021",1,"Condition not even close to advertised!","First let's start off with the conditions it arrived in which is poor when it was advertised as good. The console still functions as intended but there are scratches and scuffs all over it.The controller is no better and rather much worse. As there is notable wear and such as a chunk missing out of one of the analog sticks.The sellers description specifically said no writing in the product. But there is writing on both the power supply and the controller. It also said they would provide the hdmi cable but instead I was given a AV cable that isn't even for this model of Xbox.And lastly shipping. While it did arrive in the may 13th and the 21st time window. For the amount of time it took for them too even ship my item would atleast make you hope that there is some protection like bubble wrapping the snot out of it so it doesn't get damaged. Well... wishful thinking cause the only thing that would protect this contents of this box are your hopes and dreams and ya best hope the ups man don't kick that too.The games are fine. Both copies seem too be in good condition. No major scratches. Both are clearly just picked up from a used game store. Tomb raider even still has sticker residue on it. But I can't complain there. Even if I cared about that kinda thing it pales in comparison to the other stuff I've mentioned and it's easily resolved with goo goneToo sum it up. I am extremely unimpressed by the products condition. And will do my best too magic eraser the name of the powersupply. And the controller will soon see a landfill as basicly any movement and it disconnects. I'd save your money and try and find one some where else.",true,1,12,"112","B00FATRKOK","xbox 360",false,0,"USD",0,0,0,959,4.2,"https://www.amazon.com/dp/B00FATRKOK","4027.80",false,false,false,false,"Xbox 360 E 250GB Holiday Value Bundle [Xbox 360]","https://m.media-amazon.com/images/I/61UM7nxDW8L._AC_UY218_.jpg"
"R3GRYTQ8M552SS","Reviewed in the United States on May 12, 2021",3,"Why don't I have all the cables?","I am missing some cables for the xbox 360",true,1,12,"112","B00FATRKOK","xbox 360",false,0,"USD",0,0,0,959,4.2,"https://www.amazon.com/dp/B00FATRKOK","4027.80",false,false,false,false,"Xbox 360 E 250GB Holiday Value Bundle [Xbox 360]","https://m.media-amazon.com/images/I/61UM7nxDW8L._AC_UY218_.jpg"
"R1TH2725Y2OZWO","Reviewed in the United States on April 14, 2021",1,"HIGHLY DISAPPOINTED HIGHLY UNACCEPTABLE!!!!","In the description of this product it states that I would be getting a headset and 1month of Xbox live Gold membership. Not only is there no headset but theres a Console Ban on the xbox360 so i cant even get on LIVE! So is this what I am going to have to deal with when looking for a replacement xbox360?! Wait for it to finally get here just to find out the lies! Did I mention that the controller it came with had batteries in it that are old and exploded a bit and now the controller dont work so I had to use one of mine...DO NOT BUY FROM THIS SELLER",true,1,12,"112","B00FATRKOK","xbox 360",false,0,"USD",0,0,0,959,4.2,"https://www.amazon.com/dp/B00FATRKOK","4027.80",false,false,false,false,"Xbox 360 E 250GB Holiday Value Bundle [Xbox 360]","https://m.media-amazon.com/images/I/61UM7nxDW8L._AC_UY218_.jpg"
"RFXGNCP01HBA5","Reviewed in the United States on March 15, 2021",5,"Nothing","Really enjoying it",true,1,12,"112","B00FATRKOK","xbox 360",false,0,"USD",0,0,0,959,4.2,"https://www.amazon.com/dp/B00FATRKOK","4027.80",false,false,false,false,"Xbox 360 E 250GB Holiday Value Bundle [Xbox 360]","https://m.media-amazon.com/images/I/61UM7nxDW8L._AC_UY218_.jpg"
"R3FCE4I7V85NFJ","Reviewed in the United States on February 20, 2021",4,"Missing item","Ours did not come with the headset like it says in description",true,1,12,"112","B00FATRKOK","xbox 360",false,0,"USD",0,0,0,959,4.2,"https://www.amazon.com/dp/B00FATRKOK","4027.80",false,false,false,false,"Xbox 360 E 250GB Holiday Value Bundle [Xbox 360]","https://m.media-amazon.com/images/I/61UM7nxDW8L._AC_UY218_.jpg"
"R2KEL2WL5T489J","Reviewed in the United States on January 18, 2021",3,"Slightly disappointed.","System turns on fine but came without a top grill and a busted controller. Expected better even from used.",true,1,12,"112","B00FATRKOK","xbox 360",false,0,"USD",0,0,0,959,4.2,"https://www.amazon.com/dp/B00FATRKOK","4027.80",false,false,false,false,"Xbox 360 E 250GB Holiday Value Bundle [Xbox 360]","https://m.media-amazon.com/images/I/61UM7nxDW8L._AC_UY218_.jpg"
"R1FKYXYU7Z10L2","Reviewed in the United States on January 12, 2021",2,"Decent buy but don't expect great things","It works fine but was missing the cable for the 250GB external storage device, and the controller that came with it had bad buttons that stick when used.",true,1,12,"112","B00FATRKOK","xbox 360",false,0,"USD",0,0,0,959,4.2,"https://www.amazon.com/dp/B00FATRKOK","4027.80",false,false,false,false,"Xbox 360 E 250GB Holiday Value Bundle [Xbox 360]","https://m.media-amazon.com/images/I/61UM7nxDW8L._AC_UY218_.jpg"
"RCYZZFU0691KB","Reviewed in the United States on December 1, 2020",1,"Save your Christmas; dont do business!","Horrible... save your Christmas before it's too late!Chewed up controller, busted up case for the ONLY game... that's right; it didn't even come with Halo 4 as advertised.If I could give 0 stars; I would",true,1,12,"112","B00FATRKOK","xbox 360",false,0,"USD",0,0,0,959,4.2,"https://www.amazon.com/dp/B00FATRKOK","4027.80",false,false,false,false,"Xbox 360 E 250GB Holiday Value Bundle [Xbox 360]","https://m.media-amazon.com/images/I/61UM7nxDW8L._AC_UY218_.jpg"
"RK9OR4ONZWPDW","Reviewed in the United States on November 2, 2020",4,"Packaged Well","My 11 year old son saved up his money and was very satisfied with his purchase",true,1,12,"112","B00FATRKOK","xbox 360",false,0,"USD",0,0,0,959,4.2,"https://www.amazon.com/dp/B00FATRKOK","4027.80",false,false,false,false,"Xbox 360 E 250GB Holiday Value Bundle [Xbox 360]","https://m.media-amazon.com/images/I/61UM7nxDW8L._AC_UY218_.jpg"
"R2ZKU0C93LROQ3","Reviewed in the United States on October 18, 2021",4,"It as Red light","Xbox 360. Does.Wrk. And. Scratch. On right. Like. As. Been. Shocked. Around like played.With so i dnt want. May get other new one",true,1,13,"113","B001DT02JG","xbox 360",false,0,"USD",0,0,0,553,3.8,"https://www.amazon.com/dp/B001DT02JG","2101.40",false,false,false,false,"Microsoft Xbox 360 Game System HDMI Console 60GB","https://m.media-amazon.com/images/I/41tO08f3zzL._AC_UY218_.jpg"
"RXECZ83WGGR4E","Reviewed in the United States on September 11, 2021",5,"Awesome","This a great game to have for the kids",true,1,13,"113","B001DT02JG","xbox 360",false,0,"USD",0,0,0,553,3.8,"https://www.amazon.com/dp/B001DT02JG","2101.40",false,false,false,false,"Microsoft Xbox 360 Game System HDMI Console 60GB","https://m.media-amazon.com/images/I/41tO08f3zzL._AC_UY218_.jpg"
"RCCMTR6GW7T8F","Reviewed in the United States on September 6, 2021",1,"Terrible experience","Productors received not only physically damaged but would never even turn on with the red ring of death. And then it took forever to even get my money back",true,1,13,"113","B001DT02JG","xbox 360",false,0,"USD",0,0,0,553,3.8,"https://www.amazon.com/dp/B001DT02JG","2101.40",false,false,false,false,"Microsoft Xbox 360 Game System HDMI Console 60GB","https://m.media-amazon.com/images/I/41tO08f3zzL._AC_UY218_.jpg"
"R3N08SDT15MUTZ","Reviewed in the United States on August 12, 2021",5,"Fast shipping","Its fast shipping and look bran new .worksgrate .",true,1,13,"113","B001DT02JG","xbox 360",false,0,"USD",0,0,0,553,3.8,"https://www.amazon.com/dp/B001DT02JG","2101.40",false,false,false,false,"Microsoft Xbox 360 Game System HDMI Console 60GB","https://m.media-amazon.com/images/I/41tO08f3zzL._AC_UY218_.jpg"
"R35VEMTF97OMML","Reviewed in the United States on July 31, 2021",1,"xbox 360","The xbox door doesn't open and have to use a knife to pry game out",true,1,13,"113","B001DT02JG","xbox 360",false,0,"USD",0,0,0,553,3.8,"https://www.amazon.com/dp/B001DT02JG","2101.40",false,false,false,false,"Microsoft Xbox 360 Game System HDMI Console 60GB","https://m.media-amazon.com/images/I/41tO08f3zzL._AC_UY218_.jpg"
"R26HZWX227Q1GJ","Reviewed in the United States on June 19, 2021",5,"No problems works great","Fun fun fun",true,1,13,"113","B001DT02JG","xbox 360",false,0,"USD",0,0,0,553,3.8,"https://www.amazon.com/dp/B001DT02JG","2101.40",false,false,false,false,"Microsoft Xbox 360 Game System HDMI Console 60GB","https://m.media-amazon.com/images/I/41tO08f3zzL._AC_UY218_.jpg"
"R3JJHJ5NPK2B4O","Reviewed in the United States on June 7, 2021",2,"System arrived not working","System arrived not working. It had an overheating issues. Would run for 5-10 min then shut off on me. Was extremely dirty and small parts were broke around the case. I had to disassembly and clean it In order to get it working. Controller was extremely dirty as well. There was also some kind of sticky red gunk inside the console like something had been spilt inside it. Was also not packed very well I am sure it was rattled around in transit. However I understand these consoles are now old and one can expect some issues this one however did not come as advertised.",true,1,13,"113","B001DT02JG","xbox 360",false,0,"USD",0,0,0,553,3.8,"https://www.amazon.com/dp/B001DT02JG","2101.40",false,false,false,false,"Microsoft Xbox 360 Game System HDMI Console 60GB","https://m.media-amazon.com/images/I/41tO08f3zzL._AC_UY218_.jpg"
"R33LMVNY69YYN3","Reviewed in the United States on May 23, 2021",1,"Not as advertised","I paid $40.00 extra for a new product, I received a marred console that would not play any discsVery unhappy",true,1,13,"113","B001DT02JG","xbox 360",false,0,"USD",0,0,0,553,3.8,"https://www.amazon.com/dp/B001DT02JG","2101.40",false,false,false,false,"Microsoft Xbox 360 Game System HDMI Console 60GB","https://m.media-amazon.com/images/I/41tO08f3zzL._AC_UY218_.jpg"
"R2PNWDRRHL036A","Reviewed in the United States on May 14, 2021",1,"not a good buy","System was broken when I got it",true,1,13,"113","B001DT02JG","xbox 360",false,0,"USD",0,0,0,553,3.8,"https://www.amazon.com/dp/B001DT02JG","2101.40",false,false,false,false,"Microsoft Xbox 360 Game System HDMI Console 60GB","https://m.media-amazon.com/images/I/41tO08f3zzL._AC_UY218_.jpg"
"R3E35HG6Z3L0YO","Reviewed in the United States on April 5, 2021",3,"Could be better","Usb port on back will not allow me to use wifi",true,1,13,"113","B001DT02JG","xbox 360",false,0,"USD",0,0,0,553,3.8,"https://www.amazon.com/dp/B001DT02JG","2101.40",false,false,false,false,"Microsoft Xbox 360 Game System HDMI Console 60GB","https://m.media-amazon.com/images/I/41tO08f3zzL._AC_UY218_.jpg"
"R1357GNZFSI0KQ","Reviewed in the United States on July 13, 2021",4,"I liked it it worked","I liked it it worked",true,1,14,"114","B005GA1H4C","xbox 360",false,0,"USD",0,0,0,1144,4.4,"https://www.amazon.com/dp/B005GA1H4C","5033.60",false,false,false,false,"Microsoft XBOX 360 Kinect Sensor","https://m.media-amazon.com/images/I/61eGIYEEEBL._AC_UY218_.jpg"
"R5FORG7VFM8JR","Reviewed in the United States on June 17, 2021",5,"Good buy","The product is in extremely great condition. You won't find it for cheaper.",true,1,14,"114","B005GA1H4C","xbox 360",false,0,"USD",0,0,0,1144,4.4,"https://www.amazon.com/dp/B005GA1H4C","5033.60",false,false,false,false,"Microsoft XBOX 360 Kinect Sensor","https://m.media-amazon.com/images/I/61eGIYEEEBL._AC_UY218_.jpg"
"R23SV87P1QVZCR","Reviewed in the United States on June 14, 2021",4,"Good","Works as it should be",true,1,14,"114","B005GA1H4C","xbox 360",false,0,"USD",0,0,0,1144,4.4,"https://www.amazon.com/dp/B005GA1H4C","5033.60",false,false,false,false,"Microsoft XBOX 360 Kinect Sensor","https://m.media-amazon.com/images/I/61eGIYEEEBL._AC_UY218_.jpg"
"R35VQQSS2DD8AP","Reviewed in the United States on May 26, 2021",5,"X","Works great",true,1,14,"114","B005GA1H4C","xbox 360",false,0,"USD",0,0,0,1144,4.4,"https://www.amazon.com/dp/B005GA1H4C","5033.60",false,false,false,false,"Microsoft XBOX 360 Kinect Sensor","https://m.media-amazon.com/images/I/61eGIYEEEBL._AC_UY218_.jpg"
"R3KEIPICD5CSBQ","Reviewed in the United States on May 11, 2021",3,"Returned","Had to return sensor, it didn't work.",true,1,14,"114","B005GA1H4C","xbox 360",false,0,"USD",0,0,0,1144,4.4,"https://www.amazon.com/dp/B005GA1H4C","5033.60",false,false,false,false,"Microsoft XBOX 360 Kinect Sensor","https://m.media-amazon.com/images/I/61eGIYEEEBL._AC_UY218_.jpg"
"R2TVR3EEQZNCS5","Reviewed in the United States on April 11, 2021",1,"Don't buy","When I I plugged it in my xbox it hade family settings on it",true,1,14,"114","B005GA1H4C","xbox 360",false,0,"USD",0,0,0,1144,4.4,"https://www.amazon.com/dp/B005GA1H4C","5033.60",false,false,false,false,"Microsoft XBOX 360 Kinect Sensor","https://m.media-amazon.com/images/I/61eGIYEEEBL._AC_UY218_.jpg"
"R2FYL9N0WJBUNA","Reviewed in the United States on April 6, 2021",2,"Missing power cable adapter, hopefully works...","So the sensor came... looks directly from a goodwill as it still had 7.99 tag on it.No power cable adapter included.Will update if it works once I get the separate order I had to just make for the power adapter.",true,1,14,"114","B005GA1H4C","xbox 360",false,0,"USD",0,0,0,1144,4.4,"https://www.amazon.com/dp/B005GA1H4C","5033.60",false,false,false,false,"Microsoft XBOX 360 Kinect Sensor","https://m.media-amazon.com/images/I/61eGIYEEEBL._AC_UY218_.jpg"
"R1RUG6A4AADEEA","Reviewed in the United States on March 26, 2021",1,"Why >~<","Then I got it the cord had exposed wires and it didn’t work .",true,1,14,"114","B005GA1H4C","xbox 360",false,0,"USD",0,0,0,1144,4.4,"https://www.amazon.com/dp/B005GA1H4C","5033.60",false,false,false,false,"Microsoft XBOX 360 Kinect Sensor","https://m.media-amazon.com/images/I/61eGIYEEEBL._AC_UY218_.jpg"
"R2FKX12BIKH0CG","Reviewed in the United States on March 8, 2021",3,"It does what it does","its works but its still a kinect so don't expect alot.",true,1,14,"114","B005GA1H4C","xbox 360",false,0,"USD",0,0,0,1144,4.4,"https://www.amazon.com/dp/B005GA1H4C","5033.60",false,false,false,false,"Microsoft XBOX 360 Kinect Sensor","https://m.media-amazon.com/images/I/61eGIYEEEBL._AC_UY218_.jpg"
"R3I3L3FDB4WC8R","Reviewed in the United States on February 23, 2021",5,"Satisfied customer","Works good",true,1,14,"114","B005GA1H4C","xbox 360",false,0,"USD",0,0,0,1144,4.4,"https://www.amazon.com/dp/B005GA1H4C","5033.60",false,false,false,false,"Microsoft XBOX 360 Kinect Sensor","https://m.media-amazon.com/images/I/61eGIYEEEBL._AC_UY218_.jpg"
"R1PHA9N64TECS3","Reviewed in the United States on October 21, 2021",1,"Won't connect after initially working for a few days","After initially working for a few days, the unit decided to forget how to connect.I'm sure it can be sorted out, but just super annoying.",true,1,15,"115","B082NQLY97","xbox 360",false,0,"USD",0,0,0,4180,4.3,"https://www.amazon.com/dp/B082NQLY97","17974.00",false,false,true,false,"VOYEE Wireless Controller Compatible with Microsoft Xbox 360/Slim PC Windows 10/8/7, Wireless PC Controller with Upgraded ...","https://m.media-amazon.com/images/I/618w1nPIOjL._AC_UY218_.jpg"
"RVM0K1YRJ6GRV","Reviewed in the United States on October 18, 2021",1,"Won't sync","New batteries, controller light circles and circles but won't sync.",true,1,15,"115","B082NQLY97","xbox 360",false,0,"USD",0,0,0,4180,4.3,"https://www.amazon.com/dp/B082NQLY97","17974.00",false,false,true,false,"VOYEE Wireless Controller Compatible with Microsoft Xbox 360/Slim PC Windows 10/8/7, Wireless PC Controller with Upgraded ...","https://m.media-amazon.com/images/I/618w1nPIOjL._AC_UY218_.jpg"
"R3EKD4SITI0IHW","Reviewed in the United States on October 17, 2021",1,"Doesn’t work","I should’ve listened to the other reviews. I received this, put batteries in & did the pairing I’ve been doing for 20 years and it WONT PAIR. I tried over and over and it doesn’t work. Super disappointed.",true,1,15,"115","B082NQLY97","xbox 360",false,0,"USD",0,0,0,4180,4.3,"https://www.amazon.com/dp/B082NQLY97","17974.00",false,false,true,false,"VOYEE Wireless Controller Compatible with Microsoft Xbox 360/Slim PC Windows 10/8/7, Wireless PC Controller with Upgraded ...","https://m.media-amazon.com/images/I/618w1nPIOjL._AC_UY218_.jpg"
"R12ADX71AIU08C","Reviewed in the United States on October 12, 2021",2,"Lasted 3 months","Started to go bad by shutting down by itself.3 months latter it was dead.",true,1,15,"115","B082NQLY97","xbox 360",false,0,"USD",0,0,0,4180,4.3,"https://www.amazon.com/dp/B082NQLY97","17974.00",false,false,true,false,"VOYEE Wireless Controller Compatible with Microsoft Xbox 360/Slim PC Windows 10/8/7, Wireless PC Controller with Upgraded ...","https://m.media-amazon.com/images/I/618w1nPIOjL._AC_UY218_.jpg"
"R36JTNZGGH22VV","Reviewed in the United States on October 11, 2021",5,"Buy it","It works great; no issues",true,1,15,"115","B082NQLY97","xbox 360",false,0,"USD",0,0,0,4180,4.3,"https://www.amazon.com/dp/B082NQLY97","17974.00",false,false,true,false,"VOYEE Wireless Controller Compatible with Microsoft Xbox 360/Slim PC Windows 10/8/7, Wireless PC Controller with Upgraded ...","https://m.media-amazon.com/images/I/618w1nPIOjL._AC_UY218_.jpg"
"RFBWPQRW3JEXC","Reviewed in the United States on October 9, 2021",1,"Difficult setup, missed inputs, frequent disconnects","Setting up the drivers was straight up awful on Windows 7. Its probably easier on newer OS's. If you are having trouble your best bet is to plug it in before turning on your pc and then mess with the drivers if necessary.Plenty of times i press a button and the button press is missed. This is unacceptable.Plenty of times that i press a button and there is DELAY before it reads it. This is unacceptable.Plenty of times that the controller just straight up disconnects. This is unacceptable.",true,1,15,"115","B082NQLY97","xbox 360",false,0,"USD",0,0,0,4180,4.3,"https://www.amazon.com/dp/B082NQLY97","17974.00",false,false,true,false,"VOYEE Wireless Controller Compatible with Microsoft Xbox 360/Slim PC Windows 10/8/7, Wireless PC Controller with Upgraded ...","https://m.media-amazon.com/images/I/618w1nPIOjL._AC_UY218_.jpg"
"R29OPPYXFWFV0F","Reviewed in the United States on October 8, 2021",1,"Came Broken","The controller came broken...the battery pack was in pieces upon opening the package 👎🏼 Do. Not. Recommend.",true,1,15,"115","B082NQLY97","xbox 360",false,0,"USD",0,0,0,4180,4.3,"https://www.amazon.com/dp/B082NQLY97","17974.00",false,false,true,false,"VOYEE Wireless Controller Compatible with Microsoft Xbox 360/Slim PC Windows 10/8/7, Wireless PC Controller with Upgraded ...","https://m.media-amazon.com/images/I/618w1nPIOjL._AC_UY218_.jpg"
"R209QBTYS1OOAZ","Reviewed in the United States on October 7, 2021",5,"Perfect replacement k","Great oe function have several ps3 controllers from them excellent replacement",true,1,15,"115","B082NQLY97","xbox 360",false,0,"USD",0,0,0,4180,4.3,"https://www.amazon.com/dp/B082NQLY97","17974.00",false,false,true,false,"VOYEE Wireless Controller Compatible with Microsoft Xbox 360/Slim PC Windows 10/8/7, Wireless PC Controller with Upgraded ...","https://m.media-amazon.com/images/I/618w1nPIOjL._AC_UY218_.jpg"
"REE5HVXYA5SKG","Reviewed in the United States on October 7, 2021",1,"Not happy at all!","The firing mechanism was corrupt and would shoot every time I tried to aim, very frustrating when playing a Ghost Game! Its too bad, I was really excited to use this product. Disappointing!",true,1,15,"115","B082NQLY97","xbox 360",false,0,"USD",0,0,0,4180,4.3,"https://www.amazon.com/dp/B082NQLY97","17974.00",false,false,true,false,"VOYEE Wireless Controller Compatible with Microsoft Xbox 360/Slim PC Windows 10/8/7, Wireless PC Controller with Upgraded ...","https://m.media-amazon.com/images/I/618w1nPIOjL._AC_UY218_.jpg"
"R2A4ZXZSL6VCT2","Reviewed in the United States on October 7, 2021",1,"Controller doesn’t shut off","Everything works but it does not shut off",true,1,15,"115","B082NQLY97","xbox 360",false,0,"USD",0,0,0,4180,4.3,"https://www.amazon.com/dp/B082NQLY97","17974.00",false,false,true,false,"VOYEE Wireless Controller Compatible with Microsoft Xbox 360/Slim PC Windows 10/8/7, Wireless PC Controller with Upgraded ...","https://m.media-amazon.com/images/I/618w1nPIOjL._AC_UY218_.jpg"
"R23GPDOMR5UUHG","Reviewed in the United States on October 5, 2021",2,"Mic (Turtle Beach) didn't like it","In COD BO1, it was a constant hiss (earpiece and displayed on HUD). Swapped out hardware and still same. So I put back the rechargeable batteries and problem fixed. Guess I'll just use these when I don't expect to use a mic and reserve my rechargeables.",true,1,16,"116","B07RW7PMND","xbox 360",false,0,"USD",0,0,0,2356,4.5,"https://www.amazon.com/dp/B07RW7PMND","10602.00",false,false,true,false,"Xbox 360 Charging Cable for Xbox 360 Wireless Game Controllers,2 Pack Black","https://m.media-amazon.com/images/I/61B9KDW4WxL._AC_UY218_.jpg"
"RQJNL2TNV8KQW","Reviewed in the United States on October 4, 2021",1,"False Description, Doesn’t Actually Charge","I got rid of the last standing charger I had because it was breaking and now have no way to use my controllers. So I ordered these cables because I assumed by the title that they would actually, you know, charge the battery packs that I have for the controllers. But they don’t “charge” them, they “power” them. The controllers don’t work unless they are plugged in. What year is this, 2002? I don’t want to play wired. I don’t want to have to touch my Xbox to turn it on. So I’m sending these back and I suggest that anyone looking for an actual “charger” look elsewhere because this isn’t it.",true,1,16,"116","B07RW7PMND","xbox 360",false,0,"USD",0,0,0,2356,4.5,"https://www.amazon.com/dp/B07RW7PMND","10602.00",false,false,true,false,"Xbox 360 Charging Cable for Xbox 360 Wireless Game Controllers,2 Pack Black","https://m.media-amazon.com/images/I/61B9KDW4WxL._AC_UY218_.jpg"
"R1AP6L6WGP9R3G","Reviewed in the United States on September 24, 2021",5,"Great Charging Cables","Bought these for a family gamer who has no complaints with these cables.",true,1,16,"116","B07RW7PMND","xbox 360",false,0,"USD",0,0,0,2356,4.5,"https://www.amazon.com/dp/B07RW7PMND","10602.00",false,false,true,false,"Xbox 360 Charging Cable for Xbox 360 Wireless Game Controllers,2 Pack Black","https://m.media-amazon.com/images/I/61B9KDW4WxL._AC_UY218_.jpg"
"R278403IP1AS79","Reviewed in the United States on September 22, 2021",5,"Charges controllers, you can play with your controllers while it charges.","Does exactly what I needed it to do.Fit just fine, and has a pretty long cord to.",true,1,16,"116","B07RW7PMND","xbox 360",false,0,"USD",0,0,0,2356,4.5,"https://www.amazon.com/dp/B07RW7PMND","10602.00",false,false,true,false,"Xbox 360 Charging Cable for Xbox 360 Wireless Game Controllers,2 Pack Black","https://m.media-amazon.com/images/I/61B9KDW4WxL._AC_UY218_.jpg"
"R1XGJ6R2E9HPAI","Reviewed in the United States on September 16, 2021",4,"They work","The cords are pretty short (about 3ft) so you have to be close to the console and tv to use them. They don't fit exactly flush to the controller but well enough to work without issue. Worth it for the price.",true,1,16,"116","B07RW7PMND","xbox 360",false,0,"USD",0,0,0,2356,4.5,"https://www.amazon.com/dp/B07RW7PMND","10602.00",false,false,true,false,"Xbox 360 Charging Cable for Xbox 360 Wireless Game Controllers,2 Pack Black","https://m.media-amazon.com/images/I/61B9KDW4WxL._AC_UY218_.jpg"
"R2M22FQQZHSKA6","Reviewed in the United States on September 7, 2021",4,"Charge batteries","I read some reviews on here about the charging cable.you have to have it plugged into an xbox 360 to charge batteries. Can not plug to an external outlet like you would with a phone.",true,1,16,"116","B07RW7PMND","xbox 360",false,0,"USD",0,0,0,2356,4.5,"https://www.amazon.com/dp/B07RW7PMND","10602.00",false,false,true,false,"Xbox 360 Charging Cable for Xbox 360 Wireless Game Controllers,2 Pack Black","https://m.media-amazon.com/images/I/61B9KDW4WxL._AC_UY218_.jpg"
"R1RVBI0USQ884N","Reviewed in the United States on August 25, 2021",5,"Great","My son loved them",true,1,16,"116","B07RW7PMND","xbox 360",false,0,"USD",0,0,0,2356,4.5,"https://www.amazon.com/dp/B07RW7PMND","10602.00",false,false,true,false,"Xbox 360 Charging Cable for Xbox 360 Wireless Game Controllers,2 Pack Black","https://m.media-amazon.com/images/I/61B9KDW4WxL._AC_UY218_.jpg"
"R3S5R07R2KRUOR","Reviewed in the United States on August 17, 2021",5,"Good price","Good value for 2",true,1,16,"116","B07RW7PMND","xbox 360",false,0,"USD",0,0,0,2356,4.5,"https://www.amazon.com/dp/B07RW7PMND","10602.00",false,false,true,false,"Xbox 360 Charging Cable for Xbox 360 Wireless Game Controllers,2 Pack Black","https://m.media-amazon.com/images/I/61B9KDW4WxL._AC_UY218_.jpg"
"R3GEAZQ550AEKW","Reviewed in the United States on August 14, 2021",1,"DOESN’T FIT","Your browser does not support HTML5 video. Both the chords will not charge any of my three Xbox 360 controllers. They do not fit in and it seems as if the gauges are too long. The light will blink green when plugging in a cm but quickly shuts off. Like other reviews, it’s just a waste of time and money.",true,1,16,"116","B07RW7PMND","xbox 360",false,0,"USD",0,0,0,2356,4.5,"https://www.amazon.com/dp/B07RW7PMND","10602.00",false,false,true,false,"Xbox 360 Charging Cable for Xbox 360 Wireless Game Controllers,2 Pack Black","https://m.media-amazon.com/images/I/61B9KDW4WxL._AC_UY218_.jpg"
"R3NY3T1E5NWKWU","Reviewed in the United States on August 14, 2021",4,"game","kids say they work good & they are happy with them",true,1,16,"116","B07RW7PMND","xbox 360",false,0,"USD",0,0,0,2356,4.5,"https://www.amazon.com/dp/B07RW7PMND","10602.00",false,false,true,false,"Xbox 360 Charging Cable for Xbox 360 Wireless Game Controllers,2 Pack Black","https://m.media-amazon.com/images/I/61B9KDW4WxL._AC_UY218_.jpg"