"review.id","review.review_data","review.rating","review.title","review.review","review.verified_purchase","product.position.page","product.position.position","product.position.global_position","product.asin","product.keyword","product.price.discounted","product.price.current_price","product.price.currency","product.price.before_price","product.price.savings_amount","product.price.savings_percent","product.reviews.total_reviews","product.reviews.rating","product.url","product.score","product.sponsored","product.amazonChoice","product.bestSeller","product.amazonPrime","product.title","product.thumbnail"
"R2BD3RTJHXJFN9","Reviewed in the United States on October 22, 2021",5,"Amazing","Love it",true,1,1,"10","B08H75RTZ8","Xbox One X",false,0,"USD",0,0,0,10337,4.9,"https://www.amazon.com/dp/B08H75RTZ8","50651.30",false,false,false,false,"Xbox Series X","https://m.media-amazon.com/images/I/714IbXR4HuL._AC_UY218_.jpg"
"R15KCJ8I7VOFGC","Reviewed in the United States on October 21, 2021",3,"The console is just OK","I have had my Series X for a year now and feel I can give a full review finally. The console is just mediocre, the graphics are fine the games are awesome in fact I think Gamepass Ultimate is the best value in gaming right now, I just wish Microsoft had a console that matched it.The audio from the console itself is just silly, unless your TV/Monitor has built in speakers or audio out then you will need to use a HDMI audio extractor, an official wireless headset, or wired headphones connected to the controller, also no bluetooth connections so most modern headsets, and sound systems are useless with this console.The wifi can be very finicky and drops a lot, no other wifi device I have loses connection as much as this console so I have started to use a wired connection.Only 1 USB port in the front is lackluster.This feels like a $300 console not a $500 one.",true,1,1,"10","B08H75RTZ8","Xbox One X",false,0,"USD",0,0,0,10337,4.9,"https://www.amazon.com/dp/B08H75RTZ8","50651.30",false,false,false,false,"Xbox Series X","https://m.media-amazon.com/images/I/714IbXR4HuL._AC_UY218_.jpg"
"R22KMEP463OCB4","Reviewed in the United States on October 20, 2021",5,"Beautiful","I love this thing, M28U is the cheapest 144 hz 4k monitor with HDMI 2.1 you can get for this and it works great",true,1,1,"10","B08H75RTZ8","Xbox One X",false,0,"USD",0,0,0,10337,4.9,"https://www.amazon.com/dp/B08H75RTZ8","50651.30",false,false,false,false,"Xbox Series X","https://m.media-amazon.com/images/I/714IbXR4HuL._AC_UY218_.jpg"
"R14G6EXPHRCVZS","Reviewed in the United States on October 20, 2021",5,"works great","glad i bought this",true,1,1,"10","B08H75RTZ8","Xbox One X",false,0,"USD",0,0,0,10337,4.9,"https://www.amazon.com/dp/B08H75RTZ8","50651.30",false,false,false,false,"Xbox Series X","https://m.media-amazon.com/images/I/714IbXR4HuL._AC_UY218_.jpg"
"RVATY6FISC5ZX","Reviewed in the United States on October 19, 2021",5,"Experience but good buy","Was super scared to buy this online because of the price but it got here on time with no issues.",true,1,1,"10","B08H75RTZ8","Xbox One X",false,0,"USD",0,0,0,10337,4.9,"https://www.amazon.com/dp/B08H75RTZ8","50651.30",false,false,false,false,"Xbox Series X","https://m.media-amazon.com/images/I/714IbXR4HuL._AC_UY218_.jpg"
"R2BG3CHJ1NH82M","Reviewed in the United States on October 18, 2021",5,"Very happy","Very fast shipping product is as advertised 👍🏽😁",true,1,1,"10","B08H75RTZ8","Xbox One X",false,0,"USD",0,0,0,10337,4.9,"https://www.amazon.com/dp/B08H75RTZ8","50651.30",false,false,false,false,"Xbox Series X","https://m.media-amazon.com/images/I/714IbXR4HuL._AC_UY218_.jpg"
"R3F3GHDCGZF2MU","Reviewed in the United States on October 18, 2021",5,"System is a beast","My kids love it",true,1,1,"10","B08H75RTZ8","Xbox One X",false,0,"USD",0,0,0,10337,4.9,"https://www.amazon.com/dp/B08H75RTZ8","50651.30",false,false,false,false,"Xbox Series X","https://m.media-amazon.com/images/I/714IbXR4HuL._AC_UY218_.jpg"
"R1EGJVPICHW404","Reviewed in the United States on October 18, 2021",5,"Great Product and Fair Price!","Since YouTube is one of my primary occupations, I finally decided to take the plunge and buy the Xbox Series X.Of course, they’re still sold out all over the place, so I knew I’d have to pay a little more on Amazon in order to get one.Fortunately, the seller’s price is what I would consider to be a fair deal.Yes, it was still a $350 mark up, but I’ve seen others charge more than double the retail value.Console arrived earlier than expected, and so far, it works perfectly with no issues.Five stars!",true,1,1,"10","B08H75RTZ8","Xbox One X",false,0,"USD",0,0,0,10337,4.9,"https://www.amazon.com/dp/B08H75RTZ8","50651.30",false,false,false,false,"Xbox Series X","https://m.media-amazon.com/images/I/714IbXR4HuL._AC_UY218_.jpg"
"RKZ3BEPWRPO90","Reviewed in the United States on October 17, 2021",5,"Worth it , legit , as described,LOVE IT!","I bought the Xbox Series X for Father's day for my husband.And he loves it , I was worried when first purchasing it because I saw some people had issues with the product.When I first recieved the x box Series x I opened it to make sure it was all there and it looked good and it did , which I was happy with. A couple of weeks later my husband opened it for Father's day and was excited to recieve it. We set it up and cut the xbox on , after connecting it to our t.v. , and it worked.It functioned just fine . I bought it in June and it's now October and it still works perfectly fine,I have had no issues with it . And it gets played on a daily , at least a few hours each day. I am very happy with this purchase and it was exactly as described.",true,1,1,"10","B08H75RTZ8","Xbox One X",false,0,"USD",0,0,0,10337,4.9,"https://www.amazon.com/dp/B08H75RTZ8","50651.30",false,false,false,false,"Xbox Series X","https://m.media-amazon.com/images/I/714IbXR4HuL._AC_UY218_.jpg"
"R2MFPM7TA3XKRS","Reviewed in the United States on October 17, 2021",1,"Bad","Keeps randomly turning off",true,1,1,"10","B08H75RTZ8","Xbox One X",false,0,"USD",0,0,0,10337,4.9,"https://www.amazon.com/dp/B08H75RTZ8","50651.30",false,false,false,false,"Xbox Series X","https://m.media-amazon.com/images/I/714IbXR4HuL._AC_UY218_.jpg"
"RGS6M0SARO498","Reviewed in the United States on September 25, 2021",5,"Great","It’s all good",true,1,2,"11","B096NDSM88","Xbox One X",true,69.99,"USD",99.99,30,30,74,4.4,"https://www.amazon.com/dp/B096NDSM88","325.60",false,false,false,false,"Madden NFL 22 MVP Edition - Xbox One & Xbox Series X","https://m.media-amazon.com/images/I/61LtK34D1dS._AC_UY218_.jpg"
"R1SPOHYJE6I6SR","Reviewed in the United States on October 20, 2021",5,"not broken on arrival","arrived before expected date, in good shape",true,1,3,"12","B096JNND1D","Xbox One X",false,0,"USD",0,0,0,29,3.7,"https://www.amazon.com/dp/B096JNND1D","107.30",false,false,false,false,"(Renewed) Microsoft Xbox One X 1TB Gaming Console - Wireless Controller, Xbox Game Pass Ultimate 3-Month Membership, 12GB ...","https://m.media-amazon.com/images/I/51EQ6jZfTTS._AC_UY218_.jpg"
"RYBPIB2LVS7RF","Reviewed in the United States on October 14, 2021",3,"Power cord sucked","The power cord that came fell out easily, like as easily as just touching it.",true,1,3,"12","B096JNND1D","Xbox One X",false,0,"USD",0,0,0,29,3.7,"https://www.amazon.com/dp/B096JNND1D","107.30",false,false,false,false,"(Renewed) Microsoft Xbox One X 1TB Gaming Console - Wireless Controller, Xbox Game Pass Ultimate 3-Month Membership, 12GB ...","https://m.media-amazon.com/images/I/51EQ6jZfTTS._AC_UY218_.jpg"
"R1G7FNRZLQCBK4","Reviewed in the United States on October 14, 2021",1,"Xbox damaged","We have less than a month using the xbox and it is damaged, does it have any guarantee?",true,1,3,"12","B096JNND1D","Xbox One X",false,0,"USD",0,0,0,29,3.7,"https://www.amazon.com/dp/B096JNND1D","107.30",false,false,false,false,"(Renewed) Microsoft Xbox One X 1TB Gaming Console - Wireless Controller, Xbox Game Pass Ultimate 3-Month Membership, 12GB ...","https://m.media-amazon.com/images/I/51EQ6jZfTTS._AC_UY218_.jpg"
"R1E7LCGN7X6O64","Reviewed in the United States on October 11, 2021",1,"Won’t turn on!","Just got back from deployment and had ordered this Xbox a couple months prior and when I went to go set it up it wouldn’t even turn on. Of course I checked to see the return/exchange policy and it was only 1 month of course so that screwed me. I tried it with multiple different power cords and none of them worked and when I took it to get repaired it had a number of problems. This is a scam and I would somehow like the company to reach out because it’s not “certified refurbished” or however they word it. SCAM",true,1,3,"12","B096JNND1D","Xbox One X",false,0,"USD",0,0,0,29,3.7,"https://www.amazon.com/dp/B096JNND1D","107.30",false,false,false,false,"(Renewed) Microsoft Xbox One X 1TB Gaming Console - Wireless Controller, Xbox Game Pass Ultimate 3-Month Membership, 12GB ...","https://m.media-amazon.com/images/I/51EQ6jZfTTS._AC_UY218_.jpg"
"R3SJI9E1IQZE2Q","Reviewed in the United States on August 7, 2021",1,"DO NOT BUY","Bought this Xbox after Xbox one broke. Have had it for less than a month and it's already crashed completely. Displays the black screen of death and factory resets won't work either. Don't waste your time or money with this product.",true,1,3,"12","B096JNND1D","Xbox One X",false,0,"USD",0,0,0,29,3.7,"https://www.amazon.com/dp/B096JNND1D","107.30",false,false,false,false,"(Renewed) Microsoft Xbox One X 1TB Gaming Console - Wireless Controller, Xbox Game Pass Ultimate 3-Month Membership, 12GB ...","https://m.media-amazon.com/images/I/51EQ6jZfTTS._AC_UY218_.jpg"
"R25LL8N2B8PU5C","Reviewed in the United States on October 14, 2021",5,"Very happy :)","Amazing quality! Perfect condition! Very happy with my purchase. 10/10 would recommend!!!",true,1,4,"14","B074WPGYRF","Xbox One X",false,719,"USD",0,0,0,5334,4.6,"https://www.amazon.com/dp/B074WPGYRF","24536.40",false,false,false,false,"Microsoft Xbox One X 1Tb Console With Wireless Controller: Xbox One X Enhanced, Hdr, Native 4K, Ultra Hd (Discontinued)","https://m.media-amazon.com/images/I/61ux1cU49XL._AC_UY218_.jpg"
"R9LEHL1Y3OGWX","Reviewed in the United States on October 8, 2021",5,"better then the description","box was a little damages no prpblem there console came looikng brand new very well packed i will be posting vids of my console and doing a instant 1,3,6 month update so far im very happy thankyou gamergirls better then expected flawless not a scratch nothing even seems used",true,1,4,"14","B074WPGYRF","Xbox One X",false,719,"USD",0,0,0,5334,4.6,"https://www.amazon.com/dp/B074WPGYRF","24536.40",false,false,false,false,"Microsoft Xbox One X 1Tb Console With Wireless Controller: Xbox One X Enhanced, Hdr, Native 4K, Ultra Hd (Discontinued)","https://m.media-amazon.com/images/I/61ux1cU49XL._AC_UY218_.jpg"
"R3Q7MKPEOZITVY","Reviewed in the United States on October 5, 2021",1,"Water damage","After about 2-3 months of running fine It had stopped putting out a signal of HDMI after finding out that the warranty was void due to this Xbox being opened ! Before purchasing! I had opened it up planning to use my thermal camera to find a bad HDMI IN instead I find water damage all over the board waste of money",true,1,4,"14","B074WPGYRF","Xbox One X",false,719,"USD",0,0,0,5334,4.6,"https://www.amazon.com/dp/B074WPGYRF","24536.40",false,false,false,false,"Microsoft Xbox One X 1Tb Console With Wireless Controller: Xbox One X Enhanced, Hdr, Native 4K, Ultra Hd (Discontinued)","https://m.media-amazon.com/images/I/61ux1cU49XL._AC_UY218_.jpg"
"R11ELU725XRGCU","Reviewed in the United States on October 5, 2021",1,"Wth","I spent 470 for an Xbox one x but I only got an Xbox one I’m not happy with this",true,1,4,"14","B074WPGYRF","Xbox One X",false,719,"USD",0,0,0,5334,4.6,"https://www.amazon.com/dp/B074WPGYRF","24536.40",false,false,false,false,"Microsoft Xbox One X 1Tb Console With Wireless Controller: Xbox One X Enhanced, Hdr, Native 4K, Ultra Hd (Discontinued)","https://m.media-amazon.com/images/I/61ux1cU49XL._AC_UY218_.jpg"
"R2NBRWWPBCTF2R","Reviewed in the United States on September 29, 2021",5,"So far so good","Was in good shape and came with everything needed.Hopefully it lasts.Thanks",true,1,4,"14","B074WPGYRF","Xbox One X",false,719,"USD",0,0,0,5334,4.6,"https://www.amazon.com/dp/B074WPGYRF","24536.40",false,false,false,false,"Microsoft Xbox One X 1Tb Console With Wireless Controller: Xbox One X Enhanced, Hdr, Native 4K, Ultra Hd (Discontinued)","https://m.media-amazon.com/images/I/61ux1cU49XL._AC_UY218_.jpg"
"RAH1CTF98CDAJ","Reviewed in the United States on September 23, 2021",3,"Heats up way to hot.","This thing is like a furnace once its on, I'm not sure if its supposed to be like that...",true,1,4,"14","B074WPGYRF","Xbox One X",false,719,"USD",0,0,0,5334,4.6,"https://www.amazon.com/dp/B074WPGYRF","24536.40",false,false,false,false,"Microsoft Xbox One X 1Tb Console With Wireless Controller: Xbox One X Enhanced, Hdr, Native 4K, Ultra Hd (Discontinued)","https://m.media-amazon.com/images/I/61ux1cU49XL._AC_UY218_.jpg"
"R2V2CN8Y30BP8S","Reviewed in the United States on September 23, 2021",1,"Pos refurbished console","This thing worked for 4 months barely then its is having electrical issues turns on 20 seconds turns off thanks for taking my money 💰",true,1,4,"14","B074WPGYRF","Xbox One X",false,719,"USD",0,0,0,5334,4.6,"https://www.amazon.com/dp/B074WPGYRF","24536.40",false,false,false,false,"Microsoft Xbox One X 1Tb Console With Wireless Controller: Xbox One X Enhanced, Hdr, Native 4K, Ultra Hd (Discontinued)","https://m.media-amazon.com/images/I/61ux1cU49XL._AC_UY218_.jpg"
"R3GBHH7SWTGHR3","Reviewed in the United States on September 16, 2021",5,"Worked great","Held me over in tell I bought next gen",true,1,4,"14","B074WPGYRF","Xbox One X",false,719,"USD",0,0,0,5334,4.6,"https://www.amazon.com/dp/B074WPGYRF","24536.40",false,false,false,false,"Microsoft Xbox One X 1Tb Console With Wireless Controller: Xbox One X Enhanced, Hdr, Native 4K, Ultra Hd (Discontinued)","https://m.media-amazon.com/images/I/61ux1cU49XL._AC_UY218_.jpg"
"R38GJKN27T5PWY","Reviewed in the United States on September 15, 2021",1,"Don’t buy from here, it’s BS and doesn’t work","I got this for my friend in Canada as a birthday gift, he was able to turn it on and login into his account but the Xbox kept freezing and stuttering. Finally it just won’t turn on at all and he just got it TODAY. Spent a lot of money trying to get him it and now he can’t even return it cause the Canadian post wants him to pay $500 for shipping for returning it. What a huge waste of money and time. Don’t buy from here, you’ll only be disappointed the Xbox’s don’t work and you’re just giving these people your money. Guess there goes almost $500",true,1,4,"14","B074WPGYRF","Xbox One X",false,719,"USD",0,0,0,5334,4.6,"https://www.amazon.com/dp/B074WPGYRF","24536.40",false,false,false,false,"Microsoft Xbox One X 1Tb Console With Wireless Controller: Xbox One X Enhanced, Hdr, Native 4K, Ultra Hd (Discontinued)","https://m.media-amazon.com/images/I/61ux1cU49XL._AC_UY218_.jpg"
"R2MN9SUC2VCZ1E","Reviewed in the United States on September 14, 2021",5,"Works for what I needed it for.","Works for what I needed it for.",true,1,4,"14","B074WPGYRF","Xbox One X",false,719,"USD",0,0,0,5334,4.6,"https://www.amazon.com/dp/B074WPGYRF","24536.40",false,false,false,false,"Microsoft Xbox One X 1Tb Console With Wireless Controller: Xbox One X Enhanced, Hdr, Native 4K, Ultra Hd (Discontinued)","https://m.media-amazon.com/images/I/61ux1cU49XL._AC_UY218_.jpg"
"RWCMPXNYY20YH","Reviewed in the United States on September 22, 2021",5,"Never Let Me Down","Ordered this product a couple years ago and I forgot to do the review. However it has been a dream for me to use this, it's Never let me down, it's really versatile. Excellent quality product, excellent 4K output quality. Together with a cooling stand, its been awesome. 1T of HDD runs out quick but its never really been a problem for me.",true,1,5,"15","B07NBVPZ6L","Xbox One X",false,0,"USD",0,0,0,871,4.5,"https://www.amazon.com/dp/B07NBVPZ6L","3919.50",false,false,false,false,"Microsoft Xbox One X Console - 1TB w/ Accessories - Black","https://m.media-amazon.com/images/I/61LVSqb4BHL._AC_UY218_.jpg"
"R2AXZFB7LGOWXV","Reviewed in the United States on September 10, 2021",1,"Be careful","The system works good but the it’s not new it’s used and the controller didn’t work when I got it. I had to buy a new controller",true,1,5,"15","B07NBVPZ6L","Xbox One X",false,0,"USD",0,0,0,871,4.5,"https://www.amazon.com/dp/B07NBVPZ6L","3919.50",false,false,false,false,"Microsoft Xbox One X Console - 1TB w/ Accessories - Black","https://m.media-amazon.com/images/I/61LVSqb4BHL._AC_UY218_.jpg"
"R1GHZN3IUPO1A5","Reviewed in the United States on September 9, 2021",4,"Overall great!","The xbox works great, and I really love it. The controller stopped working after about a week unfortunately. Other than that, no issues.",true,1,5,"15","B07NBVPZ6L","Xbox One X",false,0,"USD",0,0,0,871,4.5,"https://www.amazon.com/dp/B07NBVPZ6L","3919.50",false,false,false,false,"Microsoft Xbox One X Console - 1TB w/ Accessories - Black","https://m.media-amazon.com/images/I/61LVSqb4BHL._AC_UY218_.jpg"
"R36QHGL697SWV2","Reviewed in the United States on September 7, 2021",1,"Do Not Buy","Received this less than a week ago and I got the green screen of death. Still trying to fix it, but seemingly is now like a $500 paperweight.",true,1,5,"15","B07NBVPZ6L","Xbox One X",false,0,"USD",0,0,0,871,4.5,"https://www.amazon.com/dp/B07NBVPZ6L","3919.50",false,false,false,false,"Microsoft Xbox One X Console - 1TB w/ Accessories - Black","https://m.media-amazon.com/images/I/61LVSqb4BHL._AC_UY218_.jpg"
"R26Y6K861721GK","Reviewed in the United States on August 17, 2021",5,"Like new condition works great way faster then old X box one","No instructions but do everything on E box and phone",true,1,5,"15","B07NBVPZ6L","Xbox One X",false,0,"USD",0,0,0,871,4.5,"https://www.amazon.com/dp/B07NBVPZ6L","3919.50",false,false,false,false,"Microsoft Xbox One X Console - 1TB w/ Accessories - Black","https://m.media-amazon.com/images/I/61LVSqb4BHL._AC_UY218_.jpg"
"R2VGG1CUSCM6U6","Reviewed in the United States on August 9, 2021",5,"Great gaming console for a first Xbox.","Bought used and it was well packaged. It came in almost mint condition. Arrived super quick. Came with all the cords and a controller. Works with Alexa which is a plus in every way.",true,1,5,"15","B07NBVPZ6L","Xbox One X",false,0,"USD",0,0,0,871,4.5,"https://www.amazon.com/dp/B07NBVPZ6L","3919.50",false,false,false,false,"Microsoft Xbox One X Console - 1TB w/ Accessories - Black","https://m.media-amazon.com/images/I/61LVSqb4BHL._AC_UY218_.jpg"
"R16PRBQJBK8KRF","Reviewed in the United States on July 30, 2021",1,"Inaccurate Product Info","Product was listed as new. The console might have been new, but the box was open and an obvious attempt to reseal the box with cheap stickers that did not seal it. Not worth the risk.",true,1,5,"15","B07NBVPZ6L","Xbox One X",false,0,"USD",0,0,0,871,4.5,"https://www.amazon.com/dp/B07NBVPZ6L","3919.50",false,false,false,false,"Microsoft Xbox One X Console - 1TB w/ Accessories - Black","https://m.media-amazon.com/images/I/61LVSqb4BHL._AC_UY218_.jpg"
"R1GICSERTP90B2","Reviewed in the United States on July 18, 2021",2,"Fast shipping, wrong parts.","The XBOX works great now that I went and purchased a power cord and new controller. The power cord that was sent did not fit the XBOX and the non wireless controller did not have a cord with it at all. Fortunately I was able to find these 2 things locally. Otherwise, shipping was fast and the equipment seems to be in good condition.",true,1,5,"15","B07NBVPZ6L","Xbox One X",false,0,"USD",0,0,0,871,4.5,"https://www.amazon.com/dp/B07NBVPZ6L","3919.50",false,false,false,false,"Microsoft Xbox One X Console - 1TB w/ Accessories - Black","https://m.media-amazon.com/images/I/61LVSqb4BHL._AC_UY218_.jpg"
"RAUN0W4KPR5B7","Reviewed in the United States on July 12, 2021",5,"xbox 1 was as discribe","looked like new and worked perfectly",true,1,5,"15","B07NBVPZ6L","Xbox One X",false,0,"USD",0,0,0,871,4.5,"https://www.amazon.com/dp/B07NBVPZ6L","3919.50",false,false,false,false,"Microsoft Xbox One X Console - 1TB w/ Accessories - Black","https://m.media-amazon.com/images/I/61LVSqb4BHL._AC_UY218_.jpg"
"RB1NLJXTVKUL2","Reviewed in the United States on July 7, 2021",1,"DISAPPOINTED .. HIGHLY.","I WAS TOLD THE UNIT WAS NEW .. BUT IT'S REFURBISHED",true,1,5,"15","B07NBVPZ6L","Xbox One X",false,0,"USD",0,0,0,871,4.5,"https://www.amazon.com/dp/B07NBVPZ6L","3919.50",false,false,false,false,"Microsoft Xbox One X Console - 1TB w/ Accessories - Black","https://m.media-amazon.com/images/I/61LVSqb4BHL._AC_UY218_.jpg"
"R2V8ZBQSRLOU4O","Reviewed in the United States on July 8, 2021",5,"Perfect condition","Came perfect condition really fun no problems with the console and glows in the dark got my moneys worth",true,1,6,"16","B0843HH115","Xbox One X",false,0,"USD",0,0,0,567,4.7,"https://www.amazon.com/dp/B0843HH115","2664.90",false,false,false,false,"Xbox One X LE Bundle - CyberPunk [DISCONTINUED]","https://m.media-amazon.com/images/I/815F9gQrp5L._AC_UY218_.jpg"
"RQLR2UZAEWZC1","Reviewed in the United States on April 28, 2021",5,"Money well spent","Box was a little ripped but otherwise arrived safely. Such a cool edition. Fantastic performance as well!",true,1,6,"16","B0843HH115","Xbox One X",false,0,"USD",0,0,0,567,4.7,"https://www.amazon.com/dp/B0843HH115","2664.90",false,false,false,false,"Xbox One X LE Bundle - CyberPunk [DISCONTINUED]","https://m.media-amazon.com/images/I/815F9gQrp5L._AC_UY218_.jpg"
"R3EP92QV3TXJPY","Reviewed in the United States on April 26, 2021",5,"Expensive but love it","Yes it's expensive but the quality of the design took alot of work for someone I'm glad to have this peice in my home. Wish it was cheaper but hey got a happy family",true,1,6,"16","B0843HH115","Xbox One X",false,0,"USD",0,0,0,567,4.7,"https://www.amazon.com/dp/B0843HH115","2664.90",false,false,false,false,"Xbox One X LE Bundle - CyberPunk [DISCONTINUED]","https://m.media-amazon.com/images/I/815F9gQrp5L._AC_UY218_.jpg"
"RP19O5URVGA9","Reviewed in the United States on April 8, 2021",5,"good system","looks really nice, works great, my son's love it",true,1,6,"16","B0843HH115","Xbox One X",false,0,"USD",0,0,0,567,4.7,"https://www.amazon.com/dp/B0843HH115","2664.90",false,false,false,false,"Xbox One X LE Bundle - CyberPunk [DISCONTINUED]","https://m.media-amazon.com/images/I/815F9gQrp5L._AC_UY218_.jpg"
"R1JRQM7HXZMGNK","Reviewed in the United States on March 20, 2021",5,"Overpriced but definitely worth it","I love the console it’s awesome, exactly as advertised everything was in the box 📦, it’s super overpriced but with the console shortage/scalping greedy people like this seller it’s wise to buy what you can prices are only gunna keep rising, but hey if you can wait another year till everything is normal again go for it!! Goodluck!! Wish it was cheaper but satisfied",true,1,6,"16","B0843HH115","Xbox One X",false,0,"USD",0,0,0,567,4.7,"https://www.amazon.com/dp/B0843HH115","2664.90",false,false,false,false,"Xbox One X LE Bundle - CyberPunk [DISCONTINUED]","https://m.media-amazon.com/images/I/815F9gQrp5L._AC_UY218_.jpg"
"ROP1LTC9ZRB8C","Reviewed in the United States on February 28, 2021",5,"....","Great resell",true,1,6,"16","B0843HH115","Xbox One X",false,0,"USD",0,0,0,567,4.7,"https://www.amazon.com/dp/B0843HH115","2664.90",false,false,false,false,"Xbox One X LE Bundle - CyberPunk [DISCONTINUED]","https://m.media-amazon.com/images/I/815F9gQrp5L._AC_UY218_.jpg"
"R1VY3ZU0EYFL2N","Reviewed in the United States on February 6, 2021",5,"You must reset your Xbox with the proper region to play Blu-rays works great","So when I purchase this I couldn't get the Blu-ray player to work what you must do is go to your location settings make sure it's on United States and then reset this Council when you first receive it and then your Blu-ray player will work just fine I absolutely love this thing 5 Stars",true,1,6,"16","B0843HH115","Xbox One X",false,0,"USD",0,0,0,567,4.7,"https://www.amazon.com/dp/B0843HH115","2664.90",false,false,false,false,"Xbox One X LE Bundle - CyberPunk [DISCONTINUED]","https://m.media-amazon.com/images/I/815F9gQrp5L._AC_UY218_.jpg"
"R2J50ADTAJXD5T","Reviewed in the United States on January 27, 2021",5,"Very nice.","Hands down love this game console,the game itself is alright,but the unt controller kick but.",true,1,6,"16","B0843HH115","Xbox One X",false,0,"USD",0,0,0,567,4.7,"https://www.amazon.com/dp/B0843HH115","2664.90",false,false,false,false,"Xbox One X LE Bundle - CyberPunk [DISCONTINUED]","https://m.media-amazon.com/images/I/815F9gQrp5L._AC_UY218_.jpg"
"R1X4XAQV8K6AJ5","Reviewed in the United States on January 24, 2021",5,"Fast and new.","Everything was as described. gonna have fun for a long time.",true,1,6,"16","B0843HH115","Xbox One X",false,0,"USD",0,0,0,567,4.7,"https://www.amazon.com/dp/B0843HH115","2664.90",false,false,false,false,"Xbox One X LE Bundle - CyberPunk [DISCONTINUED]","https://m.media-amazon.com/images/I/815F9gQrp5L._AC_UY218_.jpg"
"R2U6XM03GVN9OA","Reviewed in the United States on December 31, 2020",1,"THEY TOLD ME IT WAS A NEW CONSOLE AND IT OBVIOUSLY WAS NOT!!!!","I BOUGHT THIS CYBERPUNK LIMITED EDITION XBOX ONE X FROM (GAMEPARTYUS) TO COLLECT THIS ITEM ALSO IT WAS POSTED AS NEW AND WHEN I RECEIVED THE ITEM THE BOX LOOKED LIKE IT WAS DROPPED ALSO HAD OTHER WEAR ON THE OUTSIDE OF THE BOX AND YOU CAN OBVIOUSLY TELL THATTHIS WAS NOT A FACTORY SEALED NEW XBOX SINCE THE SEAL TABS HAVE BEEN REMOVED BEFORE I RECEIVED AND LOOKS AS IF SOMEONE TRIED TO COVER THAT UP TO REPRESENT IT AS NEW IF I COULD GIVE 0 STARS I WOULD PURCHASE WITH EXTREME CAUTION!!!!!! FROM THIS 3RD PARTY SELLER.",true,1,6,"16","B0843HH115","Xbox One X",false,0,"USD",0,0,0,567,4.7,"https://www.amazon.com/dp/B0843HH115","2664.90",false,false,false,false,"Xbox One X LE Bundle - CyberPunk [DISCONTINUED]","https://m.media-amazon.com/images/I/815F9gQrp5L._AC_UY218_.jpg"
"cr-translate-69692118",,,"","",false,1,7,"17","B07SBX48TY","Xbox One X",false,0,"USD",0,0,0,30194,4.4,"https://www.amazon.com/dp/B07SBX48TY","132853.60",false,false,false,false,"PowerA Spectra Enhanced Illuminated Wired Controller for Xbox One, gamepad, wired video game controller, gaming controlle...","https://m.media-amazon.com/images/I/71hrIiJ1ZhL._AC_UY218_.jpg"
"R2T93VX3VRGAEG","Reviewed in the United States on October 22, 2021",5,"Amazing but..","The USB lacks a ferrite filter so all audio has a constant feedback to other players you group in chat with, otherwise great for solo play.",true,1,7,"17","B07SBX48TY","Xbox One X",false,0,"USD",0,0,0,30194,4.4,"https://www.amazon.com/dp/B07SBX48TY","132853.60",false,false,false,false,"PowerA Spectra Enhanced Illuminated Wired Controller for Xbox One, gamepad, wired video game controller, gaming controlle...","https://m.media-amazon.com/images/I/71hrIiJ1ZhL._AC_UY218_.jpg"
"RIHLJYSFU4QMC","Reviewed in the United States on October 22, 2021",2,"Doesn’t Last Long","This is the second controller I have bought from this company. The first one lasted around a year but this last one lasted only about six months. I mainly play warzone so there is a lot of sprinting/jump sliding and it just can’t hold up. On both controllers the left thumbstick stopped being able to detect when I would hold straight up. The back buttons are super easy to map but this controller isn’t made for real gaming use, only very casual gaming unfortunately. It’s cheap though so maybe expecting it to last only six months is fine?",true,1,7,"17","B07SBX48TY","Xbox One X",false,0,"USD",0,0,0,30194,4.4,"https://www.amazon.com/dp/B07SBX48TY","132853.60",false,false,false,false,"PowerA Spectra Enhanced Illuminated Wired Controller for Xbox One, gamepad, wired video game controller, gaming controlle...","https://m.media-amazon.com/images/I/71hrIiJ1ZhL._AC_UY218_.jpg"
"RSJRS7H3PLIL5","Reviewed in the United States on October 22, 2021",4,"Bastante bueno","La verdad que estoy muy contento con la compra, los botones funcionan perfectamente, los controles de dirección son muy fluidos y los botones adicionales son muy útiles para juegos de coches y shooters, además el pedido llegó dos días antes de lo esperado, la única pega que tiene es que los materiales se nota que sin algo peores que los mandos originales de Xbox pero por lo demás es muy buen mando.(y para los que dicen que es útil solo un mes mi hermano lleva más de un año con el suyo y no le dio ningún fallo y a mi el anterior me duró un año y medio y seguiría si no se lo ubiera comido el perro :p)",true,1,7,"17","B07SBX48TY","Xbox One X",false,0,"USD",0,0,0,30194,4.4,"https://www.amazon.com/dp/B07SBX48TY","132853.60",false,false,false,false,"PowerA Spectra Enhanced Illuminated Wired Controller for Xbox One, gamepad, wired video game controller, gaming controlle...","https://m.media-amazon.com/images/I/71hrIiJ1ZhL._AC_UY218_.jpg"
"R3KLIZSE8MJ6W3","Reviewed in the United States on October 21, 2021",1,"it this past weekend and the controller doesn’t even work at all. Very disappointed","Got it for my son for his bday, he opened it this past weekend and the controller wouldn’t even work at all. Very disappointed!",true,1,7,"17","B07SBX48TY","Xbox One X",false,0,"USD",0,0,0,30194,4.4,"https://www.amazon.com/dp/B07SBX48TY","132853.60",false,false,false,false,"PowerA Spectra Enhanced Illuminated Wired Controller for Xbox One, gamepad, wired video game controller, gaming controlle...","https://m.media-amazon.com/images/I/71hrIiJ1ZhL._AC_UY218_.jpg"
"R349WUVS2GRB9A","Reviewed in the United States on October 21, 2021",2,"Drift and Sticky Buttons","I was really excited for this controller. The color choices are great and i like wired controllers. But after 3-4 months of use, buttons became ""sticky"" - not texture wise, but sticky as in buttons did not move smoothly and made loud clicking/squeaking sounds.my A button and the left joystick got sticky. And as of a few days ago, the left joystick drifted indefinitely. Any movement i made, the joystick registered only a down movement.I really hoped this controller would have lasted much longer, but after reading more reviews i wont be getting another controller from this brand.",true,1,7,"17","B07SBX48TY","Xbox One X",false,0,"USD",0,0,0,30194,4.4,"https://www.amazon.com/dp/B07SBX48TY","132853.60",false,false,false,false,"PowerA Spectra Enhanced Illuminated Wired Controller for Xbox One, gamepad, wired video game controller, gaming controlle...","https://m.media-amazon.com/images/I/71hrIiJ1ZhL._AC_UY218_.jpg"
"R37OKTOXI420T7","Reviewed in the United States on October 20, 2021",5,"Easily connected to my pc","Needed a new controller for my pc and this does the job.",true,1,7,"17","B07SBX48TY","Xbox One X",false,0,"USD",0,0,0,30194,4.4,"https://www.amazon.com/dp/B07SBX48TY","132853.60",false,false,false,false,"PowerA Spectra Enhanced Illuminated Wired Controller for Xbox One, gamepad, wired video game controller, gaming controlle...","https://m.media-amazon.com/images/I/71hrIiJ1ZhL._AC_UY218_.jpg"
"R2L9UEJWCIYZQ2","Reviewed in the United States on October 20, 2021",3,"Not a good buy.","He's been drawers break within 3 to 6 months and if you trythe warranty within the manufacturer do not contact you back I'm still waiting it's been a year-and-a-half I purchased three of his controller so far they are broken within three to six months Southern that is a great controller Until It Breaks",true,1,7,"17","B07SBX48TY","Xbox One X",false,0,"USD",0,0,0,30194,4.4,"https://www.amazon.com/dp/B07SBX48TY","132853.60",false,false,false,false,"PowerA Spectra Enhanced Illuminated Wired Controller for Xbox One, gamepad, wired video game controller, gaming controlle...","https://m.media-amazon.com/images/I/71hrIiJ1ZhL._AC_UY218_.jpg"
"R37D1WOOEBWQ8P","Reviewed in the United States on October 19, 2021",5,"Worth it imo","Had it about 5 months before drift set in, but this was after heavy continuous use with no issues. The extra little mappable buttons are definitely useful (map sprint to one of them and save your left stick😉). The port is also built deeper into the controller, it's very secure with no play, so no need to fear bent pins or the cord slipping out. Overall happy with the lifespan and functionality I got outof a $30-ish controller.",true,1,7,"17","B07SBX48TY","Xbox One X",false,0,"USD",0,0,0,30194,4.4,"https://www.amazon.com/dp/B07SBX48TY","132853.60",false,false,false,false,"PowerA Spectra Enhanced Illuminated Wired Controller for Xbox One, gamepad, wired video game controller, gaming controlle...","https://m.media-amazon.com/images/I/71hrIiJ1ZhL._AC_UY218_.jpg"
"R2LD7OMIUOLHCM","Reviewed in the United States on October 19, 2021",2,"Bought new, received used","Product was already opened and had been used previously.",true,1,7,"17","B07SBX48TY","Xbox One X",false,0,"USD",0,0,0,30194,4.4,"https://www.amazon.com/dp/B07SBX48TY","132853.60",false,false,false,false,"PowerA Spectra Enhanced Illuminated Wired Controller for Xbox One, gamepad, wired video game controller, gaming controlle...","https://m.media-amazon.com/images/I/71hrIiJ1ZhL._AC_UY218_.jpg"
"R15D8MFD6BT33T","Reviewed in the United States on October 19, 2021",1,"Garbage Controller","This is easily the worst Amazon-recommended product I've purchased. Within a day of using it, the micro-USB started to come loose and would disconnect if I moved even SLIGHTLY (like literally just from the pressure it took to hit a button.) I got booted out of a competative online match because I couldn't get it to reconnect in time, which is pretty much the opposite of what you want a controller to do when you buy it. I've purchased a bunch of very similar looking middling Xbox controllers and this is the FIRST one that ever came with just a basic micro-USB plug instead of one that has snaps to fix it into place.Complete garbage. DO NOT BUY.",true,1,7,"17","B07SBX48TY","Xbox One X",false,0,"USD",0,0,0,30194,4.4,"https://www.amazon.com/dp/B07SBX48TY","132853.60",false,false,false,false,"PowerA Spectra Enhanced Illuminated Wired Controller for Xbox One, gamepad, wired video game controller, gaming controlle...","https://m.media-amazon.com/images/I/71hrIiJ1ZhL._AC_UY218_.jpg"
"RSZMW7IG3LC21","Reviewed in the United States on October 22, 2021",5,"Love it","Great system",true,1,8,"18","B087VM5XC6","Xbox One X",false,475.34,"USD",0,0,0,4020,4.7,"https://www.amazon.com/dp/B087VM5XC6","18894.00",false,false,true,false,"Xbox Series S - 512GB SSD Console with Wireless Controller - EU Version with US Power Cable","https://m.media-amazon.com/images/I/61-x29sqlpS._AC_UY218_.jpg"
"R1KYCFUSXU4JPH","Reviewed in the United States on October 22, 2021",3,"Not even close to 512 GB more like 364!","",true,1,8,"18","B087VM5XC6","Xbox One X",false,475.34,"USD",0,0,0,4020,4.7,"https://www.amazon.com/dp/B087VM5XC6","18894.00",false,false,true,false,"Xbox Series S - 512GB SSD Console with Wireless Controller - EU Version with US Power Cable","https://m.media-amazon.com/images/I/61-x29sqlpS._AC_UY218_.jpg"
"R1OX4ID0VYUHZL","Reviewed in the United States on October 22, 2021",5,"It runs great","it runs great",true,1,8,"18","B087VM5XC6","Xbox One X",false,475.34,"USD",0,0,0,4020,4.7,"https://www.amazon.com/dp/B087VM5XC6","18894.00",false,false,true,false,"Xbox Series S - 512GB SSD Console with Wireless Controller - EU Version with US Power Cable","https://m.media-amazon.com/images/I/61-x29sqlpS._AC_UY218_.jpg"
"RJAHS7YPDKFKG","Reviewed in the United States on October 21, 2021",5,"Great console","The seller was great and the consul is perfect so glad I bought this for my nephew",true,1,8,"18","B087VM5XC6","Xbox One X",false,475.34,"USD",0,0,0,4020,4.7,"https://www.amazon.com/dp/B087VM5XC6","18894.00",false,false,true,false,"Xbox Series S - 512GB SSD Console with Wireless Controller - EU Version with US Power Cable","https://m.media-amazon.com/images/I/61-x29sqlpS._AC_UY218_.jpg"
"R3VXLCI04D0XRU","Reviewed in the United States on October 20, 2021",3,"OPENED PACKAGE","It was wide open when we received this. But, it seems to be in working order.",true,1,8,"18","B087VM5XC6","Xbox One X",false,475.34,"USD",0,0,0,4020,4.7,"https://www.amazon.com/dp/B087VM5XC6","18894.00",false,false,true,false,"Xbox Series S - 512GB SSD Console with Wireless Controller - EU Version with US Power Cable","https://m.media-amazon.com/images/I/61-x29sqlpS._AC_UY218_.jpg"
"R2JLMS1C2816G9","Reviewed in the United States on October 19, 2021",5,"Satisfied","Thank you for sending my Xbox earlier.My Fiance loves his birthday gift 😊",true,1,8,"18","B087VM5XC6","Xbox One X",false,475.34,"USD",0,0,0,4020,4.7,"https://www.amazon.com/dp/B087VM5XC6","18894.00",false,false,true,false,"Xbox Series S - 512GB SSD Console with Wireless Controller - EU Version with US Power Cable","https://m.media-amazon.com/images/I/61-x29sqlpS._AC_UY218_.jpg"
"R7ET8OOBFDRD6","Reviewed in the United States on October 18, 2021",2,"Charger is European!!","Be aware when buying this, the charger is European so it will not work in the U.S unless you have an adaptor or you buy a charger for it. And the box was opened and repackaged. A lot of red flags don’t buy from a re seller just wait for it in the stores!",true,1,8,"18","B087VM5XC6","Xbox One X",false,475.34,"USD",0,0,0,4020,4.7,"https://www.amazon.com/dp/B087VM5XC6","18894.00",false,false,true,false,"Xbox Series S - 512GB SSD Console with Wireless Controller - EU Version with US Power Cable","https://m.media-amazon.com/images/I/61-x29sqlpS._AC_UY218_.jpg"
"RRFIRZPMYCUSX","Reviewed in the United States on October 16, 2021",4,"Came super quick","Everything in working order thanks alot",true,1,8,"18","B087VM5XC6","Xbox One X",false,475.34,"USD",0,0,0,4020,4.7,"https://www.amazon.com/dp/B087VM5XC6","18894.00",false,false,true,false,"Xbox Series S - 512GB SSD Console with Wireless Controller - EU Version with US Power Cable","https://m.media-amazon.com/images/I/61-x29sqlpS._AC_UY218_.jpg"
"R787SWESTMUZI","Reviewed in the United States on October 15, 2021",5,"Its what's advertised","Im in the US. Purchased the console and received it a week earlier than expected. It indeed comes with a US plug. That was my biggest worry concerning the console. Works as expected.",true,1,8,"18","B087VM5XC6","Xbox One X",false,475.34,"USD",0,0,0,4020,4.7,"https://www.amazon.com/dp/B087VM5XC6","18894.00",false,false,true,false,"Xbox Series S - 512GB SSD Console with Wireless Controller - EU Version with US Power Cable","https://m.media-amazon.com/images/I/61-x29sqlpS._AC_UY218_.jpg"
"RHKG9E53BN8B6","Reviewed in the United States on October 9, 2021",5,"Fast shipping and great quality","My Xbox sires s got shipped and delivered in 2 days the box to the Xbox was a bit damaged but my Xbox is fine and runs great",true,1,8,"18","B087VM5XC6","Xbox One X",false,475.34,"USD",0,0,0,4020,4.7,"https://www.amazon.com/dp/B087VM5XC6","18894.00",false,false,true,false,"Xbox Series S - 512GB SSD Console with Wireless Controller - EU Version with US Power Cable","https://m.media-amazon.com/images/I/61-x29sqlpS._AC_UY218_.jpg"
"cr-translate--321575912",,,"","",false,1,9,"19","B097VYRPQW","Xbox One X",false,59.99,"USD",0,0,0,10,4.1,"https://www.amazon.com/dp/B097VYRPQW","41.00",false,false,false,false,"Sponsored Ad - Demon Slayer: The Hinokami Chronicles - Xbox Series X","https://m.media-amazon.com/images/I/81wSYaUuhaL._AC_UY218_.jpg"
"R296BX930HRR23","Reviewed in the United States on October 21, 2021",5,"Great game","It's a pretty good game. Easy controls, beautiful anime graphics, It's fun.",true,1,9,"19","B097VYRPQW","Xbox One X",false,59.99,"USD",0,0,0,10,4.1,"https://www.amazon.com/dp/B097VYRPQW","41.00",false,false,false,false,"Sponsored Ad - Demon Slayer: The Hinokami Chronicles - Xbox Series X","https://m.media-amazon.com/images/I/81wSYaUuhaL._AC_UY218_.jpg"
"RYON0E5T2BC9A","Reviewed in Japan on October 18, 2021",,"操作性は良いですよ","ゲームディスクとダウンロードコードが入ってますよ説明書はないですゲーム自体は全て日本語対応です、アケコンでプレイしてますアケコンと相性良いです",true,1,9,"19","B097VYRPQW","Xbox One X",false,59.99,"USD",0,0,0,10,4.1,"https://www.amazon.com/dp/B097VYRPQW","41.00",false,false,false,false,"Sponsored Ad - Demon Slayer: The Hinokami Chronicles - Xbox Series X","https://m.media-amazon.com/images/I/81wSYaUuhaL._AC_UY218_.jpg"
"R15J6D0VPCC5H","Reviewed in Japan on October 17, 2021",,"国内版と一緒です","Xbox one は国内版はDL販売のみですのでパッケージ版が欲しい方は北米版をどうぞ日本語吹替、字幕有りますDLCが付属してましたが日本サーバーは弾かれますので、北米サーバーで入力しましょう認識されましたら、日本サーバーに戻しても反映されます今後発売予定のDLCやアプデは日本サーバーでも問題有りませんゲームの内容は他の方に全集中でお任せします（笑）",true,1,9,"19","B097VYRPQW","Xbox One X",false,59.99,"USD",0,0,0,10,4.1,"https://www.amazon.com/dp/B097VYRPQW","41.00",false,false,false,false,"Sponsored Ad - Demon Slayer: The Hinokami Chronicles - Xbox Series X","https://m.media-amazon.com/images/I/81wSYaUuhaL._AC_UY218_.jpg"
"R25PG6330XWY9R","Reviewed in Mexico on October 17, 2021",,"Demon slayer!!!","Llego en la fecha esperada y bien protegido, todo bien.",true,1,9,"19","B097VYRPQW","Xbox One X",false,59.99,"USD",0,0,0,10,4.1,"https://www.amazon.com/dp/B097VYRPQW","41.00",false,false,false,false,"Sponsored Ad - Demon Slayer: The Hinokami Chronicles - Xbox Series X","https://m.media-amazon.com/images/I/81wSYaUuhaL._AC_UY218_.jpg"
"R1VE0YX835UJ5J","Reviewed in the United States on October 19, 2021",1,"Great marketing doesn't make overpriced product better","Will be returning this.Marketing spin unfortunately doesn't make this worth $100... ""dual core"" processor might sound fancy, but this is a wired controller. Even the cheapest wired controller does not have a problem with input lag.Paddles are uncomfortable - not too bad in ""2 button"" configuration but the ""4 button"" attachment is very uncomfortable to use.Rubber faceplate introduces problems, not sure why they included that.Also seems to be limiting volume level, even when adjusted all the way up in the app.",true,1,12,"112","B08FCV5YSS","Xbox One X",false,99.99,"USD",0,0,0,4,3.6,"https://www.amazon.com/dp/B08FCV5YSS","14.40",false,false,false,false,"Victrix Gambit World's Fastest Xbox Controller, Elite Esports Design with Swappable Pro Thumbbsticks, Custom Paddles, Swap...","https://m.media-amazon.com/images/I/71V-e6KNgoL._AC_UY218_.jpg"
"RLLDRBDTVM3QA","Reviewed in the United States on October 12, 2021",5,"Awesome value, great for small hands, *won't* be keeping","First, I have to commend Victrix on the really, really aggressive pricing for this controller. As of writing (Oct. 2021), you get trigger locks, four (or two) paddles, two faceplates, solid build quality, and fine adjustments via app for just $100, which is WILD in a market dominated by $180-200 options or even higher! $100 is a statement, for sure. I really hope this gives ""big controller"" a run for its money. I would love to see folks like Razer forced to actually look at their designs instead of using the same uncomfortable paddles since 2017. Heck, maybe it'll push Microsoft to add a third set of triggers (Razer M1/M2 style) to an Elite Series 3!Anyway, I love almost everything about this controller. Buttons are clicky and very responsive, I love having five different positions I could lock the triggers to, and the shape feels very ergonomic in a way some elite controllers don't quite nail. I even grew to love the purple/white aesthetic. It's a looker and it's clear a lot of thought and care was put into this pad.Honestly, for the value proposition and feature set, you can't beat the Gambit. That said, **extremely nerdy nitpicks incoming**This won't unseat my Elite Series 2 as my daily driver, for a few reasons.1) I love the idea of the back paddles being flush with the grips, but in practice, it ends up feeling a bit ""cramped"" back there. Maybe this won't be an issue for smaller hands, but keeping my middle finger and ring finger positioned on both paddles means the fingers are basically pressed together, which isn't a natural, comfortable grip.2) Having to ""squeeze"" my fingers to actuate those back buttons moves the controller slightly every time. In fast-paced FPS games, I felt this was throwing off my aim a bit. The Elite Series 2 doesn't ""jitter"" when you use the paddles, probably because they're a bit detached from the unit itself.3) Maybe it's an issue with my particular unit, but the purple silicone ""Match Silencer"" faceplate is just different enough sized from the white plastic plate to cause issues. We're probably talking nanometers, but it's enough where my left analog stick can't reach its 100% full tilt in a few places. My movement felt a bit slow in-game, so I checked out the Victrix Control Hub app for calibration, and I couldn't complete the ""rotate your analog sticks"" test because it wasn't *quite* seeing the full, complete rotational movement.",true,1,12,"112","B08FCV5YSS","Xbox One X",false,99.99,"USD",0,0,0,4,3.6,"https://www.amazon.com/dp/B08FCV5YSS","14.40",false,false,false,false,"Victrix Gambit World's Fastest Xbox Controller, Elite Esports Design with Swappable Pro Thumbbsticks, Custom Paddles, Swap...","https://m.media-amazon.com/images/I/71V-e6KNgoL._AC_UY218_.jpg"
"R1VOS5QMBG2722","Reviewed in the United Kingdom on October 22, 2021",,"Good controller","Very good controller, you can literally see the difference the button press gets registered especially in call of duty games, the four paddles are difference than what I'm used to with the elite controllers, but unfortunately you'll get used to it, I'm talking about the 4 paddles, the 2 paddles are fine. The grip is very good too.",true,1,12,"112","B08FCV5YSS","Xbox One X",false,99.99,"USD",0,0,0,4,3.6,"https://www.amazon.com/dp/B08FCV5YSS","14.40",false,false,false,false,"Victrix Gambit World's Fastest Xbox Controller, Elite Esports Design with Swappable Pro Thumbbsticks, Custom Paddles, Swap...","https://m.media-amazon.com/images/I/71V-e6KNgoL._AC_UY218_.jpg"
"R6SNQ821VNHBE","Reviewed in the United States on October 21, 2021",1,"didnt work","after getting it I took it out of the package to play the game. It wouldnt work. It said I had to either clean it or ensert another disk.Did both and still didnt work.I ordered another. Hopefully that one will work.",true,1,13,"113","B08CKL9K4Z","Xbox One X",false,58.85,"USD",0,0,0,59,4,"https://www.amazon.com/dp/B08CKL9K4Z","236.00",false,false,false,false,"Far Cry 6 Xbox Series X S, Xbox One Standard Edition","https://m.media-amazon.com/images/I/81H9XVy5z8S._AC_UY218_.jpg"
"RBGQT9ABUL1A3","Reviewed in the United States on October 17, 2021",1,"Right game","Was not far cry 6. Download blood 4 blood.",true,1,13,"113","B08CKL9K4Z","Xbox One X",false,58.85,"USD",0,0,0,59,4,"https://www.amazon.com/dp/B08CKL9K4Z","236.00",false,false,false,false,"Far Cry 6 Xbox Series X S, Xbox One Standard Edition","https://m.media-amazon.com/images/I/81H9XVy5z8S._AC_UY218_.jpg"
"R3JJCP1JBYNJPC","Reviewed in the United States on October 15, 2021",4,"Good. Could be better.","A great FC game. The only thing missing isthe graphics. It's defo last gen graphics with small enhancements. They could've done way more with these powerful current gen consoles.",true,1,13,"113","B08CKL9K4Z","Xbox One X",false,58.85,"USD",0,0,0,59,4,"https://www.amazon.com/dp/B08CKL9K4Z","236.00",false,false,false,false,"Far Cry 6 Xbox Series X S, Xbox One Standard Edition","https://m.media-amazon.com/images/I/81H9XVy5z8S._AC_UY218_.jpg"
"R3B6V8CATQDKQ4","Reviewed in the United States on October 15, 2021",3,"Overall good gameplay but bugs and confussion abound","UPDATE: There are three things a seasoned Far Cry Player likes to do: Scout a target to see where all the soldiers and alarms are , be able to quickly change weapons as needed, understand the current objective.I have put this game away for the time being because so many of the missions are ill defined and enemies keep coming even when you turn off all the alarms. Down one helicopter using all your ammo and another shows up. Shoot everything in sight, allies even show up as if you are about to capture the area, then more soldiers materialize out of thin air. So much for scouting and planning!! It is unclear whether you are to accomplish a small objective and run away or capture the area. I would rather play when it is fixed, if ever, I say that because after the last update yet another big problem...The weapons wheel is malfunctioning.At first I thought my controller had gone bad, but I added a brand new wired controller and the same thing happened. First the wheel is hard to generate and may blink off. Then you are frozen on your current weapon and can't move the wheel. Next the weapon isn't really chosen and the wheel stays up, blocking whatever is shooting at you. You have to click the right control button to make it go away. But you still have the issue of not changing the weapon. So you might be fighting a helicopter with a hand gun. It makes the game unplayable.Old review below.....This could be a glitch in the xbox one version but there are a lot of retrieval and inventory issues.Could not kick in the boards on the bunker to get my first supplies. After capturing the first fort and spending a lot of time looking for and finding the armory key, I arrived at the door only to find the key missing from inventory. I went back to make sure I had taken it and i had.Once you leave the small island you've fled to and return to the main there are other issues. Checkpoints are easy to claim, but if you enjoy taking out alarm systems on forts without being detected, then removing the guards to claim the area, that doesn't seem to work anymore. Enemies keep coming, often appearing where you just shot one. Sooner or later you get killed or run out of supplies. I don't think the game is supposed to do this. It isn't fun if it is. I tried shooting every vehicle that arrived as well and nothing changed. Wait a few moments and the enemies appear again.The next issue has to do with picking up an item and also taking to people using the x command. Standing in exactly the right spot to generate the command gets old. Trying to pick up gear ten times in a row or simply get someones attention is not fun and you begin to wonder if you are really supposed to talk to them.There may be a global fix for this that they can apply, but it doesn't affect all objects and people.",true,1,13,"113","B08CKL9K4Z","Xbox One X",false,58.85,"USD",0,0,0,59,4,"https://www.amazon.com/dp/B08CKL9K4Z","236.00",false,false,false,false,"Far Cry 6 Xbox Series X S, Xbox One Standard Edition","https://m.media-amazon.com/images/I/81H9XVy5z8S._AC_UY218_.jpg"
"R146WMSLUEVFHM","Reviewed in the United States on October 14, 2021",5,"fast shiping","i love amazon",true,1,13,"113","B08CKL9K4Z","Xbox One X",false,58.85,"USD",0,0,0,59,4,"https://www.amazon.com/dp/B08CKL9K4Z","236.00",false,false,false,false,"Far Cry 6 Xbox Series X S, Xbox One Standard Edition","https://m.media-amazon.com/images/I/81H9XVy5z8S._AC_UY218_.jpg"
"R2FW6RNQ1W3IJI","Reviewed in the United States on October 13, 2021",1,"Wrong info","This product is not for the series s it finessed me out of 60$",true,1,13,"113","B08CKL9K4Z","Xbox One X",false,58.85,"USD",0,0,0,59,4,"https://www.amazon.com/dp/B08CKL9K4Z","236.00",false,false,false,false,"Far Cry 6 Xbox Series X S, Xbox One Standard Edition","https://m.media-amazon.com/images/I/81H9XVy5z8S._AC_UY218_.jpg"
"R36B7TLKHVHSCO","Reviewed in the United States on October 12, 2021",2,"Weak Protagonist Who Dies Easily And Constantly.","The game is so hard and cumbersome at times and your character dies so pathetically easily (seemingly dead in one or two shots that barely connect with him) that it can become boring as you attempt and reattempt the same things over and over again until you finally accomplish them or give up. As others has said, someone could laugh at you as you shoot them with a flame thrower or assault rifle while they easily kill you with a handgun no matter how armed and how much armor you have.",true,1,13,"113","B08CKL9K4Z","Xbox One X",false,58.85,"USD",0,0,0,59,4,"https://www.amazon.com/dp/B08CKL9K4Z","236.00",false,false,false,false,"Far Cry 6 Xbox Series X S, Xbox One Standard Edition","https://m.media-amazon.com/images/I/81H9XVy5z8S._AC_UY218_.jpg"
"RZ9O6AJTO5SGZ","Reviewed in the United States on October 12, 2021",1,"Defective","I ordered this for my hubby for an Xmas gift and the disc didn't work.I thought it was a fluke so i got a replacement and that one didn't work either.I put a different game in and it loaded with no issues.I returned both games and went to game stop and had no issues.I should have got it there in the first place but i didn't want to take my baby out to preorder.",true,1,13,"113","B08CKL9K4Z","Xbox One X",false,58.85,"USD",0,0,0,59,4,"https://www.amazon.com/dp/B08CKL9K4Z","236.00",false,false,false,false,"Far Cry 6 Xbox Series X S, Xbox One Standard Edition","https://m.media-amazon.com/images/I/81H9XVy5z8S._AC_UY218_.jpg"
"R2KEP9WP80GLG0","Reviewed in the United States on October 11, 2021",5,"Another great game!","Great game! Highly addicting. Controls very well. Very massive open world to explore. Keep up the good work ubisoft.",true,1,13,"113","B08CKL9K4Z","Xbox One X",false,58.85,"USD",0,0,0,59,4,"https://www.amazon.com/dp/B08CKL9K4Z","236.00",false,false,false,false,"Far Cry 6 Xbox Series X S, Xbox One Standard Edition","https://m.media-amazon.com/images/I/81H9XVy5z8S._AC_UY218_.jpg"
"RV0WJJU2AT09","Reviewed in the United States on October 10, 2021",5,"Excellent so far","I've been playing Far Cry 6 on the Xbox One for several days now, ever since the day it came out. The disk works perfectly with zero glitches, unusual for a huge game. Far Cry 6 looks like it will have a lot of playability since you have lots of stuff to do and lots of ways to do it.I can't complain about the game mechanics. Everything seems to have been thought through well. As is usual with the Far Cry series, you start with a small map and gradually expand your activities to bigger maps. And as you would expect from a Far Cry game, there are lots of quirky characters and you spend time capturing bases, crafting, and defeating evil characters.Every one of the games in the Far Cry series has improved on the previous game (although probably the original Far Cry was more fun than Far Cry 2 for most players). This game has every indication of being the best in the series and one of the greatest games to date.",true,1,13,"113","B08CKL9K4Z","Xbox One X",false,58.85,"USD",0,0,0,59,4,"https://www.amazon.com/dp/B08CKL9K4Z","236.00",false,false,false,false,"Far Cry 6 Xbox Series X S, Xbox One Standard Edition","https://m.media-amazon.com/images/I/81H9XVy5z8S._AC_UY218_.jpg"
"R2L3NTQNSZD8LD","Reviewed in the United States on October 22, 2021",1,"Worst headset I've ever owned.","Disconnects within 15 feet, fits too tight, gets static for no reason. Just overall a ton of connectivity issues for $100",true,1,14,"114","B08D44WKC4","Xbox One X",false,99.95,"USD",0,0,0,18709,4.5,"https://www.amazon.com/dp/B08D44WKC4","84190.50",false,false,false,false,"Sponsored Ad - Turtle Beach Stealth 600 Gen 2 Wireless Gaming Headset for Xbox Series X & Xbox Series S, Xbox One, & Windo...","https://m.media-amazon.com/images/I/81KCsmoRp+L._AC_UY218_.jpg"
"R1XQUKJ9YT0SXZ","Reviewed in the United States on October 22, 2021",3,"Good sound","It has great sound and great imersion ecwpt for it losing connextion every now and again",true,1,14,"114","B08D44WKC4","Xbox One X",false,99.95,"USD",0,0,0,18709,4.5,"https://www.amazon.com/dp/B08D44WKC4","84190.50",false,false,false,false,"Sponsored Ad - Turtle Beach Stealth 600 Gen 2 Wireless Gaming Headset for Xbox Series X & Xbox Series S, Xbox One, & Windo...","https://m.media-amazon.com/images/I/81KCsmoRp+L._AC_UY218_.jpg"
"R13NOY7Z4JXETP","Reviewed in the United States on October 21, 2021",1,"Headset strap broke","Headset strap broke 6 months after initial use. Seems to be a common failure based on the reviews I've read.Filed warranty claim in October 2021.Will update after claim is reviewed.",true,1,14,"114","B08D44WKC4","Xbox One X",false,99.95,"USD",0,0,0,18709,4.5,"https://www.amazon.com/dp/B08D44WKC4","84190.50",false,false,false,false,"Sponsored Ad - Turtle Beach Stealth 600 Gen 2 Wireless Gaming Headset for Xbox Series X & Xbox Series S, Xbox One, & Windo...","https://m.media-amazon.com/images/I/81KCsmoRp+L._AC_UY218_.jpg"
"RERTYZHFOWTD4","Reviewed in the United States on October 20, 2021",4,"Great","only bad thing is the mic monitoring",true,1,14,"114","B08D44WKC4","Xbox One X",false,99.95,"USD",0,0,0,18709,4.5,"https://www.amazon.com/dp/B08D44WKC4","84190.50",false,false,false,false,"Sponsored Ad - Turtle Beach Stealth 600 Gen 2 Wireless Gaming Headset for Xbox Series X & Xbox Series S, Xbox One, & Windo...","https://m.media-amazon.com/images/I/81KCsmoRp+L._AC_UY218_.jpg"
"R3UVNYQJQOKWVC","Reviewed in the United States on October 20, 2021",1,"Quality","ill be honest I liked this pair of headphones... When they worked, I was having a lot of connectivity issues with my pc. I found something to make it work but I was still having issues went to try and return it and it said we are sorry but this item isn't available to return and it wasn't even close to 30 days.now the review of the product when it worked it was okay at best the surround sound wasn't all to great for me and I had pretty high hopes for this set of headphones, I saw a lot of people sayin that you should ""do your update"" didn't change the quality for me. so all in all pretty bad",true,1,14,"114","B08D44WKC4","Xbox One X",false,99.95,"USD",0,0,0,18709,4.5,"https://www.amazon.com/dp/B08D44WKC4","84190.50",false,false,false,false,"Sponsored Ad - Turtle Beach Stealth 600 Gen 2 Wireless Gaming Headset for Xbox Series X & Xbox Series S, Xbox One, & Windo...","https://m.media-amazon.com/images/I/81KCsmoRp+L._AC_UY218_.jpg"
"RFD5JSTRGZ7OD","Reviewed in the United States on October 16, 2021",5,"Bluetooth headphones","Awesome",true,1,14,"114","B08D44WKC4","Xbox One X",false,99.95,"USD",0,0,0,18709,4.5,"https://www.amazon.com/dp/B08D44WKC4","84190.50",false,false,false,false,"Sponsored Ad - Turtle Beach Stealth 600 Gen 2 Wireless Gaming Headset for Xbox Series X & Xbox Series S, Xbox One, & Windo...","https://m.media-amazon.com/images/I/81KCsmoRp+L._AC_UY218_.jpg"
"R14OVL51ERQ50R","Reviewed in the United States on October 16, 2021",1,"Absolutely terrible","I bought these about 4 months ago and they have already broke. They don’t hold a charge they connect for maybe a minute and die. Turtle Beach won’t return my emails or calls definitely wouldn’t buy!",true,1,14,"114","B08D44WKC4","Xbox One X",false,99.95,"USD",0,0,0,18709,4.5,"https://www.amazon.com/dp/B08D44WKC4","84190.50",false,false,false,false,"Sponsored Ad - Turtle Beach Stealth 600 Gen 2 Wireless Gaming Headset for Xbox Series X & Xbox Series S, Xbox One, & Windo...","https://m.media-amazon.com/images/I/81KCsmoRp+L._AC_UY218_.jpg"
"R1R7MSV8FK1H3J","Reviewed in the United States on October 15, 2021",1,"Headphones with terrible audio","I thought I was splurging and buying myself something nice for once, but these headphones are GARBAGE. The one thing headphones are supposed to do, the ONLY thing headphones are supposed to do is provide audio, and these trash things can't even do that. They keep breaking up, and cut in and out. Like CONSTANTLY. The Microsoft headphones I had for years crapped out because 3.5 jacks are awful, so I thought wireless would be better. I was wrong. Don't buy these.",true,1,14,"114","B08D44WKC4","Xbox One X",false,99.95,"USD",0,0,0,18709,4.5,"https://www.amazon.com/dp/B08D44WKC4","84190.50",false,false,false,false,"Sponsored Ad - Turtle Beach Stealth 600 Gen 2 Wireless Gaming Headset for Xbox Series X & Xbox Series S, Xbox One, & Windo...","https://m.media-amazon.com/images/I/81KCsmoRp+L._AC_UY218_.jpg"
"R3IJ7UG6858JEQ","Reviewed in the United States on October 15, 2021",2,"Not worth the price","The out of the box experience isn't great - ear pads are uncomfortable out of the gate and take a couple of weeks to really break in. Mic monitoring is horrid at default settings, and while it can be corrected you have to connect to a computer and run updates - not what you're looking for in a piece of console hardware.Once the ear cups are broken in and you've done the updates, these will be acceptable for a while, with only a few annoyances like random de-syncing... and then the headband will just randomly break one day while you're wearing the headset. I got about 8 months of use from mine before it broke, but it sounds like a lot of people have had even worse luck with durability.Not at all what I expected from Turtle Beach at this price point...",true,1,14,"114","B08D44WKC4","Xbox One X",false,99.95,"USD",0,0,0,18709,4.5,"https://www.amazon.com/dp/B08D44WKC4","84190.50",false,false,false,false,"Sponsored Ad - Turtle Beach Stealth 600 Gen 2 Wireless Gaming Headset for Xbox Series X & Xbox Series S, Xbox One, & Windo...","https://m.media-amazon.com/images/I/81KCsmoRp+L._AC_UY218_.jpg"
"R2T48FJ6M09TJT","Reviewed in the United States on October 15, 2021",5,"Outstanding Product-Excellent Sound Quality","I enjoyed the first one I ordered so much,I ordered a second for another location.Outstanding sound.",true,1,14,"114","B08D44WKC4","Xbox One X",false,99.95,"USD",0,0,0,18709,4.5,"https://www.amazon.com/dp/B08D44WKC4","84190.50",false,false,false,false,"Sponsored Ad - Turtle Beach Stealth 600 Gen 2 Wireless Gaming Headset for Xbox Series X & Xbox Series S, Xbox One, & Windo...","https://m.media-amazon.com/images/I/81KCsmoRp+L._AC_UY218_.jpg"
"cr-translate-328525215",,,"","",false,1,15,"115","B08ZNQN1FP","Xbox One X",false,0,"USD",0,0,0,50562,4.7,"https://www.amazon.com/dp/B08ZNQN1FP","237641.40",false,false,false,false,"Xbox Wireless Controller – Electric Volt for Xbox Series X|S, Xbox One, and Windows 10 Devices","https://m.media-amazon.com/images/I/61JNP8M84fS._AC_UY218_.jpg"
"RZO1WDUUTCED3","Reviewed in the United States on October 22, 2021",5,"Bueno","Muy bueno",true,1,15,"115","B08ZNQN1FP","Xbox One X",false,0,"USD",0,0,0,50562,4.7,"https://www.amazon.com/dp/B08ZNQN1FP","237641.40",false,false,false,false,"Xbox Wireless Controller – Electric Volt for Xbox Series X|S, Xbox One, and Windows 10 Devices","https://m.media-amazon.com/images/I/61JNP8M84fS._AC_UY218_.jpg"
"R39T50M8UMI74O","Reviewed in the United States on October 22, 2021",5,"Came in the mail unscathed","The box that it came in was quite messed up but when I open it up the controller was just fine. Works %100 fine. Amazing & thank you!",true,1,15,"115","B08ZNQN1FP","Xbox One X",false,0,"USD",0,0,0,50562,4.7,"https://www.amazon.com/dp/B08ZNQN1FP","237641.40",false,false,false,false,"Xbox Wireless Controller – Electric Volt for Xbox Series X|S, Xbox One, and Windows 10 Devices","https://m.media-amazon.com/images/I/61JNP8M84fS._AC_UY218_.jpg"
"R2FIDFKGEXNEIJ","Reviewed in the United States on October 21, 2021",1,"Malfunction after 8 months of use","The controller worked great for 8 months, and then all of a sudden the right stick started double scrolling/continuously moved upward without input.This seems to be very common with this gen controller... Looked online and there's no way to fix and since I cannot return I am rating this one star.",true,1,15,"115","B08ZNQN1FP","Xbox One X",false,0,"USD",0,0,0,50562,4.7,"https://www.amazon.com/dp/B08ZNQN1FP","237641.40",false,false,false,false,"Xbox Wireless Controller – Electric Volt for Xbox Series X|S, Xbox One, and Windows 10 Devices","https://m.media-amazon.com/images/I/61JNP8M84fS._AC_UY218_.jpg"
"R28XONR5KJDDE5","Reviewed in the United States on October 21, 2021",5,"muy melo","melisimo",true,1,15,"115","B08ZNQN1FP","Xbox One X",false,0,"USD",0,0,0,50562,4.7,"https://www.amazon.com/dp/B08ZNQN1FP","237641.40",false,false,false,false,"Xbox Wireless Controller – Electric Volt for Xbox Series X|S, Xbox One, and Windows 10 Devices","https://m.media-amazon.com/images/I/61JNP8M84fS._AC_UY218_.jpg"
"R3PGT0T3KEJBHI","Reviewed in the United States on October 21, 2021",5,"It works","This gets 5 stars because it functions as it should… but there are some things to note for the cheap people like me.1. It comes with a couple Duracell batteries which is nice but the device itself does not have an inner battery than can be charged via usb-c.2. When plugged in (to my pc running windows 10) it works perfectly fine but there is always a Microsoft Visual C++ Runtime Error that pops up and I haven’t troubleshooted it yet because it doesn’t seem to affect the functionality of the controller.3. It does not work with my cheap wireless dongle that plugs into the pc. Given that the cheap dongle I have was an absolute nightmare to get working with 360 controllers in the first place, this didn’t surprise me but is worth noting if you don’t have Bluetooth and want to be wireless.",true,1,15,"115","B08ZNQN1FP","Xbox One X",false,0,"USD",0,0,0,50562,4.7,"https://www.amazon.com/dp/B08ZNQN1FP","237641.40",false,false,false,false,"Xbox Wireless Controller – Electric Volt for Xbox Series X|S, Xbox One, and Windows 10 Devices","https://m.media-amazon.com/images/I/61JNP8M84fS._AC_UY218_.jpg"
"RA9JMB3OC42RI","Reviewed in the United States on October 21, 2021",5,"excelent","better than expected",true,1,15,"115","B08ZNQN1FP","Xbox One X",false,0,"USD",0,0,0,50562,4.7,"https://www.amazon.com/dp/B08ZNQN1FP","237641.40",false,false,false,false,"Xbox Wireless Controller – Electric Volt for Xbox Series X|S, Xbox One, and Windows 10 Devices","https://m.media-amazon.com/images/I/61JNP8M84fS._AC_UY218_.jpg"
"RI7MYC9FVNKNF","Reviewed in the United States on October 20, 2021",3,"Signal get lost","The controller is okay, the quality feels so good buttons and pads and it is so comfortable, however while I’m playing some times it just stops working and the light starts blinking, it comes back to normal after few seconds so my guess is that the signal gets lost and it is trying to reconnect, batteries are new so that’s not the problem, I definitely don’t recommend this one for online games, I haven’t tried it using a cable though but if I have to use the cable then I would have bought a better option and for the same price or less.By the way, the problem I mentioned only happens one or two times during 2 hours of playing, it never happens to my ps4 controller (which I also connect to the pc)",true,1,15,"115","B08ZNQN1FP","Xbox One X",false,0,"USD",0,0,0,50562,4.7,"https://www.amazon.com/dp/B08ZNQN1FP","237641.40",false,false,false,false,"Xbox Wireless Controller – Electric Volt for Xbox Series X|S, Xbox One, and Windows 10 Devices","https://m.media-amazon.com/images/I/61JNP8M84fS._AC_UY218_.jpg"
"RP05D6LOV0GTM","Reviewed in the United States on October 19, 2021",5,"Great controller","I love all of the minor improvements over the Xbox One controller, I was in need of a new one.",true,1,15,"115","B08ZNQN1FP","Xbox One X",false,0,"USD",0,0,0,50562,4.7,"https://www.amazon.com/dp/B08ZNQN1FP","237641.40",false,false,false,false,"Xbox Wireless Controller – Electric Volt for Xbox Series X|S, Xbox One, and Windows 10 Devices","https://m.media-amazon.com/images/I/61JNP8M84fS._AC_UY218_.jpg"
"R3BIIXYCAII5YX","Reviewed in the United States on October 19, 2021",5,"Husband likes it","I broke my husbands original one and had to get him anew one. He loved it! Unique color. He said was his best birthday present this year. If he is happy, I’m happy hahah",true,1,15,"115","B08ZNQN1FP","Xbox One X",false,0,"USD",0,0,0,50562,4.7,"https://www.amazon.com/dp/B08ZNQN1FP","237641.40",false,false,false,false,"Xbox Wireless Controller – Electric Volt for Xbox Series X|S, Xbox One, and Windows 10 Devices","https://m.media-amazon.com/images/I/61JNP8M84fS._AC_UY218_.jpg"
"RH26GMSCR5FN0","Reviewed in the United States on October 19, 2021",4,"It's really good just I wish I bought a darker color becuase it gets dirty cause its white","I love it it was a big upgrade to the first gen controller I was using before but the color is the problem for me but I love it anyways",true,1,15,"115","B08ZNQN1FP","Xbox One X",false,0,"USD",0,0,0,50562,4.7,"https://www.amazon.com/dp/B08ZNQN1FP","237641.40",false,false,false,false,"Xbox Wireless Controller – Electric Volt for Xbox Series X|S, Xbox One, and Windows 10 Devices","https://m.media-amazon.com/images/I/61JNP8M84fS._AC_UY218_.jpg"
"R2CN7H7NW4HUQD","Reviewed in the United States on October 14, 2021",1,"Disc wont read in XBOX","Disc came damaged and wont read in my XBOX. Ordered a replacement, hoping to receive in one week.",true,1,18,"118","B098KVSF9R","Xbox One X",false,59.88,"USD",0,0,0,10,3.9,"https://www.amazon.com/dp/B098KVSF9R","39.00",false,false,false,false,"FIFA 22 - Xbox One","https://m.media-amazon.com/images/I/81gg2NsL4uL._AC_UY218_.jpg"
"cr-translate-2130130664",,,"","",false,1,20,"120","B08FCT5DW6","Xbox One X",true,27.99,"USD",34.99,7,20.01,3993,4.1,"https://www.amazon.com/dp/B08FCT5DW6","16371.30",false,false,false,false,"Sponsored Ad - PDP Gaming Wired Controller: Revenant Blue - Xbox Series X|S, Xbox One, PC - Summer 2021 Model","https://m.media-amazon.com/images/I/71YY5luRO5L._AC_UY218_.jpg"
"R8Z8SKTU5QMAA","Reviewed in the United States on October 21, 2021",2,"Muy malos","Una estrella porque duraron 6 meses, compre dos y uno tras otro se botaron los botones, experiencia aprendida más vale comprar el original que aún está funcionandoy la segunda estrella pues funciono bien mientas duro.",true,1,20,"120","B08FCT5DW6","Xbox One X",true,27.99,"USD",34.99,7,20.01,3993,4.1,"https://www.amazon.com/dp/B08FCT5DW6","16371.30",false,false,false,false,"Sponsored Ad - PDP Gaming Wired Controller: Revenant Blue - Xbox Series X|S, Xbox One, PC - Summer 2021 Model","https://m.media-amazon.com/images/I/71YY5luRO5L._AC_UY218_.jpg"
"R1BDONRONJA2SA","Reviewed in the United States on October 14, 2021",5,"Good","Works very well",true,1,20,"120","B08FCT5DW6","Xbox One X",true,27.99,"USD",34.99,7,20.01,3993,4.1,"https://www.amazon.com/dp/B08FCT5DW6","16371.30",false,false,false,false,"Sponsored Ad - PDP Gaming Wired Controller: Revenant Blue - Xbox Series X|S, Xbox One, PC - Summer 2021 Model","https://m.media-amazon.com/images/I/71YY5luRO5L._AC_UY218_.jpg"
"R1J89T6B22ZOU3","Reviewed in the United States on October 6, 2021",1,"A button sticks after a few weeks","My husband bought this to play games on his PC. After 5 weeks of moderate use, the A button started sticking, which makes it virtually useless to him. And, OF COURSE, we were just outside the return window when it happened. What a waste of $30. Spend your money on something better.",true,1,20,"120","B08FCT5DW6","Xbox One X",true,27.99,"USD",34.99,7,20.01,3993,4.1,"https://www.amazon.com/dp/B08FCT5DW6","16371.30",false,false,false,false,"Sponsored Ad - PDP Gaming Wired Controller: Revenant Blue - Xbox Series X|S, Xbox One, PC - Summer 2021 Model","https://m.media-amazon.com/images/I/71YY5luRO5L._AC_UY218_.jpg"
"R2HLG0OUQ13DYF","Reviewed in the United States on October 2, 2021",1,"My controller came broken",", it was so used that the controller drifts for every game I play. Was very disappointing",true,1,20,"120","B08FCT5DW6","Xbox One X",true,27.99,"USD",34.99,7,20.01,3993,4.1,"https://www.amazon.com/dp/B08FCT5DW6","16371.30",false,false,false,false,"Sponsored Ad - PDP Gaming Wired Controller: Revenant Blue - Xbox Series X|S, Xbox One, PC - Summer 2021 Model","https://m.media-amazon.com/images/I/71YY5luRO5L._AC_UY218_.jpg"
"R31B7A4PJZH1RA","Reviewed in the United States on September 29, 2021",4,"Works on XBOX ONE","Son, who is a gamer says there is a slight lag possibly due to this being designed for the newer XBOX series. Overall no other issues. Huge Fortnite player.",true,1,20,"120","B08FCT5DW6","Xbox One X",true,27.99,"USD",34.99,7,20.01,3993,4.1,"https://www.amazon.com/dp/B08FCT5DW6","16371.30",false,false,false,false,"Sponsored Ad - PDP Gaming Wired Controller: Revenant Blue - Xbox Series X|S, Xbox One, PC - Summer 2021 Model","https://m.media-amazon.com/images/I/71YY5luRO5L._AC_UY218_.jpg"
"R3QNB7SD0OTG5C","Reviewed in the United States on September 27, 2021",1,"Atrocious Quality, Stear Clear","I knew this wasn't a top tier quality controller, but I seriously thought I'd get more then 10 days use out of it, Stiff and creaky, and now the A button sticks, don't waste your money on this piece of junk.",true,1,20,"120","B08FCT5DW6","Xbox One X",true,27.99,"USD",34.99,7,20.01,3993,4.1,"https://www.amazon.com/dp/B08FCT5DW6","16371.30",false,false,false,false,"Sponsored Ad - PDP Gaming Wired Controller: Revenant Blue - Xbox Series X|S, Xbox One, PC - Summer 2021 Model","https://m.media-amazon.com/images/I/71YY5luRO5L._AC_UY218_.jpg"
"R191UY9II7W6KW","Reviewed in the United States on September 27, 2021",1,"Review","The product is fine. I had to get this reordered to get my correct product. The first time the product I received was oil. That was not even a controller but the second one that came in was correct.",true,1,20,"120","B08FCT5DW6","Xbox One X",true,27.99,"USD",34.99,7,20.01,3993,4.1,"https://www.amazon.com/dp/B08FCT5DW6","16371.30",false,false,false,false,"Sponsored Ad - PDP Gaming Wired Controller: Revenant Blue - Xbox Series X|S, Xbox One, PC - Summer 2021 Model","https://m.media-amazon.com/images/I/71YY5luRO5L._AC_UY218_.jpg"
"RM1R5UZ05I3P9","Reviewed in the United States on September 26, 2021",1,"Terrible Quality","Literally stopped working after a god damn month. Dont buy this ever. If I could give this zero start I would",true,1,20,"120","B08FCT5DW6","Xbox One X",true,27.99,"USD",34.99,7,20.01,3993,4.1,"https://www.amazon.com/dp/B08FCT5DW6","16371.30",false,false,false,false,"Sponsored Ad - PDP Gaming Wired Controller: Revenant Blue - Xbox Series X|S, Xbox One, PC - Summer 2021 Model","https://m.media-amazon.com/images/I/71YY5luRO5L._AC_UY218_.jpg"
"R228RWIYC6Q7V1","Reviewed in the United States on September 25, 2021",1,"It broke after a few weeks","Past the returns period the joy stick broke.It only last a few weeks.It is poor quality junk. Do not buy.My OEM Xbox joy stick is still working with more usage for a longer period.Not worth the money.",true,1,20,"120","B08FCT5DW6","Xbox One X",true,27.99,"USD",34.99,7,20.01,3993,4.1,"https://www.amazon.com/dp/B08FCT5DW6","16371.30",false,false,false,false,"Sponsored Ad - PDP Gaming Wired Controller: Revenant Blue - Xbox Series X|S, Xbox One, PC - Summer 2021 Model","https://m.media-amazon.com/images/I/71YY5luRO5L._AC_UY218_.jpg"
"R2OKKVRPY6GP1T","Reviewed in the United States on September 22, 2021",1,"Didn't work","For some reason it did not work",true,1,20,"120","B08FCT5DW6","Xbox One X",true,27.99,"USD",34.99,7,20.01,3993,4.1,"https://www.amazon.com/dp/B08FCT5DW6","16371.30",false,false,false,false,"Sponsored Ad - PDP Gaming Wired Controller: Revenant Blue - Xbox Series X|S, Xbox One, PC - Summer 2021 Model","https://m.media-amazon.com/images/I/71YY5luRO5L._AC_UY218_.jpg"