"review.id","review.review_data","review.rating","review.title","review.review","review.verified_purchase","product.position.page","product.position.position","product.position.global_position","product.asin","product.keyword","product.price.discounted","product.price.current_price","product.price.currency","product.price.before_price","product.price.savings_amount","product.price.savings_percent","product.reviews.total_reviews","product.reviews.rating","product.url","product.score","product.sponsored","product.amazonChoice","product.bestSeller","product.amazonPrime","product.title","product.thumbnail"
"R1P3HG5IYHA90H","Reviewed in the United States on September 20, 2021",4,"Xbox 360 E","I like it but The controller lat of connecting did came with a cord for the Controller that really helps out it’s fine👌ButI tried two original Xbox games on it wasn’t backwards compatible any Thoughts out there?",true,1,1,"11","B00D9FQAM0","Xbox 360E",false,0,"USD",0,0,0,479,4.2,"https://www.amazon.com/dp/B00D9FQAM0","2011.80",false,false,false,false,"Microsoft XBOX 360 E 250GB Console","https://m.media-amazon.com/images/I/71TvJQs7bwL._AC_UY218_.jpg"
"R1DCWWMMON9T3L","Reviewed in the United States on August 3, 2021",1,"IS NOT 250GB!!!!!","I can't even download an expansion pack for a game because I only have 511MB of space available even though there's literally nothing on it.",true,1,1,"11","B00D9FQAM0","Xbox 360E",false,0,"USD",0,0,0,479,4.2,"https://www.amazon.com/dp/B00D9FQAM0","2011.80",false,false,false,false,"Microsoft XBOX 360 E 250GB Console","https://m.media-amazon.com/images/I/71TvJQs7bwL._AC_UY218_.jpg"
"R1I6W88PR4J529","Reviewed in the United States on July 16, 2021",2,"The item or console had overheating problems","I bought this Xbox 360 console and it worked, all the parts were there and it looked like brand new but after 20 or 30 minutes of my nephew playing the system it started to overheat and it shutoff the console. We repeatedly tried to fix the problems by troubleshooting overheating problems and wiring from the wall to the system, keeping stuff away from the power supply and the console... the only thing that I could think that was wrong is that the fan may not work or the system was faulty from being a used renewed system or console... thanks but still looking for the best deal and a working Xbox 360 e 250 gb system",true,1,1,"11","B00D9FQAM0","Xbox 360E",false,0,"USD",0,0,0,479,4.2,"https://www.amazon.com/dp/B00D9FQAM0","2011.80",false,false,false,false,"Microsoft XBOX 360 E 250GB Console","https://m.media-amazon.com/images/I/71TvJQs7bwL._AC_UY218_.jpg"
"R38PLCWXW2FB1","Reviewed in the United States on July 11, 2021",5,"Great Xbox","Great xbox would totaly recomend the xbox came with a bit of scratches but its ok as long as it works its fine",true,1,1,"11","B00D9FQAM0","Xbox 360E",false,0,"USD",0,0,0,479,4.2,"https://www.amazon.com/dp/B00D9FQAM0","2011.80",false,false,false,false,"Microsoft XBOX 360 E 250GB Console","https://m.media-amazon.com/images/I/71TvJQs7bwL._AC_UY218_.jpg"
"RG5XJ12GPKIK0","Reviewed in the United States on July 3, 2021",5,"Reliable, quiet","Great for streaming hulu or Netflix, very quiet.",true,1,1,"11","B00D9FQAM0","Xbox 360E",false,0,"USD",0,0,0,479,4.2,"https://www.amazon.com/dp/B00D9FQAM0","2011.80",false,false,false,false,"Microsoft XBOX 360 E 250GB Console","https://m.media-amazon.com/images/I/71TvJQs7bwL._AC_UY218_.jpg"
"R6MP9YTIAANUT","Reviewed in the United States on June 3, 2021",4,"X Box for Hunter","My grandson loves it . it made his birthday wish come true",true,1,1,"11","B00D9FQAM0","Xbox 360E",false,0,"USD",0,0,0,479,4.2,"https://www.amazon.com/dp/B00D9FQAM0","2011.80",false,false,false,false,"Microsoft XBOX 360 E 250GB Console","https://m.media-amazon.com/images/I/71TvJQs7bwL._AC_UY218_.jpg"
"R2QIOVAEQW2VDI","Reviewed in the United States on June 1, 2021",5,"Most pleased","Kids",true,1,1,"11","B00D9FQAM0","Xbox 360E",false,0,"USD",0,0,0,479,4.2,"https://www.amazon.com/dp/B00D9FQAM0","2011.80",false,false,false,false,"Microsoft XBOX 360 E 250GB Console","https://m.media-amazon.com/images/I/71TvJQs7bwL._AC_UY218_.jpg"
"RNYQGUG3UMZGU","Reviewed in the United States on May 27, 2021",5,"Trustworthy","Everything it said came with console did. Good working cond. Good price for that model, 360 elite w250gb HD made in 2015,I would rather have this than Xbox one.",true,1,1,"11","B00D9FQAM0","Xbox 360E",false,0,"USD",0,0,0,479,4.2,"https://www.amazon.com/dp/B00D9FQAM0","2011.80",false,false,false,false,"Microsoft XBOX 360 E 250GB Console","https://m.media-amazon.com/images/I/71TvJQs7bwL._AC_UY218_.jpg"
"R3AVTF8SA39WZK","Reviewed in the United States on May 5, 2021",4,"Received before arrival delivery date","Good condition.... looks new and plays No issues.",true,1,1,"11","B00D9FQAM0","Xbox 360E",false,0,"USD",0,0,0,479,4.2,"https://www.amazon.com/dp/B00D9FQAM0","2011.80",false,false,false,false,"Microsoft XBOX 360 E 250GB Console","https://m.media-amazon.com/images/I/71TvJQs7bwL._AC_UY218_.jpg"
"RYO5GQD4SD144","Reviewed in the United States on April 19, 2021",2,"Make sure it doesn't break during shipping","The plastic on tree he outside what busted when it arrived but it still works perfectly fine",true,1,1,"11","B00D9FQAM0","Xbox 360E",false,0,"USD",0,0,0,479,4.2,"https://www.amazon.com/dp/B00D9FQAM0","2011.80",false,false,false,false,"Microsoft XBOX 360 E 250GB Console","https://m.media-amazon.com/images/I/71TvJQs7bwL._AC_UY218_.jpg"
"R24P8YJ9SQ2HI9","Reviewed in the United States on June 4, 2021",1,"Not worth it","Poor customer service. Machine stopped working after 2 weeks. Bogus!",true,1,2,"12","B00FATRKOK","Xbox 360E",false,0,"USD",0,0,0,959,4.2,"https://www.amazon.com/dp/B00FATRKOK","4027.80",false,false,false,false,"Xbox 360 E 250GB Holiday Value Bundle [Xbox 360]","https://m.media-amazon.com/images/I/61UM7nxDW8L._AC_UY218_.jpg"
"R1HFJOTT880E7E","Reviewed in the United States on May 19, 2021",1,"Condition not even close to advertised!","First let's start off with the conditions it arrived in which is poor when it was advertised as good. The console still functions as intended but there are scratches and scuffs all over it.The controller is no better and rather much worse. As there is notable wear and such as a chunk missing out of one of the analog sticks.The sellers description specifically said no writing in the product. But there is writing on both the power supply and the controller. It also said they would provide the hdmi cable but instead I was given a AV cable that isn't even for this model of Xbox.And lastly shipping. While it did arrive in the may 13th and the 21st time window. For the amount of time it took for them too even ship my item would atleast make you hope that there is some protection like bubble wrapping the snot out of it so it doesn't get damaged. Well... wishful thinking cause the only thing that would protect this contents of this box are your hopes and dreams and ya best hope the ups man don't kick that too.The games are fine. Both copies seem too be in good condition. No major scratches. Both are clearly just picked up from a used game store. Tomb raider even still has sticker residue on it. But I can't complain there. Even if I cared about that kinda thing it pales in comparison to the other stuff I've mentioned and it's easily resolved with goo goneToo sum it up. I am extremely unimpressed by the products condition. And will do my best too magic eraser the name of the powersupply. And the controller will soon see a landfill as basicly any movement and it disconnects. I'd save your money and try and find one some where else.",true,1,2,"12","B00FATRKOK","Xbox 360E",false,0,"USD",0,0,0,959,4.2,"https://www.amazon.com/dp/B00FATRKOK","4027.80",false,false,false,false,"Xbox 360 E 250GB Holiday Value Bundle [Xbox 360]","https://m.media-amazon.com/images/I/61UM7nxDW8L._AC_UY218_.jpg"
"R3GRYTQ8M552SS","Reviewed in the United States on May 12, 2021",3,"Why don't I have all the cables?","I am missing some cables for the xbox 360",true,1,2,"12","B00FATRKOK","Xbox 360E",false,0,"USD",0,0,0,959,4.2,"https://www.amazon.com/dp/B00FATRKOK","4027.80",false,false,false,false,"Xbox 360 E 250GB Holiday Value Bundle [Xbox 360]","https://m.media-amazon.com/images/I/61UM7nxDW8L._AC_UY218_.jpg"
"R1TH2725Y2OZWO","Reviewed in the United States on April 14, 2021",1,"HIGHLY DISAPPOINTED HIGHLY UNACCEPTABLE!!!!","In the description of this product it states that I would be getting a headset and 1month of Xbox live Gold membership. Not only is there no headset but theres a Console Ban on the xbox360 so i cant even get on LIVE! So is this what I am going to have to deal with when looking for a replacement xbox360?! Wait for it to finally get here just to find out the lies! Did I mention that the controller it came with had batteries in it that are old and exploded a bit and now the controller dont work so I had to use one of mine...DO NOT BUY FROM THIS SELLER",true,1,2,"12","B00FATRKOK","Xbox 360E",false,0,"USD",0,0,0,959,4.2,"https://www.amazon.com/dp/B00FATRKOK","4027.80",false,false,false,false,"Xbox 360 E 250GB Holiday Value Bundle [Xbox 360]","https://m.media-amazon.com/images/I/61UM7nxDW8L._AC_UY218_.jpg"
"RFXGNCP01HBA5","Reviewed in the United States on March 15, 2021",5,"Nothing","Really enjoying it",true,1,2,"12","B00FATRKOK","Xbox 360E",false,0,"USD",0,0,0,959,4.2,"https://www.amazon.com/dp/B00FATRKOK","4027.80",false,false,false,false,"Xbox 360 E 250GB Holiday Value Bundle [Xbox 360]","https://m.media-amazon.com/images/I/61UM7nxDW8L._AC_UY218_.jpg"
"R3FCE4I7V85NFJ","Reviewed in the United States on February 20, 2021",4,"Missing item","Ours did not come with the headset like it says in description",true,1,2,"12","B00FATRKOK","Xbox 360E",false,0,"USD",0,0,0,959,4.2,"https://www.amazon.com/dp/B00FATRKOK","4027.80",false,false,false,false,"Xbox 360 E 250GB Holiday Value Bundle [Xbox 360]","https://m.media-amazon.com/images/I/61UM7nxDW8L._AC_UY218_.jpg"
"R2KEL2WL5T489J","Reviewed in the United States on January 18, 2021",3,"Slightly disappointed.","System turns on fine but came without a top grill and a busted controller. Expected better even from used.",true,1,2,"12","B00FATRKOK","Xbox 360E",false,0,"USD",0,0,0,959,4.2,"https://www.amazon.com/dp/B00FATRKOK","4027.80",false,false,false,false,"Xbox 360 E 250GB Holiday Value Bundle [Xbox 360]","https://m.media-amazon.com/images/I/61UM7nxDW8L._AC_UY218_.jpg"
"R1FKYXYU7Z10L2","Reviewed in the United States on January 12, 2021",2,"Decent buy but don't expect great things","It works fine but was missing the cable for the 250GB external storage device, and the controller that came with it had bad buttons that stick when used.",true,1,2,"12","B00FATRKOK","Xbox 360E",false,0,"USD",0,0,0,959,4.2,"https://www.amazon.com/dp/B00FATRKOK","4027.80",false,false,false,false,"Xbox 360 E 250GB Holiday Value Bundle [Xbox 360]","https://m.media-amazon.com/images/I/61UM7nxDW8L._AC_UY218_.jpg"
"RCYZZFU0691KB","Reviewed in the United States on December 1, 2020",1,"Save your Christmas; dont do business!","Horrible... save your Christmas before it's too late!Chewed up controller, busted up case for the ONLY game... that's right; it didn't even come with Halo 4 as advertised.If I could give 0 stars; I would",true,1,2,"12","B00FATRKOK","Xbox 360E",false,0,"USD",0,0,0,959,4.2,"https://www.amazon.com/dp/B00FATRKOK","4027.80",false,false,false,false,"Xbox 360 E 250GB Holiday Value Bundle [Xbox 360]","https://m.media-amazon.com/images/I/61UM7nxDW8L._AC_UY218_.jpg"
"RK9OR4ONZWPDW","Reviewed in the United States on November 2, 2020",4,"Packaged Well","My 11 year old son saved up his money and was very satisfied with his purchase",true,1,2,"12","B00FATRKOK","Xbox 360E",false,0,"USD",0,0,0,959,4.2,"https://www.amazon.com/dp/B00FATRKOK","4027.80",false,false,false,false,"Xbox 360 E 250GB Holiday Value Bundle [Xbox 360]","https://m.media-amazon.com/images/I/61UM7nxDW8L._AC_UY218_.jpg"
"R1QABMOY9G5K9Z","Reviewed in the United States on October 20, 2021",2,"Seller sent wrong type AC Adapter.","Seller sent AC Adaptor for original XBOX 360 not XBOX 360E 4GB. I had to pay 40.00 for a power block so I could test the system. System worked fine. Very disappointed about power block will not order from this seller again.",true,1,3,"13","B00D9EPI38","Xbox 360E",false,0,"USD",0,0,0,1398,4.4,"https://www.amazon.com/dp/B00D9EPI38","6151.20",false,false,false,false,"Xbox 360 E 4GB Console","https://m.media-amazon.com/images/I/81y6pKAQgRL._AC_UY218_.jpg"
"R1CLG0CCRPNO2Y","Reviewed in the United States on October 11, 2021",5,"Great","Love my Xbox man lol",true,1,3,"13","B00D9EPI38","Xbox 360E",false,0,"USD",0,0,0,1398,4.4,"https://www.amazon.com/dp/B00D9EPI38","6151.20",false,false,false,false,"Xbox 360 E 4GB Console","https://m.media-amazon.com/images/I/81y6pKAQgRL._AC_UY218_.jpg"
"RB7FOU463XTI4","Reviewed in the United States on October 8, 2021",1,"Product Information is Incorrect","Under the section What's in the Box the listing clearly says4GB Hard DriveWhich is incorrect, there is no internal storage, so you'll have to purchase a hard drive.Listing is incorrect and dishonest, in my opinion.",true,1,3,"13","B00D9EPI38","Xbox 360E",false,0,"USD",0,0,0,1398,4.4,"https://www.amazon.com/dp/B00D9EPI38","6151.20",false,false,false,false,"Xbox 360 E 4GB Console","https://m.media-amazon.com/images/I/81y6pKAQgRL._AC_UY218_.jpg"
"R1NA831PX6WNS5","Reviewed in the United States on September 14, 2021",1,"Xbox no internal memory and locked with code","The seller knowingly sold an xbox with no memory and locked with a code to keep me from playing games on it.Contacted seller who said I needed to call Microsoft.That should've been done before selling a refurbished console that clearly WASNT refurbished.Do not buy from seller. Misleading and unhelpful.",true,1,3,"13","B00D9EPI38","Xbox 360E",false,0,"USD",0,0,0,1398,4.4,"https://www.amazon.com/dp/B00D9EPI38","6151.20",false,false,false,false,"Xbox 360 E 4GB Console","https://m.media-amazon.com/images/I/81y6pKAQgRL._AC_UY218_.jpg"
"R240YR63EROY9P","Reviewed in the United States on July 21, 2021",1,"Don’t buy it used","It came with some other people’s Microsoft accounts on it",true,1,3,"13","B00D9EPI38","Xbox 360E",false,0,"USD",0,0,0,1398,4.4,"https://www.amazon.com/dp/B00D9EPI38","6151.20",false,false,false,false,"Xbox 360 E 4GB Console","https://m.media-amazon.com/images/I/81y6pKAQgRL._AC_UY218_.jpg"
"R3ICDJPP158S7Q","Reviewed in the United States on June 25, 2021",1,"Fake","It was a scam",true,1,3,"13","B00D9EPI38","Xbox 360E",false,0,"USD",0,0,0,1398,4.4,"https://www.amazon.com/dp/B00D9EPI38","6151.20",false,false,false,false,"Xbox 360 E 4GB Console","https://m.media-amazon.com/images/I/81y6pKAQgRL._AC_UY218_.jpg"
"R7YZZNZRVBFLP","Reviewed in the United States on June 15, 2021",4,"Make sure it has a hard drive.","I replaced an Xbox 360 that I had that I was giving to the grand kids. Everything was as described and in decent condition. BUT, if I had not had a hard drive in my old one, which just plugs into a slot, I would have been in trouble and had to make an additional purchase. I didn't ask and they didn't disclose it, so I learned something today. And you just did as well. Kids love it.",true,1,3,"13","B00D9EPI38","Xbox 360E",false,0,"USD",0,0,0,1398,4.4,"https://www.amazon.com/dp/B00D9EPI38","6151.20",false,false,false,false,"Xbox 360 E 4GB Console","https://m.media-amazon.com/images/I/81y6pKAQgRL._AC_UY218_.jpg"
"RY7CFIZQDVBXD","Reviewed in the United States on May 10, 2021",1,"R-ROD","Red ringed of death as soon as I plugged in.",true,1,3,"13","B00D9EPI38","Xbox 360E",false,0,"USD",0,0,0,1398,4.4,"https://www.amazon.com/dp/B00D9EPI38","6151.20",false,false,false,false,"Xbox 360 E 4GB Console","https://m.media-amazon.com/images/I/81y6pKAQgRL._AC_UY218_.jpg"
"R14CK17XYB3SHO","Reviewed in the United States on April 7, 2021",1,"Complete and utter Crap","THE DISK TRAY WONT EVEN OPEN FOR ME TO PLAY A GAME MY DUDE. AND EVEN IF IT DID READ DISKS, THE CONTROLLER DOESNT EVEN WORK!!! I JUST SPENT ALMOST 200 DOLLARS ON A PAPERWEIGHT. ID GIVE IT ZERO STARS IF I COULD WHAT THE HELL.",true,1,3,"13","B00D9EPI38","Xbox 360E",false,0,"USD",0,0,0,1398,4.4,"https://www.amazon.com/dp/B00D9EPI38","6151.20",false,false,false,false,"Xbox 360 E 4GB Console","https://m.media-amazon.com/images/I/81y6pKAQgRL._AC_UY218_.jpg"
"RREJY4PUEYAU0","Reviewed in the United States on February 26, 2021",5,"did i get my refund from the first xbox360 i order","Thank,you for serviceI have enjoyed all the item that i have order",true,1,3,"13","B00D9EPI38","Xbox 360E",false,0,"USD",0,0,0,1398,4.4,"https://www.amazon.com/dp/B00D9EPI38","6151.20",false,false,false,false,"Xbox 360 E 4GB Console","https://m.media-amazon.com/images/I/81y6pKAQgRL._AC_UY218_.jpg"
"cr-translate--792361683",,,"","",false,1,4,"14","B00D9FQ9CQ","Xbox 360E",false,0,"USD",0,0,0,82,4.3,"https://www.amazon.com/dp/B00D9FQ9CQ","352.60",false,false,false,false,"Microsoft XBOX 360 E 4GB Console with Kinect Sensor","https://m.media-amazon.com/images/I/71oBB5B-ImL._AC_UY218_.jpg"
"R15OY5YWV3EKQ2","Reviewed in the United States on March 20, 2021",4,"Good product","Arrived on time works great",true,1,4,"14","B00D9FQ9CQ","Xbox 360E",false,0,"USD",0,0,0,82,4.3,"https://www.amazon.com/dp/B00D9FQ9CQ","352.60",false,false,false,false,"Microsoft XBOX 360 E 4GB Console with Kinect Sensor","https://m.media-amazon.com/images/I/71oBB5B-ImL._AC_UY218_.jpg"
"R1ZP5YNRQPDQ1F","Reviewed in the United States on January 14, 2021",5,"very cordial seller","I appreciate how this seller went out of his way to accommodate the customer. Professional-level 5 stars and product in very good conditions given that it was used! Thank you!",true,1,4,"14","B00D9FQ9CQ","Xbox 360E",false,0,"USD",0,0,0,82,4.3,"https://www.amazon.com/dp/B00D9FQ9CQ","352.60",false,false,false,false,"Microsoft XBOX 360 E 4GB Console with Kinect Sensor","https://m.media-amazon.com/images/I/71oBB5B-ImL._AC_UY218_.jpg"
"R7H8N8JB05L32","Reviewed in the United States on October 12, 2020",1,"Playedittwiceand then died","Onlyturned on two times and then quit working",true,1,4,"14","B00D9FQ9CQ","Xbox 360E",false,0,"USD",0,0,0,82,4.3,"https://www.amazon.com/dp/B00D9FQ9CQ","352.60",false,false,false,false,"Microsoft XBOX 360 E 4GB Console with Kinect Sensor","https://m.media-amazon.com/images/I/71oBB5B-ImL._AC_UY218_.jpg"
"R3SRM3YH3SQ2AB","Reviewed in the United States on October 11, 2020",5,"Bought used, works perfect","Works perfect. Fun to play. Easy to install.",true,1,4,"14","B00D9FQ9CQ","Xbox 360E",false,0,"USD",0,0,0,82,4.3,"https://www.amazon.com/dp/B00D9FQ9CQ","352.60",false,false,false,false,"Microsoft XBOX 360 E 4GB Console with Kinect Sensor","https://m.media-amazon.com/images/I/71oBB5B-ImL._AC_UY218_.jpg"
"R1KAH8V1O2OP1Z","Reviewed in the United States on January 6, 2020",1,"Nada","Que viene activa el control parental y no puedo jugar",true,1,4,"14","B00D9FQ9CQ","Xbox 360E",false,0,"USD",0,0,0,82,4.3,"https://www.amazon.com/dp/B00D9FQ9CQ","352.60",false,false,false,false,"Microsoft XBOX 360 E 4GB Console with Kinect Sensor","https://m.media-amazon.com/images/I/71oBB5B-ImL._AC_UY218_.jpg"
"R3AVZ31UFWZ906","Reviewed in the United States on January 3, 2020",5,"The Xbox 360 works well, no problem, my family is happy.","The console works perfectly, make no mistake in acquiring the Xbox 360, I recommend it is good.",true,1,4,"14","B00D9FQ9CQ","Xbox 360E",false,0,"USD",0,0,0,82,4.3,"https://www.amazon.com/dp/B00D9FQ9CQ","352.60",false,false,false,false,"Microsoft XBOX 360 E 4GB Console with Kinect Sensor","https://m.media-amazon.com/images/I/71oBB5B-ImL._AC_UY218_.jpg"
"R2AD25VKVH2SHV","Reviewed in the United States on December 22, 2019",1,"broken/missing components","has NOVIDEO cable. xbox is very beat up and scratches everywhere. power supply does not look good either. cords have stuff on them. spend the money and get elsewhere. very disapointed with this package.",true,1,4,"14","B00D9FQ9CQ","Xbox 360E",false,0,"USD",0,0,0,82,4.3,"https://www.amazon.com/dp/B00D9FQ9CQ","352.60",false,false,false,false,"Microsoft XBOX 360 E 4GB Console with Kinect Sensor","https://m.media-amazon.com/images/I/71oBB5B-ImL._AC_UY218_.jpg"
"RNOWBFI8IYPR2","Reviewed in the United States on October 13, 2017",5,"Five Stars","My son loves his new X-box. Thank you",true,1,4,"14","B00D9FQ9CQ","Xbox 360E",false,0,"USD",0,0,0,82,4.3,"https://www.amazon.com/dp/B00D9FQ9CQ","352.60",false,false,false,false,"Microsoft XBOX 360 E 4GB Console with Kinect Sensor","https://m.media-amazon.com/images/I/71oBB5B-ImL._AC_UY218_.jpg"
"R83EKUY1BBNZH","Reviewed in the United States on January 11, 2017",5,"I lost 20 pds doing xbox. Perts of it ...","I lost 20 pds doing xbox. Perts of it failed, so I got myself another one. Thanks. It works well.",true,1,4,"14","B00D9FQ9CQ","Xbox 360E",false,0,"USD",0,0,0,82,4.3,"https://www.amazon.com/dp/B00D9FQ9CQ","352.60",false,false,false,false,"Microsoft XBOX 360 E 4GB Console with Kinect Sensor","https://m.media-amazon.com/images/I/71oBB5B-ImL._AC_UY218_.jpg"
"R3GIJ7FZVXLWKL","Reviewed in the United States on July 18, 2016",5,"The company will make sure you are satisfied.","I ordered this for my adapted PE students. After a week I smelled smoke and the Xbox would not work. I noticed some liquid coming out of the ac power adapter. Long story short, I contacted the company and they were more than willing to make things right. They shipped me another adapter and I have not had any problems since.",true,1,4,"14","B00D9FQ9CQ","Xbox 360E",false,0,"USD",0,0,0,82,4.3,"https://www.amazon.com/dp/B00D9FQ9CQ","352.60",false,false,false,false,"Microsoft XBOX 360 E 4GB Console with Kinect Sensor","https://m.media-amazon.com/images/I/71oBB5B-ImL._AC_UY218_.jpg"
"cr-translate--825273672",,,"","",false,1,5,"15","B00FATRKLI","Xbox 360E",false,0,"USD",0,0,0,449,4.5,"https://www.amazon.com/dp/B00FATRKLI","2020.50",false,false,false,false,"Xbox 360 E 250GB Kinect Holiday Value Bundle","https://m.media-amazon.com/images/I/61O1OKJ0b9L._AC_UY218_.jpg"
"R3OCOKFW1XQL2N","Reviewed in the United States on July 29, 2021",5,"Everything works great and having a blast","Great product. I'm super satisfied right now. Fast shipper. Great seller",true,1,5,"15","B00FATRKLI","Xbox 360E",false,0,"USD",0,0,0,449,4.5,"https://www.amazon.com/dp/B00FATRKLI","2020.50",false,false,false,false,"Xbox 360 E 250GB Kinect Holiday Value Bundle","https://m.media-amazon.com/images/I/61O1OKJ0b9L._AC_UY218_.jpg"
"R39HXN1PT1MUYY","Reviewed in the United States on July 14, 2019",4,"Funciona muy bien salvo la tarjeta de video que se ve oscuro","Casi satisfecha, la tarjeta de video tiene algun problema y los juegos e imagenes se ven muy oscuros.",true,1,5,"15","B00FATRKLI","Xbox 360E",false,0,"USD",0,0,0,449,4.5,"https://www.amazon.com/dp/B00FATRKLI","2020.50",false,false,false,false,"Xbox 360 E 250GB Kinect Holiday Value Bundle","https://m.media-amazon.com/images/I/61O1OKJ0b9L._AC_UY218_.jpg"
"R11UDOOR74N01W","Reviewed in the United States on February 5, 2019",5,"great gift","kept child entertained",true,1,5,"15","B00FATRKLI","Xbox 360E",false,0,"USD",0,0,0,449,4.5,"https://www.amazon.com/dp/B00FATRKLI","2020.50",false,false,false,false,"Xbox 360 E 250GB Kinect Holiday Value Bundle","https://m.media-amazon.com/images/I/61O1OKJ0b9L._AC_UY218_.jpg"
"R1ZKJ9BKKXBIE7","Reviewed in the United States on January 1, 2019",5,"Great product","The Xbox was in excellent condition and it came with everything stated. It was a gift from Santa (our Santa presents are not wrapped). It looked brand new!! My boys were able to use it that day and have been enjoying the kinect and games.",true,1,5,"15","B00FATRKLI","Xbox 360E",false,0,"USD",0,0,0,449,4.5,"https://www.amazon.com/dp/B00FATRKLI","2020.50",false,false,false,false,"Xbox 360 E 250GB Kinect Holiday Value Bundle","https://m.media-amazon.com/images/I/61O1OKJ0b9L._AC_UY218_.jpg"
"R2H7HV538BJM7O","Reviewed in the United States on October 10, 2018",3,"Ok","Works but cannot get audio to work. Not sure if that is an equipment issue or user though. Arrived with parts wrapped in bubble wrap lose in a carton, smelling of cigarettes, with no instructions. Thank goodness for You Tube or I might not have gotten it set up ( I'm technologically challenged). So, I give it an ""ok"".",true,1,5,"15","B00FATRKLI","Xbox 360E",false,0,"USD",0,0,0,449,4.5,"https://www.amazon.com/dp/B00FATRKLI","2020.50",false,false,false,false,"Xbox 360 E 250GB Kinect Holiday Value Bundle","https://m.media-amazon.com/images/I/61O1OKJ0b9L._AC_UY218_.jpg"
"R11V80VR99MQU0","Reviewed in the United States on August 27, 2018",1,"Love the games exbox360 went to crab in 3 days","This is what happens to the exbox360 had it three days and this appeard kinda mad that I only had it couple of days",true,1,5,"15","B00FATRKLI","Xbox 360E",false,0,"USD",0,0,0,449,4.5,"https://www.amazon.com/dp/B00FATRKLI","2020.50",false,false,false,false,"Xbox 360 E 250GB Kinect Holiday Value Bundle","https://m.media-amazon.com/images/I/61O1OKJ0b9L._AC_UY218_.jpg"
"R2L9EXQHO7HELB","Reviewed in the United States on August 1, 2018",5,"Five Stars","GOOD",true,1,5,"15","B00FATRKLI","Xbox 360E",false,0,"USD",0,0,0,449,4.5,"https://www.amazon.com/dp/B00FATRKLI","2020.50",false,false,false,false,"Xbox 360 E 250GB Kinect Holiday Value Bundle","https://m.media-amazon.com/images/I/61O1OKJ0b9L._AC_UY218_.jpg"
"RT0F97L3BVVZI","Reviewed in the United States on July 18, 2017",5,"Perfect new old stock Xbox 360","I wanted to find a new old stock Xbox 360 as a gift for my wife. She enjoys the Kinect games and the older Xbox 360 format has a much larger Kinect library than that of the current Xbox One. We received a brand new factory sealed Xbox 360 with all its accessories and games in perfect condition. Everything is working as it should. I was still able to download the included Forza Horizon game as well.",true,1,5,"15","B00FATRKLI","Xbox 360E",false,0,"USD",0,0,0,449,4.5,"https://www.amazon.com/dp/B00FATRKLI","2020.50",false,false,false,false,"Xbox 360 E 250GB Kinect Holiday Value Bundle","https://m.media-amazon.com/images/I/61O1OKJ0b9L._AC_UY218_.jpg"
"R36G8QWWB2TK8K","Reviewed in the United States on January 20, 2017",5,"Wonderful purchase but I don't like that I have to join Microsoft live","Always fun especially with the connect in the rock band always a lot of fun especially with the connect games and rock band games",true,1,5,"15","B00FATRKLI","Xbox 360E",false,0,"USD",0,0,0,449,4.5,"https://www.amazon.com/dp/B00FATRKLI","2020.50",false,false,false,false,"Xbox 360 E 250GB Kinect Holiday Value Bundle","https://m.media-amazon.com/images/I/61O1OKJ0b9L._AC_UY218_.jpg"
"R1N3F5RR1BIIAJ","Reviewed in the United States on January 6, 2017",5,"Five Stars","Met my expectations",true,1,5,"15","B00FATRKLI","Xbox 360E",false,0,"USD",0,0,0,449,4.5,"https://www.amazon.com/dp/B00FATRKLI","2020.50",false,false,false,false,"Xbox 360 E 250GB Kinect Holiday Value Bundle","https://m.media-amazon.com/images/I/61O1OKJ0b9L._AC_UY218_.jpg"
"cr-translate--1267150899",,,"","",false,1,6,"16","B08H8CC12B","Xbox 360E",false,0,"USD",0,0,0,136,4.6,"https://www.amazon.com/dp/B08H8CC12B","625.60",false,false,false,false,"Xbox 360 E Power Supply, uowlbear AC Adapter Power Brick with Power Cord for Xbox 360 E Console 100-240V Auto Voltage Low ...","https://m.media-amazon.com/images/I/617RdFvhwCL._AC_UY218_.jpg"
"R3JS2VDPQ9CGYN","Reviewed in the United States on July 11, 2021",1,"Cheap...lasted 3 months","Lasted 3 months",true,1,6,"16","B08H8CC12B","Xbox 360E",false,0,"USD",0,0,0,136,4.6,"https://www.amazon.com/dp/B08H8CC12B","625.60",false,false,false,false,"Xbox 360 E Power Supply, uowlbear AC Adapter Power Brick with Power Cord for Xbox 360 E Console 100-240V Auto Voltage Low ...","https://m.media-amazon.com/images/I/617RdFvhwCL._AC_UY218_.jpg"
"RXOAKNC7L0NTO","Reviewed in the United States on June 27, 2021",5,"Works and looks correct","This power supply works as it should.It’s for the XBOX 360.",true,1,6,"16","B08H8CC12B","Xbox 360E",false,0,"USD",0,0,0,136,4.6,"https://www.amazon.com/dp/B08H8CC12B","625.60",false,false,false,false,"Xbox 360 E Power Supply, uowlbear AC Adapter Power Brick with Power Cord for Xbox 360 E Console 100-240V Auto Voltage Low ...","https://m.media-amazon.com/images/I/617RdFvhwCL._AC_UY218_.jpg"
"R2G1AV672S3RU3","Reviewed in the United States on June 15, 2021",5,"Great replacement!!","No problems at all!",true,1,6,"16","B08H8CC12B","Xbox 360E",false,0,"USD",0,0,0,136,4.6,"https://www.amazon.com/dp/B08H8CC12B","625.60",false,false,false,false,"Xbox 360 E Power Supply, uowlbear AC Adapter Power Brick with Power Cord for Xbox 360 E Console 100-240V Auto Voltage Low ...","https://m.media-amazon.com/images/I/617RdFvhwCL._AC_UY218_.jpg"
"R1NSFM0JMZAK49","Reviewed in the United States on June 12, 2021",3,"El ventilador de la fuente produce un ruido","Buen funcionamiento, la termine devolviendo debido a que produce un feo ruido el ventilador, parece que la mayoría de fuentes genéricas para xbox 360 lo produce por la calidad de los materiales, termine comprando una fuente convertidora de corriente certificada (la cual no genera ningún ruido y si bien es más grande me da más seguridad) ya que mí fuente original de xbox funciona con 220 volts y en E.U como saben la corriente que llega es de 110 volts.. el ruido no es algo insoportable aunque en mí caso era bastante ruidosa.. en mí opinión compren otra fuente que según los comentario no sea ruidosa..",true,1,6,"16","B08H8CC12B","Xbox 360E",false,0,"USD",0,0,0,136,4.6,"https://www.amazon.com/dp/B08H8CC12B","625.60",false,false,false,false,"Xbox 360 E Power Supply, uowlbear AC Adapter Power Brick with Power Cord for Xbox 360 E Console 100-240V Auto Voltage Low ...","https://m.media-amazon.com/images/I/617RdFvhwCL._AC_UY218_.jpg"
"R3SVVM4RFXTDBN","Reviewed in the United States on May 15, 2021",5,"Great","It works great",true,1,6,"16","B08H8CC12B","Xbox 360E",false,0,"USD",0,0,0,136,4.6,"https://www.amazon.com/dp/B08H8CC12B","625.60",false,false,false,false,"Xbox 360 E Power Supply, uowlbear AC Adapter Power Brick with Power Cord for Xbox 360 E Console 100-240V Auto Voltage Low ...","https://m.media-amazon.com/images/I/617RdFvhwCL._AC_UY218_.jpg"
"RE6ADFC8NHLXC","Reviewed in the United States on April 28, 2021",4,"Easy to setup","I used this for my son who got an Xbox360 for his birthday. It didn't come with the power cord so I bought this one. It works great and he is happy. So that makes me happy.",true,1,6,"16","B08H8CC12B","Xbox 360E",false,0,"USD",0,0,0,136,4.6,"https://www.amazon.com/dp/B08H8CC12B","625.60",false,false,false,false,"Xbox 360 E Power Supply, uowlbear AC Adapter Power Brick with Power Cord for Xbox 360 E Console 100-240V Auto Voltage Low ...","https://m.media-amazon.com/images/I/617RdFvhwCL._AC_UY218_.jpg"
"R2I2P6Z25KCMY5","Reviewed in the United States on April 18, 2021",5,"its a good buy","its a good power brick for the Xbox 360 im very happy with this power supply",true,1,6,"16","B08H8CC12B","Xbox 360E",false,0,"USD",0,0,0,136,4.6,"https://www.amazon.com/dp/B08H8CC12B","625.60",false,false,false,false,"Xbox 360 E Power Supply, uowlbear AC Adapter Power Brick with Power Cord for Xbox 360 E Console 100-240V Auto Voltage Low ...","https://m.media-amazon.com/images/I/617RdFvhwCL._AC_UY218_.jpg"
"R2UGSKPXBIDP47","Reviewed in the United States on April 14, 2021",5,"Xbox 360 power cord","My son lost his power cord during a move a couple of years ago. We were happy to find this!",true,1,6,"16","B08H8CC12B","Xbox 360E",false,0,"USD",0,0,0,136,4.6,"https://www.amazon.com/dp/B08H8CC12B","625.60",false,false,false,false,"Xbox 360 E Power Supply, uowlbear AC Adapter Power Brick with Power Cord for Xbox 360 E Console 100-240V Auto Voltage Low ...","https://m.media-amazon.com/images/I/617RdFvhwCL._AC_UY218_.jpg"
"RGQU2ADJOKO5U","Reviewed in the United States on March 10, 2021",5,"Recommend","Works perfectly",true,1,6,"16","B08H8CC12B","Xbox 360E",false,0,"USD",0,0,0,136,4.6,"https://www.amazon.com/dp/B08H8CC12B","625.60",false,false,false,false,"Xbox 360 E Power Supply, uowlbear AC Adapter Power Brick with Power Cord for Xbox 360 E Console 100-240V Auto Voltage Low ...","https://m.media-amazon.com/images/I/617RdFvhwCL._AC_UY218_.jpg"
"R1DX1CTLB92U0Z","Reviewed in the United States on February 2, 2021",3,"Not bad","Price is quite high. Not bad but didn't make any higher estimation on it.",true,1,6,"16","B08H8CC12B","Xbox 360E",false,0,"USD",0,0,0,136,4.6,"https://www.amazon.com/dp/B08H8CC12B","625.60",false,false,false,false,"Xbox 360 E Power Supply, uowlbear AC Adapter Power Brick with Power Cord for Xbox 360 E Console 100-240V Auto Voltage Low ...","https://m.media-amazon.com/images/I/617RdFvhwCL._AC_UY218_.jpg"
"cr-translate-747838543",,,"","",false,1,7,"17","B0829WN35F","Xbox 360E",false,0,"USD",0,0,0,266,4.2,"https://www.amazon.com/dp/B0829WN35F","1117.20",false,false,false,false,"Xbox 360 E Power Supply, Power Supply Cord AC Adapter Replacement Charger for Xbox 360 E","https://m.media-amazon.com/images/I/71amIJNMX8L._AC_UY218_.jpg"
"R2TE8U76MR5RCR","Reviewed in the United States on October 6, 2021",1,"Doesn't work","I purchased two of these - both of them had red lights and neither of them powered up my xbox.Do not buy",true,1,7,"17","B0829WN35F","Xbox 360E",false,0,"USD",0,0,0,266,4.2,"https://www.amazon.com/dp/B0829WN35F","1117.20",false,false,false,false,"Xbox 360 E Power Supply, Power Supply Cord AC Adapter Replacement Charger for Xbox 360 E","https://m.media-amazon.com/images/I/71amIJNMX8L._AC_UY218_.jpg"
"R3YYJ80FUMQFV","Reviewed in the United States on October 6, 2021",4,"Works, but the fan is loud","I got this on September 30th to see if my Xbox 360 E that I got worked. The power supply feels of decent quality, though the cable that goes from the wall to the brick doesn't have a ground pin despite the brick having a port for one. My only complaint with it is that the fan is really loud. Like louder than my Xbox by a lot. It's not too big of a deal but it gets annoying after a while. I'll update this review if the power supply fails.",true,1,7,"17","B0829WN35F","Xbox 360E",false,0,"USD",0,0,0,266,4.2,"https://www.amazon.com/dp/B0829WN35F","1117.20",false,false,false,false,"Xbox 360 E Power Supply, Power Supply Cord AC Adapter Replacement Charger for Xbox 360 E","https://m.media-amazon.com/images/I/71amIJNMX8L._AC_UY218_.jpg"
"R3609PBXC04SZH","Reviewed in the United States on September 30, 2021",1,"Disappointment","This power supply unit does not work.",true,1,7,"17","B0829WN35F","Xbox 360E",false,0,"USD",0,0,0,266,4.2,"https://www.amazon.com/dp/B0829WN35F","1117.20",false,false,false,false,"Xbox 360 E Power Supply, Power Supply Cord AC Adapter Replacement Charger for Xbox 360 E","https://m.media-amazon.com/images/I/71amIJNMX8L._AC_UY218_.jpg"
"R3DUQ9R01JOG3G","Reviewed in the United States on September 24, 2021",5,"Perfecta","Esta muy bien funciona",true,1,7,"17","B0829WN35F","Xbox 360E",false,0,"USD",0,0,0,266,4.2,"https://www.amazon.com/dp/B0829WN35F","1117.20",false,false,false,false,"Xbox 360 E Power Supply, Power Supply Cord AC Adapter Replacement Charger for Xbox 360 E","https://m.media-amazon.com/images/I/71amIJNMX8L._AC_UY218_.jpg"
"RHMWNFYCQ5JA1","Reviewed in the United States on May 2, 2021",3,"Works good","No issues",true,1,7,"17","B0829WN35F","Xbox 360E",false,0,"USD",0,0,0,266,4.2,"https://www.amazon.com/dp/B0829WN35F","1117.20",false,false,false,false,"Xbox 360 E Power Supply, Power Supply Cord AC Adapter Replacement Charger for Xbox 360 E","https://m.media-amazon.com/images/I/71amIJNMX8L._AC_UY218_.jpg"
"RCQLMTT7WDHF4","Reviewed in the United States on April 1, 2021",1,"Dangerous China junk.","As soon as I plugged this into the wall it tripped my circuit breaker causing power outage on that wall socket and I could smell the adapter burnt.",true,1,7,"17","B0829WN35F","Xbox 360E",false,0,"USD",0,0,0,266,4.2,"https://www.amazon.com/dp/B0829WN35F","1117.20",false,false,false,false,"Xbox 360 E Power Supply, Power Supply Cord AC Adapter Replacement Charger for Xbox 360 E","https://m.media-amazon.com/images/I/71amIJNMX8L._AC_UY218_.jpg"
"R2AFC9OKYLISRL","Reviewed in the United States on March 10, 2021",5,"Good condition","Came in good condition, haven’t used yet but will update after using for a little while!",true,1,7,"17","B0829WN35F","Xbox 360E",false,0,"USD",0,0,0,266,4.2,"https://www.amazon.com/dp/B0829WN35F","1117.20",false,false,false,false,"Xbox 360 E Power Supply, Power Supply Cord AC Adapter Replacement Charger for Xbox 360 E","https://m.media-amazon.com/images/I/71amIJNMX8L._AC_UY218_.jpg"
"R35BFDWM368BBX","Reviewed in the United States on February 26, 2021",1,"CRAP adapter won’t last 4 weeks","What a scam! I’m playing the Xbox, there’s a bang and the adapter is gone...Haven’t had it over a month and used it more than 3 times.. waste of my money",true,1,7,"17","B0829WN35F","Xbox 360E",false,0,"USD",0,0,0,266,4.2,"https://www.amazon.com/dp/B0829WN35F","1117.20",false,false,false,false,"Xbox 360 E Power Supply, Power Supply Cord AC Adapter Replacement Charger for Xbox 360 E","https://m.media-amazon.com/images/I/71amIJNMX8L._AC_UY218_.jpg"
"R2K569912N9FLT","Reviewed in the United States on February 20, 2021",5,"Happy","Came a described",true,1,7,"17","B0829WN35F","Xbox 360E",false,0,"USD",0,0,0,266,4.2,"https://www.amazon.com/dp/B0829WN35F","1117.20",false,false,false,false,"Xbox 360 E Power Supply, Power Supply Cord AC Adapter Replacement Charger for Xbox 360 E","https://m.media-amazon.com/images/I/71amIJNMX8L._AC_UY218_.jpg"
"RO9VMUNMQ8T58","Reviewed in the United States on February 16, 2021",4,"Careful what generation you use this supply for.","So to note that the original xbox 360 that sold from 2005 to roughly 2010. Those consoles used, on average 160 Watts. And shipped with a 200 watt power supply brick.The Xbox S (or slim), used on average 70 to 90 Watts.This brick is rated for 125 Watts. So sticking this supply to an older gen Xbox will likely result in a failure or catastrophic failure of the supply.Another difference is this supply has the a standard C13 cord with a hot, neutral, and ground pins.The old Xbox 360 brick only had A hot and neutral pin.Other noted difference the power light on the OEM brick when plugged in to the power it shows orange, when the Xbox E turns on it goes green.This brick shows red when plugged in and goes green when the Xbox is turned on.Disclaimer: I have not extensively used this power brick yet, just used it to power up a Xbox 360 E COD Special Edition console that I refurb'ed.",true,1,7,"17","B0829WN35F","Xbox 360E",false,0,"USD",0,0,0,266,4.2,"https://www.amazon.com/dp/B0829WN35F","1117.20",false,false,false,false,"Xbox 360 E Power Supply, Power Supply Cord AC Adapter Replacement Charger for Xbox 360 E","https://m.media-amazon.com/images/I/71amIJNMX8L._AC_UY218_.jpg"
"R1KXRSB8GA3FOQ","Reviewed in the United States on October 21, 2021",3,"Good product good price","Works very good good price",true,1,8,"18","B089NQPTSN","Xbox 360E",false,0,"USD",0,0,0,124,4,"https://www.amazon.com/dp/B089NQPTSN","496.00",false,false,false,false,"JOVNO for Xbox 360 E Power Supply Brick with Power Cord, AC Adapter Power Supply Charge for Microsoft Xbox 360 E Console, ...","https://m.media-amazon.com/images/I/61PKj+tou8L._AC_UY218_.jpg"
"R3INBQDRLLAO4T","Reviewed in the United States on August 25, 2021",5,"Great!","Came in, well-packaged, and now the Xbox 360 works again!",true,1,8,"18","B089NQPTSN","Xbox 360E",false,0,"USD",0,0,0,124,4,"https://www.amazon.com/dp/B089NQPTSN","496.00",false,false,false,false,"JOVNO for Xbox 360 E Power Supply Brick with Power Cord, AC Adapter Power Supply Charge for Microsoft Xbox 360 E Console, ...","https://m.media-amazon.com/images/I/61PKj+tou8L._AC_UY218_.jpg"
"R3SWIFXYG4VNMM","Reviewed in the United States on August 19, 2021",5,"It runs","Happy with it would recommend it",true,1,8,"18","B089NQPTSN","Xbox 360E",false,0,"USD",0,0,0,124,4,"https://www.amazon.com/dp/B089NQPTSN","496.00",false,false,false,false,"JOVNO for Xbox 360 E Power Supply Brick with Power Cord, AC Adapter Power Supply Charge for Microsoft Xbox 360 E Console, ...","https://m.media-amazon.com/images/I/61PKj+tou8L._AC_UY218_.jpg"
"R11EEF4UXKGSTS","Reviewed in the United States on July 13, 2021",5,"Works perfectly","Worked perfectly",true,1,8,"18","B089NQPTSN","Xbox 360E",false,0,"USD",0,0,0,124,4,"https://www.amazon.com/dp/B089NQPTSN","496.00",false,false,false,false,"JOVNO for Xbox 360 E Power Supply Brick with Power Cord, AC Adapter Power Supply Charge for Microsoft Xbox 360 E Console, ...","https://m.media-amazon.com/images/I/61PKj+tou8L._AC_UY218_.jpg"
"R3PPKRT29QUCMG","Reviewed in the United States on July 11, 2021",1,"don't buy these!","The first one i ordered had a red light and didn't work. I returned it and got send another one and it also had a red light and didn't work. I tried troubleshooting and the only answer I found was that the product was faulty.",true,1,8,"18","B089NQPTSN","Xbox 360E",false,0,"USD",0,0,0,124,4,"https://www.amazon.com/dp/B089NQPTSN","496.00",false,false,false,false,"JOVNO for Xbox 360 E Power Supply Brick with Power Cord, AC Adapter Power Supply Charge for Microsoft Xbox 360 E Console, ...","https://m.media-amazon.com/images/I/61PKj+tou8L._AC_UY218_.jpg"
"R2NLJXZJORPDBW","Reviewed in the United States on June 24, 2021",5,"Fast delivery amd works well","This works great. Had my old cord chewed up by animals so needed a replacement bad. This one is a good fit and doesn't heat up as much.",true,1,8,"18","B089NQPTSN","Xbox 360E",false,0,"USD",0,0,0,124,4,"https://www.amazon.com/dp/B089NQPTSN","496.00",false,false,false,false,"JOVNO for Xbox 360 E Power Supply Brick with Power Cord, AC Adapter Power Supply Charge for Microsoft Xbox 360 E Console, ...","https://m.media-amazon.com/images/I/61PKj+tou8L._AC_UY218_.jpg"
"R3597HTJUJK3ZT","Reviewed in the United States on April 26, 2021",1,"Bad Power supply","Doesn’t work!",true,1,8,"18","B089NQPTSN","Xbox 360E",false,0,"USD",0,0,0,124,4,"https://www.amazon.com/dp/B089NQPTSN","496.00",false,false,false,false,"JOVNO for Xbox 360 E Power Supply Brick with Power Cord, AC Adapter Power Supply Charge for Microsoft Xbox 360 E Console, ...","https://m.media-amazon.com/images/I/61PKj+tou8L._AC_UY218_.jpg"
"RFW7UNRICDIUH","Reviewed in the United States on April 1, 2021",2,"Too loud.","Way to damn loud,it over powers the xbox when your at a quiet and intense part of games.",true,1,8,"18","B089NQPTSN","Xbox 360E",false,0,"USD",0,0,0,124,4,"https://www.amazon.com/dp/B089NQPTSN","496.00",false,false,false,false,"JOVNO for Xbox 360 E Power Supply Brick with Power Cord, AC Adapter Power Supply Charge for Microsoft Xbox 360 E Console, ...","https://m.media-amazon.com/images/I/61PKj+tou8L._AC_UY218_.jpg"
"R1O5W015BJYMXZ","Reviewed in the United States on March 22, 2021",1,"Don’t buy from this seller","Product was faulty doesn’t work what a scam",true,1,8,"18","B089NQPTSN","Xbox 360E",false,0,"USD",0,0,0,124,4,"https://www.amazon.com/dp/B089NQPTSN","496.00",false,false,false,false,"JOVNO for Xbox 360 E Power Supply Brick with Power Cord, AC Adapter Power Supply Charge for Microsoft Xbox 360 E Console, ...","https://m.media-amazon.com/images/I/61PKj+tou8L._AC_UY218_.jpg"
"R3STFQ9099I4WO","Reviewed in the United States on February 17, 2021",1,"Does not work","Does not work. Returning it.",true,1,8,"18","B089NQPTSN","Xbox 360E",false,0,"USD",0,0,0,124,4,"https://www.amazon.com/dp/B089NQPTSN","496.00",false,false,false,false,"JOVNO for Xbox 360 E Power Supply Brick with Power Cord, AC Adapter Power Supply Charge for Microsoft Xbox 360 E Console, ...","https://m.media-amazon.com/images/I/61PKj+tou8L._AC_UY218_.jpg"
"R14SGUZCUIYAYK","Reviewed in the United States on October 22, 2021",5,"A must if you own more then one Xbox Series Devices","I own a Series X and a Series S, very handy to load games from one room to other without moving a Xbox.Simple plug and play",true,1,9,"19","B01065S79E","Xbox 360E",true,84.99,"USD",109.99,25,22.73,48834,4.8,"https://www.amazon.com/dp/B01065S79E","234403.20",false,false,true,false,"Sponsored Ad - Seagate STEA2000403 Game Drive for Xbox STEA2000403-Hard 2 TB-USB 3.0-Green, 2TB","https://m.media-amazon.com/images/I/810ojt3yChL._AC_UY218_.jpg"
"RP5HT9B6XEFIT","Reviewed in the United States on October 22, 2021",4,"Game Memory","Works as intended. Should have been a 2T for the price I’m paying.",true,1,9,"19","B01065S79E","Xbox 360E",true,84.99,"USD",109.99,25,22.73,48834,4.8,"https://www.amazon.com/dp/B01065S79E","234403.20",false,false,true,false,"Sponsored Ad - Seagate STEA2000403 Game Drive for Xbox STEA2000403-Hard 2 TB-USB 3.0-Green, 2TB","https://m.media-amazon.com/images/I/810ojt3yChL._AC_UY218_.jpg"
"R28UCTWYPK4N3E","Reviewed in the United States on October 22, 2021",4,"Works but expensive","Works but expensive otherwise would give 5 stars",true,1,9,"19","B01065S79E","Xbox 360E",true,84.99,"USD",109.99,25,22.73,48834,4.8,"https://www.amazon.com/dp/B01065S79E","234403.20",false,false,true,false,"Sponsored Ad - Seagate STEA2000403 Game Drive for Xbox STEA2000403-Hard 2 TB-USB 3.0-Green, 2TB","https://m.media-amazon.com/images/I/810ojt3yChL._AC_UY218_.jpg"
"RCH6HCZPVHCWP","Reviewed in the United States on October 21, 2021",5,"Seagate Game Drive 🔥","It’s fast and works perfect 👍",true,1,9,"19","B01065S79E","Xbox 360E",true,84.99,"USD",109.99,25,22.73,48834,4.8,"https://www.amazon.com/dp/B01065S79E","234403.20",false,false,true,false,"Sponsored Ad - Seagate STEA2000403 Game Drive for Xbox STEA2000403-Hard 2 TB-USB 3.0-Green, 2TB","https://m.media-amazon.com/images/I/810ojt3yChL._AC_UY218_.jpg"
"R2JAFTVC7NIGVE","Reviewed in the United States on October 21, 2021",5,"Useful Tool","I bought this thinking I needed to transfer files from old Xbox One to new Xbox One X but found out all files are uploaded to cloud. I later use this to store games that I normally install/uninstall so I placed a few favorite games I'll replay w/o the hassle of either choice. I was able to store games like Dead or Alive 5 Last Round w/ 507 characters + costumes which on internal hard drive will cause a slow lag so it was store on this external hard drive instead and Dead or Alive 6 w/ 217 characters + costumes. I read reviews on external hard drive with pros and cons so it's no big deal if it messes up later or last a lifetime.",true,1,9,"19","B01065S79E","Xbox 360E",true,84.99,"USD",109.99,25,22.73,48834,4.8,"https://www.amazon.com/dp/B01065S79E","234403.20",false,false,true,false,"Sponsored Ad - Seagate STEA2000403 Game Drive for Xbox STEA2000403-Hard 2 TB-USB 3.0-Green, 2TB","https://m.media-amazon.com/images/I/810ojt3yChL._AC_UY218_.jpg"
"R2E2ZSOK69A0TP","Reviewed in the United States on October 20, 2021",5,"Great product","This is a very solid product! Worth the money. It is state of the art and has its own built in heat sink. That’s amazing. One thing I don’t like is the packaging. It’s just sitting there and it isn’t even locked into place or fastened down. It will just fall right out of the package without warning. Be careful everyone. For such a pricey item, it should at least be in a plastic inset that holds it into place.",true,1,9,"19","B01065S79E","Xbox 360E",true,84.99,"USD",109.99,25,22.73,48834,4.8,"https://www.amazon.com/dp/B01065S79E","234403.20",false,false,true,false,"Sponsored Ad - Seagate STEA2000403 Game Drive for Xbox STEA2000403-Hard 2 TB-USB 3.0-Green, 2TB","https://m.media-amazon.com/images/I/810ojt3yChL._AC_UY218_.jpg"
"R256RRT2938AL1","Reviewed in the United States on October 20, 2021",4,"Works Great But","works great but it want let you play some newer games on it. It says you can download them to it but you have to move them over to your Xbox internal storage but other than that it works great on all other games.",true,1,9,"19","B01065S79E","Xbox 360E",true,84.99,"USD",109.99,25,22.73,48834,4.8,"https://www.amazon.com/dp/B01065S79E","234403.20",false,false,true,false,"Sponsored Ad - Seagate STEA2000403 Game Drive for Xbox STEA2000403-Hard 2 TB-USB 3.0-Green, 2TB","https://m.media-amazon.com/images/I/810ojt3yChL._AC_UY218_.jpg"
"R2F1GAP4JBNJEH","Reviewed in the United States on October 20, 2021",5,"It's exactly what you think it is","Way too expensive but increases internal storage capacity for the Xbox series x by 1tb.. essential if you're running the latest games.",true,1,9,"19","B01065S79E","Xbox 360E",true,84.99,"USD",109.99,25,22.73,48834,4.8,"https://www.amazon.com/dp/B01065S79E","234403.20",false,false,true,false,"Sponsored Ad - Seagate STEA2000403 Game Drive for Xbox STEA2000403-Hard 2 TB-USB 3.0-Green, 2TB","https://m.media-amazon.com/images/I/810ojt3yChL._AC_UY218_.jpg"
"R1ZMQI71C2NCSC","Reviewed in the United States on October 20, 2021",5,"Good","Exactly wat we needed",true,1,9,"19","B01065S79E","Xbox 360E",true,84.99,"USD",109.99,25,22.73,48834,4.8,"https://www.amazon.com/dp/B01065S79E","234403.20",false,false,true,false,"Sponsored Ad - Seagate STEA2000403 Game Drive for Xbox STEA2000403-Hard 2 TB-USB 3.0-Green, 2TB","https://m.media-amazon.com/images/I/810ojt3yChL._AC_UY218_.jpg"
"R1ZM4GJCT6VT9V","Reviewed in the United States on October 20, 2021",4,"Fast But Weird Setup","I was really wanting this from the time I bought my Xbox Series X and finally got it. 1 terabyte is just not enough storage, and frankly, this additional terabyte hardly slakes my thirst for more storage. Games are getting so big, now, I may still have to add USB storage.This device is fast. Load times are noticeably faster. But the set up is weird. The instructions come in the way of a simple graphical sheet that seems to indicate you just plug it in, so I did what most people would do and powered down my unit and plugged this in. After powering up, I transferred some of my games and apps from the internal drive to this without problem.However, when I went to play a game or start an app that I had transferred to the Seagate, I got an error that it would not run. After some sleuthing online, I found someone in a forum relating that he was told to leave the power on while plugging in the device. So I powered down the Xbox, took the Seagate out, powered up the Xbox, and while powered up, crossed my fingers and plugged in the Seagate.All was right in the world and it's been working fine ever since.",true,1,9,"19","B01065S79E","Xbox 360E",true,84.99,"USD",109.99,25,22.73,48834,4.8,"https://www.amazon.com/dp/B01065S79E","234403.20",false,false,true,false,"Sponsored Ad - Seagate STEA2000403 Game Drive for Xbox STEA2000403-Hard 2 TB-USB 3.0-Green, 2TB","https://m.media-amazon.com/images/I/810ojt3yChL._AC_UY218_.jpg"
"R2UF25VJ4UCICF","Reviewed in the United States on October 22, 2021",5,"Best vr headset","We had the occlusion rift s first and had issues with computer compatibility so we couldn't play it.Charged after we out of the box and my son has been playing it ever since. Great graphics great audio great immersion.We love it",true,1,11,"111","B099VMT8VZ","Xbox 360E",false,299,"USD",0,0,0,2176,4.7,"https://www.amazon.com/dp/B099VMT8VZ","10227.20",false,false,false,false,"Oculus Quest 2 — Advanced All-In-One Virtual Reality Headset — 128 GB","https://m.media-amazon.com/images/I/615YaAiA-ML._AC_UY218_.jpg"
"R1Q2I1DKW288RP","Reviewed in the United States on October 22, 2021",5,"most important? Is Super Cool important :)","i had been looking into VR, but buying an entire game system and then a VR separate was a bit much...this is all I need...super easy setup, super cool and super fun...lots of different games and stuff to try out...i love this",true,1,11,"111","B099VMT8VZ","Xbox 360E",false,299,"USD",0,0,0,2176,4.7,"https://www.amazon.com/dp/B099VMT8VZ","10227.20",false,false,false,false,"Oculus Quest 2 — Advanced All-In-One Virtual Reality Headset — 128 GB","https://m.media-amazon.com/images/I/615YaAiA-ML._AC_UY218_.jpg"
"R18PP2CVBKKVS7","Reviewed in the United States on October 22, 2021",5,"WOW!","I am absolutely in love with this product. I would recommend 100% to anyone and everyone. I have never tried anything so fun and that seemed so real. Love love love this product!!",true,1,11,"111","B099VMT8VZ","Xbox 360E",false,299,"USD",0,0,0,2176,4.7,"https://www.amazon.com/dp/B099VMT8VZ","10227.20",false,false,false,false,"Oculus Quest 2 — Advanced All-In-One Virtual Reality Headset — 128 GB","https://m.media-amazon.com/images/I/615YaAiA-ML._AC_UY218_.jpg"
"R3ADIGESZK60IK","Reviewed in the United States on October 22, 2021",5,"2nd one","Too much fun for just one, if you have several kids or grandkids or still a kid yourself LOL...you'll need more then one if you don't like to share.",true,1,11,"111","B099VMT8VZ","Xbox 360E",false,299,"USD",0,0,0,2176,4.7,"https://www.amazon.com/dp/B099VMT8VZ","10227.20",false,false,false,false,"Oculus Quest 2 — Advanced All-In-One Virtual Reality Headset — 128 GB","https://m.media-amazon.com/images/I/615YaAiA-ML._AC_UY218_.jpg"
"RV2QUHKLEE9K9","Reviewed in the United States on October 21, 2021",3,"Not great, not terrible","Oculus Quest 2 is really great if your intention is just to play Beat Saber all day. But the reality is that practically speaking, it's a lower resolution and lower tier VR experience. Facebook's own Horizon Workspaces doesn't work very well on the Quest 2, because it has low resolution and trying to focus your eyes on your computer screen in VR Is not very fun. Immersed (another VR workspace app) is okay, and low enough latency for decent work in VR but the resolution of the Quest 2 will still bite you.Apps like YouTube VR are okay, because the screen is practically at the optimized FOV convergence point. But the reality is that the display is so low resolution that 360 videos kinda don't look great on the display anyway. It's really a shame.A different head strap is mandatory. This hurts a TON after wearing it for any extended period of time. Impressively bad head strap. Will leave red marks on your face.Finally, the biggest thing I haven't mentioned is that the device itself runs Android, and it's a pretty low powered android device. Unfortunately, this means that apps like YouTube VR can lag and stutter, which really sucks more in VR than any other device. In VR, lag and stuttering means that your view suddenly freezes, which immediately creates motion sickness. Not great.But it's an okay first experience for VR. It's a great Beat Saber machine. For anything other than Beat Saber, you're probably better off waiting for the Quest 3 or getting a different VR headset with higher resolution displays and better FOV lenses.",true,1,11,"111","B099VMT8VZ","Xbox 360E",false,299,"USD",0,0,0,2176,4.7,"https://www.amazon.com/dp/B099VMT8VZ","10227.20",false,false,false,false,"Oculus Quest 2 — Advanced All-In-One Virtual Reality Headset — 128 GB","https://m.media-amazon.com/images/I/615YaAiA-ML._AC_UY218_.jpg"
"RQ7J4YAX72GEX","Reviewed in the United States on October 21, 2021",5,"Awesome buy","Great product and my child is having so much fun",true,1,11,"111","B099VMT8VZ","Xbox 360E",false,299,"USD",0,0,0,2176,4.7,"https://www.amazon.com/dp/B099VMT8VZ","10227.20",false,false,false,false,"Oculus Quest 2 — Advanced All-In-One Virtual Reality Headset — 128 GB","https://m.media-amazon.com/images/I/615YaAiA-ML._AC_UY218_.jpg"
"R3UI42X654VKU9","Reviewed in the United States on October 21, 2021",5,"Now that is next level of technology!","This device really worth every cent! 128gb model is optimal for anything. It is light and image is super clear. Also very realistic.",true,1,11,"111","B099VMT8VZ","Xbox 360E",false,299,"USD",0,0,0,2176,4.7,"https://www.amazon.com/dp/B099VMT8VZ","10227.20",false,false,false,false,"Oculus Quest 2 — Advanced All-In-One Virtual Reality Headset — 128 GB","https://m.media-amazon.com/images/I/615YaAiA-ML._AC_UY218_.jpg"
"R18VPBTQH3JAN8","Reviewed in the United States on October 21, 2021",4,"I love this thing","This is the best tech I have bought in ages. Life-changing. I love the games, but the physical activity it has added to my day is priceless.",true,1,11,"111","B099VMT8VZ","Xbox 360E",false,299,"USD",0,0,0,2176,4.7,"https://www.amazon.com/dp/B099VMT8VZ","10227.20",false,false,false,false,"Oculus Quest 2 — Advanced All-In-One Virtual Reality Headset — 128 GB","https://m.media-amazon.com/images/I/615YaAiA-ML._AC_UY218_.jpg"
"R2NBJPGXCZ4P6M","Reviewed in the United States on October 21, 2021",5,"Awesome","My son plays it all the time, it’s great that you could play from an app on the phone!",true,1,11,"111","B099VMT8VZ","Xbox 360E",false,299,"USD",0,0,0,2176,4.7,"https://www.amazon.com/dp/B099VMT8VZ","10227.20",false,false,false,false,"Oculus Quest 2 — Advanced All-In-One Virtual Reality Headset — 128 GB","https://m.media-amazon.com/images/I/615YaAiA-ML._AC_UY218_.jpg"
"RDO37W1PEE7UP","Reviewed in the United States on October 21, 2021",4,"Good quality headset, downside of requiring facebook login tho","The headset is very well done. The hardware is very well done, the item is well priced. I have not tried the headset without the Oculus Link cable yet, most of my hours are with a PC. I am giving it a 4 star though because it does require a Facebook account link, otherwise the headset is completely useless.",true,1,11,"111","B099VMT8VZ","Xbox 360E",false,299,"USD",0,0,0,2176,4.7,"https://www.amazon.com/dp/B099VMT8VZ","10227.20",false,false,false,false,"Oculus Quest 2 — Advanced All-In-One Virtual Reality Headset — 128 GB","https://m.media-amazon.com/images/I/615YaAiA-ML._AC_UY218_.jpg"
"R1G6FN26JM8VM9","Reviewed in the United States on October 22, 2021",1,"A computer chip sliding around in a metal case","Haven't even tried to use yet.It's basically a chip that resembles a computer memory chip, sliding around loose in a little metal case.NOT what I was expecting based on description and photos when ordered.When I do decide to try it. I hope it works as advertised.Bought to be used as additional external storage for XB1",true,1,12,"112","B008TP1OKI","Xbox 360E",false,0,"USD",0,0,0,4011,4.5,"https://www.amazon.com/dp/B008TP1OKI","18049.50",false,false,false,false,"250GB 250G Internal HDD Hard Drive Disk Disc for Xbox 360 S Slim Games","https://m.media-amazon.com/images/I/31cacgNHGYL._AC_UY218_.jpg"
"R1LAJBRPIDKJF5","Reviewed in the United States on September 18, 2021",1,"Misleading","This does not work with original xbox games on the 360. it is not official hardware and cannot run those games like every other hard drives",true,1,12,"112","B008TP1OKI","Xbox 360E",false,0,"USD",0,0,0,4011,4.5,"https://www.amazon.com/dp/B008TP1OKI","18049.50",false,false,false,false,"250GB 250G Internal HDD Hard Drive Disk Disc for Xbox 360 S Slim Games","https://m.media-amazon.com/images/I/31cacgNHGYL._AC_UY218_.jpg"
"R11QMM7WQVZAHM","Reviewed in the United States on September 14, 2021",5,"Hard drive for xbox 360","It works perfectly",true,1,12,"112","B008TP1OKI","Xbox 360E",false,0,"USD",0,0,0,4011,4.5,"https://www.amazon.com/dp/B008TP1OKI","18049.50",false,false,false,false,"250GB 250G Internal HDD Hard Drive Disk Disc for Xbox 360 S Slim Games","https://m.media-amazon.com/images/I/31cacgNHGYL._AC_UY218_.jpg"
"R1ILP3LHM8IILO","Reviewed in the United States on September 2, 2021",2,"Advertised at 500Gb only comes with 460GB","Misleading information states it’s 500GB but when installed it only has 460GB of free space. Why lie??",true,1,12,"112","B008TP1OKI","Xbox 360E",false,0,"USD",0,0,0,4011,4.5,"https://www.amazon.com/dp/B008TP1OKI","18049.50",false,false,false,false,"250GB 250G Internal HDD Hard Drive Disk Disc for Xbox 360 S Slim Games","https://m.media-amazon.com/images/I/31cacgNHGYL._AC_UY218_.jpg"
"RIOYUGA59E88V","Reviewed in the United States on August 29, 2021",4,"Great unit","...lucky for YouTube, I knew how to install....unit is great as advertised. However, came loose in a box with no attached information or receipt.. the 4 stars are for the unit only. Whomever packaged, shipped and sold it... That's another matter...also, it was late arriving by a day. But, the driver who delivered the item was very nice.",true,1,12,"112","B008TP1OKI","Xbox 360E",false,0,"USD",0,0,0,4011,4.5,"https://www.amazon.com/dp/B008TP1OKI","18049.50",false,false,false,false,"250GB 250G Internal HDD Hard Drive Disk Disc for Xbox 360 S Slim Games","https://m.media-amazon.com/images/I/31cacgNHGYL._AC_UY218_.jpg"
"R29T7U5QWJ2QF","Reviewed in the United States on August 28, 2021",2,"NOT MICROSOFT ITEM","If you are trying to run backwards compatibility- THIS ITEM WILL NOT DO IT.You need to buy the Microsoft item which has ""xbox 360"" across where the pull tab is. The OEM is also like 50-75 bucks more and semi hard to come by",true,1,12,"112","B008TP1OKI","Xbox 360E",false,0,"USD",0,0,0,4011,4.5,"https://www.amazon.com/dp/B008TP1OKI","18049.50",false,false,false,false,"250GB 250G Internal HDD Hard Drive Disk Disc for Xbox 360 S Slim Games","https://m.media-amazon.com/images/I/31cacgNHGYL._AC_UY218_.jpg"
"R21YPHXIWEAVBB","Reviewed in the United States on August 23, 2021",1,"Does not work with Xbox original games","I bought this hard drive for my Xbox 360, because mine originally did not come with one, and I want to play my classic Xbox games. But, low and behold, it doesn’t work, and I no longer have the original box. Waste of money",true,1,12,"112","B008TP1OKI","Xbox 360E",false,0,"USD",0,0,0,4011,4.5,"https://www.amazon.com/dp/B008TP1OKI","18049.50",false,false,false,false,"250GB 250G Internal HDD Hard Drive Disk Disc for Xbox 360 S Slim Games","https://m.media-amazon.com/images/I/31cacgNHGYL._AC_UY218_.jpg"
"R3V25IV3V7W3UO","Reviewed in the United States on August 18, 2021",5,"Damn!","I should've bought this sooner!",true,1,12,"112","B008TP1OKI","Xbox 360E",false,0,"USD",0,0,0,4011,4.5,"https://www.amazon.com/dp/B008TP1OKI","18049.50",false,false,false,false,"250GB 250G Internal HDD Hard Drive Disk Disc for Xbox 360 S Slim Games","https://m.media-amazon.com/images/I/31cacgNHGYL._AC_UY218_.jpg"
"R2A8SQLJOF6HKH","Reviewed in the United States on August 14, 2021",3,"IS NOT BACKWARDS COMPATIBLE!","Great hard drive. However, since it’s not an official Microsoft hard drive it will not allow you to play original Xbox games on your 360.",true,1,12,"112","B008TP1OKI","Xbox 360E",false,0,"USD",0,0,0,4011,4.5,"https://www.amazon.com/dp/B008TP1OKI","18049.50",false,false,false,false,"250GB 250G Internal HDD Hard Drive Disk Disc for Xbox 360 S Slim Games","https://m.media-amazon.com/images/I/31cacgNHGYL._AC_UY218_.jpg"
"R2716GR6O82N61","Reviewed in the United States on August 13, 2021",5,"worked perfectly for my XBOX 360 E","worked perfectly for my XBOX 360 E",true,1,12,"112","B008TP1OKI","Xbox 360E",false,0,"USD",0,0,0,4011,4.5,"https://www.amazon.com/dp/B008TP1OKI","18049.50",false,false,false,false,"250GB 250G Internal HDD Hard Drive Disk Disc for Xbox 360 S Slim Games","https://m.media-amazon.com/images/I/31cacgNHGYL._AC_UY218_.jpg"
"R168T4TPYVVEZV","Reviewed in the United States on October 17, 2021",5,"Doing the job","Works well with my PS4 pro.Cheaper than office Depot",true,1,13,"113","B0928LMHJ4","Xbox 360E",false,0,"USD",0,0,0,1062,4.7,"https://www.amazon.com/dp/B0928LMHJ4","4991.40",false,false,false,false,"4FT 2 Prong AC Power Cord Cable Compatible with Sony PS4 Pro Playstation 4 Pro, Xbox One, Xbox 360 Slim, 360 E","https://m.media-amazon.com/images/I/51kznA-hWHL._AC_UY218_.jpg"
"R36P8UFXDA1112","Reviewed in the United States on October 12, 2021",5,"Good","Good",true,1,13,"113","B0928LMHJ4","Xbox 360E",false,0,"USD",0,0,0,1062,4.7,"https://www.amazon.com/dp/B0928LMHJ4","4991.40",false,false,false,false,"4FT 2 Prong AC Power Cord Cable Compatible with Sony PS4 Pro Playstation 4 Pro, Xbox One, Xbox 360 Slim, 360 E","https://m.media-amazon.com/images/I/51kznA-hWHL._AC_UY218_.jpg"
"R14R9V1W9EIOPU","Reviewed in the United States on October 7, 2021",5,"F*^k yes","Works perfect for my ps4 pro",true,1,13,"113","B0928LMHJ4","Xbox 360E",false,0,"USD",0,0,0,1062,4.7,"https://www.amazon.com/dp/B0928LMHJ4","4991.40",false,false,false,false,"4FT 2 Prong AC Power Cord Cable Compatible with Sony PS4 Pro Playstation 4 Pro, Xbox One, Xbox 360 Slim, 360 E","https://m.media-amazon.com/images/I/51kznA-hWHL._AC_UY218_.jpg"
"R20EG1JYTFI5TG","Reviewed in the United States on September 5, 2021",5,"Worked like a charm","The cord worked like it was suppose to and fit the Xbox power box.",true,1,13,"113","B0928LMHJ4","Xbox 360E",false,0,"USD",0,0,0,1062,4.7,"https://www.amazon.com/dp/B0928LMHJ4","4991.40",false,false,false,false,"4FT 2 Prong AC Power Cord Cable Compatible with Sony PS4 Pro Playstation 4 Pro, Xbox One, Xbox 360 Slim, 360 E","https://m.media-amazon.com/images/I/51kznA-hWHL._AC_UY218_.jpg"
"R1IP05PMEXETCU","Reviewed in the United States on August 24, 2021",5,"If only people would look at their product for compatibility before they ordered this...","It's a power cable, it works perfectly. The bigger thing is that people should actually look at the back of their ps4 pro before they order something they think will work. It's very clear that this is for early versions of the ps4 pro, and did you honestly think that this large thing would fit in the small slot?",true,1,13,"113","B0928LMHJ4","Xbox 360E",false,0,"USD",0,0,0,1062,4.7,"https://www.amazon.com/dp/B0928LMHJ4","4991.40",false,false,false,false,"4FT 2 Prong AC Power Cord Cable Compatible with Sony PS4 Pro Playstation 4 Pro, Xbox One, Xbox 360 Slim, 360 E","https://m.media-amazon.com/images/I/51kznA-hWHL._AC_UY218_.jpg"
"R1G11MGQWGQGNL","Reviewed in the United States on July 31, 2021",5,"Perfect replacement cord","Works perfect. Not any more you could ask for…replaced lost PS4 Pro cord",true,1,13,"113","B0928LMHJ4","Xbox 360E",false,0,"USD",0,0,0,1062,4.7,"https://www.amazon.com/dp/B0928LMHJ4","4991.40",false,false,false,false,"4FT 2 Prong AC Power Cord Cable Compatible with Sony PS4 Pro Playstation 4 Pro, Xbox One, Xbox 360 Slim, 360 E","https://m.media-amazon.com/images/I/51kznA-hWHL._AC_UY218_.jpg"
"R3RZ7CUTBWSY92","Reviewed in the United States on July 24, 2021",5,"Works. Great","Has been working great",true,1,13,"113","B0928LMHJ4","Xbox 360E",false,0,"USD",0,0,0,1062,4.7,"https://www.amazon.com/dp/B0928LMHJ4","4991.40",false,false,false,false,"4FT 2 Prong AC Power Cord Cable Compatible with Sony PS4 Pro Playstation 4 Pro, Xbox One, Xbox 360 Slim, 360 E","https://m.media-amazon.com/images/I/51kznA-hWHL._AC_UY218_.jpg"
"R29MYLS9BK8B9E","Reviewed in the United States on June 13, 2021",1,"This is the wrong PC for PS4 Pro 7200+ Series","This particular cord is NOT for all Ps4 Pro.They need to state the newer PS4 Pro models require a different cord than the older PS4 Pro Models. Models 7200+This particular power cord is the one needed for the 7200 Series-https://www.amazon.com/Listed-Playstation-CUH-7200-2-Slot-Replacement/dp/B08TZSS8H1They need to fix their advertising .",true,1,13,"113","B0928LMHJ4","Xbox 360E",false,0,"USD",0,0,0,1062,4.7,"https://www.amazon.com/dp/B0928LMHJ4","4991.40",false,false,false,false,"4FT 2 Prong AC Power Cord Cable Compatible with Sony PS4 Pro Playstation 4 Pro, Xbox One, Xbox 360 Slim, 360 E","https://m.media-amazon.com/images/I/51kznA-hWHL._AC_UY218_.jpg"
"R2HTMTD63QOW43","Reviewed in the United States on June 13, 2021",5,"PS4 Pro, it's a go!!!!","I was having a hard time finding the right cord for my PS4 Pro. I ran across this cord and haven't looked back since... Thanks.",true,1,13,"113","B0928LMHJ4","Xbox 360E",false,0,"USD",0,0,0,1062,4.7,"https://www.amazon.com/dp/B0928LMHJ4","4991.40",false,false,false,false,"4FT 2 Prong AC Power Cord Cable Compatible with Sony PS4 Pro Playstation 4 Pro, Xbox One, Xbox 360 Slim, 360 E","https://m.media-amazon.com/images/I/51kznA-hWHL._AC_UY218_.jpg"
"R3Q7U9O5077N9E","Reviewed in the United States on June 5, 2021",5,"Good job","It does it’s job. We couldn’t find any in the stores nearby so that fact that it came in pretty quickly was a plus",true,1,13,"113","B0928LMHJ4","Xbox 360E",false,0,"USD",0,0,0,1062,4.7,"https://www.amazon.com/dp/B0928LMHJ4","4991.40",false,false,false,false,"4FT 2 Prong AC Power Cord Cable Compatible with Sony PS4 Pro Playstation 4 Pro, Xbox One, Xbox 360 Slim, 360 E","https://m.media-amazon.com/images/I/51kznA-hWHL._AC_UY218_.jpg"
"R3EG6DGW4T9CL6","Reviewed in the United States on October 11, 2021",5,"Great product, confusing installation","Great hard drive, absolutely love how much memory it holds. That being said, it was hard to find where to install it, the panel is nearly invisible. Had to watch a video to find it, but it was as simple to install as it is to put in a game cartridge",true,1,14,"114","B00JPBFC8U","Xbox 360E",false,0,"USD",0,0,0,1989,4.6,"https://www.amazon.com/dp/B00JPBFC8U","9149.40",false,false,false,false,"500GB 500G HDD Internal Hard Drive for Xbox360 E xbox360 Slim Console.","https://m.media-amazon.com/images/I/61ttaBGPvoL._AC_UY218_.jpg"
"R2QS1A3AZ788IY","Reviewed in the United States on September 15, 2021",5,"One happy momma","My son is happy so momma is happy",true,1,14,"114","B00JPBFC8U","Xbox 360E",false,0,"USD",0,0,0,1989,4.6,"https://www.amazon.com/dp/B00JPBFC8U","9149.40",false,false,false,false,"500GB 500G HDD Internal Hard Drive for Xbox360 E xbox360 Slim Console.","https://m.media-amazon.com/images/I/61ttaBGPvoL._AC_UY218_.jpg"
"R5JTTPHBO14RW","Reviewed in the United States on September 10, 2021",5,"Good","Is good cause price and storage",true,1,14,"114","B00JPBFC8U","Xbox 360E",false,0,"USD",0,0,0,1989,4.6,"https://www.amazon.com/dp/B00JPBFC8U","9149.40",false,false,false,false,"500GB 500G HDD Internal Hard Drive for Xbox360 E xbox360 Slim Console.","https://m.media-amazon.com/images/I/61ttaBGPvoL._AC_UY218_.jpg"
"R1SQQYZ8L5K68J","Reviewed in the United States on August 20, 2021",5,"Definitely a smart decision. Working as expected.","Looked to upgrade our Xbox 360 HD (OEM 4GB) and went with this 500GB HD. Purchased this item and it was easy to install and so far, as of Aug 2021, no issues. Still very happy.",true,1,14,"114","B00JPBFC8U","Xbox 360E",false,0,"USD",0,0,0,1989,4.6,"https://www.amazon.com/dp/B00JPBFC8U","9149.40",false,false,false,false,"500GB 500G HDD Internal Hard Drive for Xbox360 E xbox360 Slim Console.","https://m.media-amazon.com/images/I/61ttaBGPvoL._AC_UY218_.jpg"
"R2UCEQVD0N8NYR","Reviewed in the United States on August 16, 2021",5,"Buena compra me funcionó el juego de Battlefield","Excelente",true,1,14,"114","B00JPBFC8U","Xbox 360E",false,0,"USD",0,0,0,1989,4.6,"https://www.amazon.com/dp/B00JPBFC8U","9149.40",false,false,false,false,"500GB 500G HDD Internal Hard Drive for Xbox360 E xbox360 Slim Console.","https://m.media-amazon.com/images/I/61ttaBGPvoL._AC_UY218_.jpg"
"R3AZ41R2EWATS3","Reviewed in the United States on July 28, 2021",5,"Great","Great",true,1,14,"114","B00JPBFC8U","Xbox 360E",false,0,"USD",0,0,0,1989,4.6,"https://www.amazon.com/dp/B00JPBFC8U","9149.40",false,false,false,false,"500GB 500G HDD Internal Hard Drive for Xbox360 E xbox360 Slim Console.","https://m.media-amazon.com/images/I/61ttaBGPvoL._AC_UY218_.jpg"
"R1KUGHI7XHOL37","Reviewed in the United States on July 23, 2021",5,"great","worked amazingly well.",true,1,14,"114","B00JPBFC8U","Xbox 360E",false,0,"USD",0,0,0,1989,4.6,"https://www.amazon.com/dp/B00JPBFC8U","9149.40",false,false,false,false,"500GB 500G HDD Internal Hard Drive for Xbox360 E xbox360 Slim Console.","https://m.media-amazon.com/images/I/61ttaBGPvoL._AC_UY218_.jpg"
"R1D4R6G8IK4K3Z","Reviewed in the United States on July 21, 2021",4,"Ok","Was ok, but when I installed it into my Xbox 360, non of my Xbox games would play which was the reason I bought it. My Xbox 360 games would play but not the Xbox games",true,1,14,"114","B00JPBFC8U","Xbox 360E",false,0,"USD",0,0,0,1989,4.6,"https://www.amazon.com/dp/B00JPBFC8U","9149.40",false,false,false,false,"500GB 500G HDD Internal Hard Drive for Xbox360 E xbox360 Slim Console.","https://m.media-amazon.com/images/I/61ttaBGPvoL._AC_UY218_.jpg"
"R3RVQ74RA83JQ9","Reviewed in the United States on June 27, 2021",5,"Must read while review very important","Just plug it in to the side of the Xbox 360 slim. It cant be some hard drive for a laptop an xbox 360 compatible drive it has to be. Now if your xbox disk drive dies you cant replace it with another drive it has to be the one the xbox had in it originally. Microsoft made xbox's insides only compatible with each console they came with in other words if you buy a toyota you cant put parts from a mercedes in the toyota. So if your xbox dies throw in it the trash and get another one.",true,1,14,"114","B00JPBFC8U","Xbox 360E",false,0,"USD",0,0,0,1989,4.6,"https://www.amazon.com/dp/B00JPBFC8U","9149.40",false,false,false,false,"500GB 500G HDD Internal Hard Drive for Xbox360 E xbox360 Slim Console.","https://m.media-amazon.com/images/I/61ttaBGPvoL._AC_UY218_.jpg"
"R1V8W7KU5PJ10P","Reviewed in the United States on May 30, 2021",3,"Works fine…but it’s very slow","The hard drive is very slow.",true,1,14,"114","B00JPBFC8U","Xbox 360E",false,0,"USD",0,0,0,1989,4.6,"https://www.amazon.com/dp/B00JPBFC8U","9149.40",false,false,false,false,"500GB 500G HDD Internal Hard Drive for Xbox360 E xbox360 Slim Console.","https://m.media-amazon.com/images/I/61ttaBGPvoL._AC_UY218_.jpg"
"cr-translate-1615290729",,,"","",false,1,15,"115","B00B98HF1O","Xbox 360E",false,0,"USD",0,0,0,2636,4.7,"https://www.amazon.com/dp/B00B98HF1O","12389.20",false,false,false,false,"Lego: Marvel Super Heroes, XBOX 360","https://m.media-amazon.com/images/I/51rQJ6ODN8L._AC_UY218_.jpg"
"R1DPA3AYU8PK5P","Reviewed in the United States on July 21, 2021",5,"Satisfied","Just as described",true,1,15,"115","B00B98HF1O","Xbox 360E",false,0,"USD",0,0,0,2636,4.7,"https://www.amazon.com/dp/B00B98HF1O","12389.20",false,false,false,false,"Lego: Marvel Super Heroes, XBOX 360","https://m.media-amazon.com/images/I/51rQJ6ODN8L._AC_UY218_.jpg"
"R1RQG3S8YSZOX0","Reviewed in the United States on July 4, 2021",5,"Satisfecho totalmente","Perfecto!!",true,1,15,"115","B00B98HF1O","Xbox 360E",false,0,"USD",0,0,0,2636,4.7,"https://www.amazon.com/dp/B00B98HF1O","12389.20",false,false,false,false,"Lego: Marvel Super Heroes, XBOX 360","https://m.media-amazon.com/images/I/51rQJ6ODN8L._AC_UY218_.jpg"
"RJKWS5N9TBQDS","Reviewed in the United States on June 28, 2021",5,"Perfect for 5 year old","I have a 5 year old autistic child and this game is perfect! He plays and passes levels on his own and stays entertained with this game for going on 6 months now! Normally he loses interest in games after a month. I have had to buy this game 3 times now due to him taking it out and putting it back in incorrectly but it’s worth the (repeated) purchase.",true,1,15,"115","B00B98HF1O","Xbox 360E",false,0,"USD",0,0,0,2636,4.7,"https://www.amazon.com/dp/B00B98HF1O","12389.20",false,false,false,false,"Lego: Marvel Super Heroes, XBOX 360","https://m.media-amazon.com/images/I/51rQJ6ODN8L._AC_UY218_.jpg"
"R1U8HT1HA9DX8G","Reviewed in the United States on June 13, 2021",3,"Disk covered in mildew","The disk was covered in some kind of mildew when it arrived. I was able to gently clean it which seemed to help and my player was able to download it to memory, so it’s okay but I found this distressing. If I were selling games, I would have taken this one off the sale rack.",true,1,15,"115","B00B98HF1O","Xbox 360E",false,0,"USD",0,0,0,2636,4.7,"https://www.amazon.com/dp/B00B98HF1O","12389.20",false,false,false,false,"Lego: Marvel Super Heroes, XBOX 360","https://m.media-amazon.com/images/I/51rQJ6ODN8L._AC_UY218_.jpg"
"R6THAQU1OY9LK","Reviewed in the United States on June 9, 2021",1,"Unreadable disc","Game appeared to be fine with no visible damage however upon trying to play the xbox could not read it. All other games read just fine. I'm just finding more comments like mines and wish i had thought to look before purchasing but i didnt think tho. Never had this happen with a game before.",true,1,15,"115","B00B98HF1O","Xbox 360E",false,0,"USD",0,0,0,2636,4.7,"https://www.amazon.com/dp/B00B98HF1O","12389.20",false,false,false,false,"Lego: Marvel Super Heroes, XBOX 360","https://m.media-amazon.com/images/I/51rQJ6ODN8L._AC_UY218_.jpg"
"R11DCA9SZEITD3","Reviewed in the United States on May 6, 2021",1,"Received a defective game","Waited weeks for this game and can’t even use it Cd came scratched. Every time I try to put it in for my son it says “ unreadable disc”",true,1,15,"115","B00B98HF1O","Xbox 360E",false,0,"USD",0,0,0,2636,4.7,"https://www.amazon.com/dp/B00B98HF1O","12389.20",false,false,false,false,"Lego: Marvel Super Heroes, XBOX 360","https://m.media-amazon.com/images/I/51rQJ6ODN8L._AC_UY218_.jpg"
"R8MYBYQ6SHQHJ","Reviewed in the United States on April 26, 2021",5,"Marvel-ous","Fun game. Bought as a gift and it's been played and enjoyed.",true,1,15,"115","B00B98HF1O","Xbox 360E",false,0,"USD",0,0,0,2636,4.7,"https://www.amazon.com/dp/B00B98HF1O","12389.20",false,false,false,false,"Lego: Marvel Super Heroes, XBOX 360","https://m.media-amazon.com/images/I/51rQJ6ODN8L._AC_UY218_.jpg"
"R2MRX7ERDJY60H","Reviewed in the United States on April 21, 2021",5,"Great entertainment for kids","My kids love playing this game.",true,1,15,"115","B00B98HF1O","Xbox 360E",false,0,"USD",0,0,0,2636,4.7,"https://www.amazon.com/dp/B00B98HF1O","12389.20",false,false,false,false,"Lego: Marvel Super Heroes, XBOX 360","https://m.media-amazon.com/images/I/51rQJ6ODN8L._AC_UY218_.jpg"
"R351423QTOZFH6","Reviewed in the United States on April 2, 2021",5,"Would buy more","Grandkids loved them",true,1,15,"115","B00B98HF1O","Xbox 360E",false,0,"USD",0,0,0,2636,4.7,"https://www.amazon.com/dp/B00B98HF1O","12389.20",false,false,false,false,"Lego: Marvel Super Heroes, XBOX 360","https://m.media-amazon.com/images/I/51rQJ6ODN8L._AC_UY218_.jpg"
"RBA60CIPU23BI","Reviewed in the United States on April 1, 2021",5,"very kool","its marvel them an legos are so kool an how legos did those games man",true,1,15,"115","B00B98HF1O","Xbox 360E",false,0,"USD",0,0,0,2636,4.7,"https://www.amazon.com/dp/B00B98HF1O","12389.20",false,false,false,false,"Lego: Marvel Super Heroes, XBOX 360","https://m.media-amazon.com/images/I/51rQJ6ODN8L._AC_UY218_.jpg"
"cr-translate-560244080",,,"","",false,1,16,"116","B07RYL2R83","Xbox 360E",false,0,"USD",0,0,0,28,4.5,"https://www.amazon.com/dp/B07RYL2R83","126.00",false,false,false,false,"SJ@JX Gold-Plated AV Cable for Xbox 360 E 70 Inch Black","https://m.media-amazon.com/images/I/61sjvUNKhZL._AC_UY218_.jpg"
"R2VKWDGWDONC20","Reviewed in the United States on April 9, 2020",5,"Useful","This cable saved the day. Glad it was delivered with care.",true,1,16,"116","B07RYL2R83","Xbox 360E",false,0,"USD",0,0,0,28,4.5,"https://www.amazon.com/dp/B07RYL2R83","126.00",false,false,false,false,"SJ@JX Gold-Plated AV Cable for Xbox 360 E 70 Inch Black","https://m.media-amazon.com/images/I/61sjvUNKhZL._AC_UY218_.jpg"
"R116PKQ53SP6QS","Reviewed in the United States on December 14, 2019",5,"Perfect","I bought it for a friend and he said it worked perfectly",true,1,16,"116","B07RYL2R83","Xbox 360E",false,0,"USD",0,0,0,28,4.5,"https://www.amazon.com/dp/B07RYL2R83","126.00",false,false,false,false,"SJ@JX Gold-Plated AV Cable for Xbox 360 E 70 Inch Black","https://m.media-amazon.com/images/I/61sjvUNKhZL._AC_UY218_.jpg"
"R15NQSO0D11I63","Reviewed in Mexico on January 11, 2021",,"Buen producto","cumple con su función, excelente producto 10/10",true,1,16,"116","B07RYL2R83","Xbox 360E",false,0,"USD",0,0,0,28,4.5,"https://www.amazon.com/dp/B07RYL2R83","126.00",false,false,false,false,"SJ@JX Gold-Plated AV Cable for Xbox 360 E 70 Inch Black","https://m.media-amazon.com/images/I/61sjvUNKhZL._AC_UY218_.jpg"
"R2FSY19P00PKU0","Reviewed in Mexico on April 24, 2020",,"Bueno","Cumple su función",true,1,16,"116","B07RYL2R83","Xbox 360E",false,0,"USD",0,0,0,28,4.5,"https://www.amazon.com/dp/B07RYL2R83","126.00",false,false,false,false,"SJ@JX Gold-Plated AV Cable for Xbox 360 E 70 Inch Black","https://m.media-amazon.com/images/I/61sjvUNKhZL._AC_UY218_.jpg"
"R2AY67LFRKYTX9","Reviewed in the United States on April 15, 2021",1,"Beware! Shipped with incorrect power cord.","Power cord was clearly not the right power cord rendering the power supply useless. The power cord was loose and did not fit the power brick! I will not buy from them again. The person who shipped this clearly knew about this problem. Way to go genius! The cord basically falls right out of the power brick!",true,1,17,"117","B00TEB76P8","Xbox 360E",true,38.99,"USD",49.41,10.42,21.09,111,4.5,"https://www.amazon.com/dp/B00TEB76P8","499.50",false,false,false,false,"Original Microsoft Xbox 360E Power Supply AC Adapter For Xbox 360 Elite w/ Power Cord","https://m.media-amazon.com/images/I/710J3-QfvgL._AC_UY218_.jpg"
"R56ZX8WP3NPR0","Reviewed in the United States on January 23, 2021",5,"Does what it is intended to do","If you need a new power box for your 360, I would recommend this one. I've had no problems with mine.",true,1,17,"117","B00TEB76P8","Xbox 360E",true,38.99,"USD",49.41,10.42,21.09,111,4.5,"https://www.amazon.com/dp/B00TEB76P8","499.50",false,false,false,false,"Original Microsoft Xbox 360E Power Supply AC Adapter For Xbox 360 Elite w/ Power Cord","https://m.media-amazon.com/images/I/710J3-QfvgL._AC_UY218_.jpg"
"RRJQK962ZBBQV","Reviewed in the United States on January 18, 2021",2,"Overheating and shutting down in every 10 min","Keep overheating and turning off on the first use I cant even play a full game without it shutting down",true,1,17,"117","B00TEB76P8","Xbox 360E",true,38.99,"USD",49.41,10.42,21.09,111,4.5,"https://www.amazon.com/dp/B00TEB76P8","499.50",false,false,false,false,"Original Microsoft Xbox 360E Power Supply AC Adapter For Xbox 360 Elite w/ Power Cord","https://m.media-amazon.com/images/I/710J3-QfvgL._AC_UY218_.jpg"
"R2LYY20HE450XR","Reviewed in the United States on May 20, 2020",1,"Disappointed-oh well...","Worked twice, about 10 minutes each time then didn’t work anymore. I guess you get what you pay for. Moving on....",true,1,17,"117","B00TEB76P8","Xbox 360E",true,38.99,"USD",49.41,10.42,21.09,111,4.5,"https://www.amazon.com/dp/B00TEB76P8","499.50",false,false,false,false,"Original Microsoft Xbox 360E Power Supply AC Adapter For Xbox 360 Elite w/ Power Cord","https://m.media-amazon.com/images/I/710J3-QfvgL._AC_UY218_.jpg"
"R10CR4HMLQ8U5R","Reviewed in the United States on October 8, 2019",5,"It works.","Works like a charm.",true,1,17,"117","B00TEB76P8","Xbox 360E",true,38.99,"USD",49.41,10.42,21.09,111,4.5,"https://www.amazon.com/dp/B00TEB76P8","499.50",false,false,false,false,"Original Microsoft Xbox 360E Power Supply AC Adapter For Xbox 360 Elite w/ Power Cord","https://m.media-amazon.com/images/I/710J3-QfvgL._AC_UY218_.jpg"
"RASTNA0Q0T36A","Reviewed in the United States on December 29, 2018",5,"None.","Love it",true,1,17,"117","B00TEB76P8","Xbox 360E",true,38.99,"USD",49.41,10.42,21.09,111,4.5,"https://www.amazon.com/dp/B00TEB76P8","499.50",false,false,false,false,"Original Microsoft Xbox 360E Power Supply AC Adapter For Xbox 360 Elite w/ Power Cord","https://m.media-amazon.com/images/I/710J3-QfvgL._AC_UY218_.jpg"
"R1VTMZBFFPVY2C","Reviewed in the United States on December 11, 2018",5,"That mercancy funtion good","Is not equal that the photo. But funtion good",true,1,17,"117","B00TEB76P8","Xbox 360E",true,38.99,"USD",49.41,10.42,21.09,111,4.5,"https://www.amazon.com/dp/B00TEB76P8","499.50",false,false,false,false,"Original Microsoft Xbox 360E Power Supply AC Adapter For Xbox 360 Elite w/ Power Cord","https://m.media-amazon.com/images/I/710J3-QfvgL._AC_UY218_.jpg"
"RRJJPHP651HV4","Reviewed in the United States on November 25, 2018",5,"Perfect","Perfect",true,1,17,"117","B00TEB76P8","Xbox 360E",true,38.99,"USD",49.41,10.42,21.09,111,4.5,"https://www.amazon.com/dp/B00TEB76P8","499.50",false,false,false,false,"Original Microsoft Xbox 360E Power Supply AC Adapter For Xbox 360 Elite w/ Power Cord","https://m.media-amazon.com/images/I/710J3-QfvgL._AC_UY218_.jpg"
"RSELHX0SGXQL4","Reviewed in the United States on October 11, 2018",5,"As expected","Came on time and works great.",true,1,17,"117","B00TEB76P8","Xbox 360E",true,38.99,"USD",49.41,10.42,21.09,111,4.5,"https://www.amazon.com/dp/B00TEB76P8","499.50",false,false,false,false,"Original Microsoft Xbox 360E Power Supply AC Adapter For Xbox 360 Elite w/ Power Cord","https://m.media-amazon.com/images/I/710J3-QfvgL._AC_UY218_.jpg"
"R21QH1ZD4KSNYC","Reviewed in the United States on April 20, 2018",5,"Awesome!","Came in sooner than expected and works great",true,1,17,"117","B00TEB76P8","Xbox 360E",true,38.99,"USD",49.41,10.42,21.09,111,4.5,"https://www.amazon.com/dp/B00TEB76P8","499.50",false,false,false,false,"Original Microsoft Xbox 360E Power Supply AC Adapter For Xbox 360 Elite w/ Power Cord","https://m.media-amazon.com/images/I/710J3-QfvgL._AC_UY218_.jpg"