"review.id","review.review_data","review.rating","review.title","review.review","review.verified_purchase","product.position.page","product.position.position","product.position.global_position","product.asin","product.keyword","product.price.discounted","product.price.current_price","product.price.currency","product.price.before_price","product.price.savings_amount","product.price.savings_percent","product.reviews.total_reviews","product.reviews.rating","product.url","product.score","product.sponsored","product.amazonChoice","product.bestSeller","product.amazonPrime","product.title","product.thumbnail"
"R1T0BM3R66L1XX","Reviewed in the United States on January 31, 2021",5,"Nothing","Good",true,1,2,"11","B082S2LYV1","playstation 5",false,0,"USD",0,0,0,30,4.4,"https://www.amazon.com/dp/B082S2LYV1","132.00",false,false,true,false,"Sony Playstation 5 Disk Edition Sony Playstation 5 Disk Edition…","https://m.media-amazon.com/images/I/61982vi8l4L._AC_UY218_.jpg"
"R2CMZTFMUN6NZD","Reviewed in the United States on December 30, 2020",5,"Everything Was Perfect!","I absolutely loved it ! Everything was sealed and in place when I got it ! And no scam !!! Thank the lord !!!! Thanks so much for everything ! My husband loved it ! Good quality everything was perfect !",true,1,2,"11","B082S2LYV1","playstation 5",false,0,"USD",0,0,0,30,4.4,"https://www.amazon.com/dp/B082S2LYV1","132.00",false,false,true,false,"Sony Playstation 5 Disk Edition Sony Playstation 5 Disk Edition…","https://m.media-amazon.com/images/I/61982vi8l4L._AC_UY218_.jpg"
"R3UNPF28XVPWLQ","Reviewed in the United States on October 21, 2021",1,"Not working","This headset will not stay connected",true,1,3,"12","B07BB3PYD8","playstation 5",true,29.98,"USD",39.99,10.01,25.03,25816,4.5,"https://www.amazon.com/dp/B07BB3PYD8","116172.00",false,false,false,false,"HyperX Cloud Stinger Core - Gaming Headset for PlayStation 4 and PlayStation 5, Over-Ear Wired Headset with Mic, Passive N...","https://m.media-amazon.com/images/I/512qH+i8PLS._AC_UY218_.jpg"
"R2EYQGA0YGDZH3","Reviewed in the United States on October 20, 2021",1,"Auto Off that can't be changed","Bought these for work annoying auto off feature that can't be turned off or disabled or changed in anyway. If you need a wireless headset for work and your call center has slow days keep moving!",true,1,3,"12","B07BB3PYD8","playstation 5",true,29.98,"USD",39.99,10.01,25.03,25816,4.5,"https://www.amazon.com/dp/B07BB3PYD8","116172.00",false,false,false,false,"HyperX Cloud Stinger Core - Gaming Headset for PlayStation 4 and PlayStation 5, Over-Ear Wired Headset with Mic, Passive N...","https://m.media-amazon.com/images/I/512qH+i8PLS._AC_UY218_.jpg"
"R38LBQA6AVBFQX","Reviewed in the United States on October 20, 2021",4,"Great bang for your buck!","This is an excellent headset for the price!!! The audio is very crisp, clean and the overall sound quality is much better than what I expected. Good build quality and the fact it plugs in to your controller is such a convenience. Highly recommended!!!!!",true,1,3,"12","B07BB3PYD8","playstation 5",true,29.98,"USD",39.99,10.01,25.03,25816,4.5,"https://www.amazon.com/dp/B07BB3PYD8","116172.00",false,false,false,false,"HyperX Cloud Stinger Core - Gaming Headset for PlayStation 4 and PlayStation 5, Over-Ear Wired Headset with Mic, Passive N...","https://m.media-amazon.com/images/I/512qH+i8PLS._AC_UY218_.jpg"
"R25EP6IHF6ZVGT","Reviewed in the United States on October 18, 2021",5,"My son loves it.","My son loves it great choice great value great product.",true,1,3,"12","B07BB3PYD8","playstation 5",true,29.98,"USD",39.99,10.01,25.03,25816,4.5,"https://www.amazon.com/dp/B07BB3PYD8","116172.00",false,false,false,false,"HyperX Cloud Stinger Core - Gaming Headset for PlayStation 4 and PlayStation 5, Over-Ear Wired Headset with Mic, Passive N...","https://m.media-amazon.com/images/I/512qH+i8PLS._AC_UY218_.jpg"
"R2W0RX2WACZYRM","Reviewed in the United States on October 15, 2021",4,"Good enough for the price","There are a ton of very similar headsets to this one on Amazon, and this one doesn't really stand out, but it works well enough. The cushions are a little stiff, but not enough to hurt after a few hours of use. I've used them for video games and online courses without any issues. I have a pretty average sized head; I wear a size 7-1/4 fitted hat. It'd be nice if it had a detachable microphone, but for under $30 it works just fine.",true,1,3,"12","B07BB3PYD8","playstation 5",true,29.98,"USD",39.99,10.01,25.03,25816,4.5,"https://www.amazon.com/dp/B07BB3PYD8","116172.00",false,false,false,false,"HyperX Cloud Stinger Core - Gaming Headset for PlayStation 4 and PlayStation 5, Over-Ear Wired Headset with Mic, Passive N...","https://m.media-amazon.com/images/I/512qH+i8PLS._AC_UY218_.jpg"
"R3AZYILBCRIKQU","Reviewed in the United States on October 15, 2021",5,"Great headset","Easy install, great sound, and very comfortable.",true,1,3,"12","B07BB3PYD8","playstation 5",true,29.98,"USD",39.99,10.01,25.03,25816,4.5,"https://www.amazon.com/dp/B07BB3PYD8","116172.00",false,false,false,false,"HyperX Cloud Stinger Core - Gaming Headset for PlayStation 4 and PlayStation 5, Over-Ear Wired Headset with Mic, Passive N...","https://m.media-amazon.com/images/I/512qH+i8PLS._AC_UY218_.jpg"
"R2UUBL3IKYQWDS","Reviewed in the United States on October 13, 2021",5,"Awesome!","These headphones are awesome!I can hear EVERYTHING during gameplay.During battles no one can sneak up on you.👍🏾",true,1,3,"12","B07BB3PYD8","playstation 5",true,29.98,"USD",39.99,10.01,25.03,25816,4.5,"https://www.amazon.com/dp/B07BB3PYD8","116172.00",false,false,false,false,"HyperX Cloud Stinger Core - Gaming Headset for PlayStation 4 and PlayStation 5, Over-Ear Wired Headset with Mic, Passive N...","https://m.media-amazon.com/images/I/512qH+i8PLS._AC_UY218_.jpg"
"R2Z1BGIMZITMB9","Reviewed in the United States on October 12, 2021",4,"Comfortable with good sound","Good all around headphones. Not the best, but certainly not the worst. They're comfortable for long gaming sessions, which is a must. One negative is that there is no chat volume control on the headset. But I'm happy with my purchase overall.",true,1,3,"12","B07BB3PYD8","playstation 5",true,29.98,"USD",39.99,10.01,25.03,25816,4.5,"https://www.amazon.com/dp/B07BB3PYD8","116172.00",false,false,false,false,"HyperX Cloud Stinger Core - Gaming Headset for PlayStation 4 and PlayStation 5, Over-Ear Wired Headset with Mic, Passive N...","https://m.media-amazon.com/images/I/512qH+i8PLS._AC_UY218_.jpg"
"R1B5H8KDW08VM4","Reviewed in the United States on October 12, 2021",2,"Very poor connectivity with PC (HP Omen)","I was very excited for these after reading the reviews, but they struggled to connect with my PC (HP Omen). Even fully charged, manually syncing and turning off and on again, they would refuse to connect with my PCand my USBs work just fine. This was proved with a nice pair (cheaper) of Nubwo headphones that connected perfectly on try number one. I tried with these headphones for nearly two weeks and gave up, return was easy through amazon at a local Kohls. Very disappointed, when it was able to connect and stay connected the audio quality was good and the microphone worked great for calls. Super inconsistent connectivity that I (an engineer) wasn't able to derive any patterns of. Big sad.",true,1,3,"12","B07BB3PYD8","playstation 5",true,29.98,"USD",39.99,10.01,25.03,25816,4.5,"https://www.amazon.com/dp/B07BB3PYD8","116172.00",false,false,false,false,"HyperX Cloud Stinger Core - Gaming Headset for PlayStation 4 and PlayStation 5, Over-Ear Wired Headset with Mic, Passive N...","https://m.media-amazon.com/images/I/512qH+i8PLS._AC_UY218_.jpg"
"R3G5KWW6RLKZS4","Reviewed in the United States on October 11, 2021",3,"They are alright","Got these for my new PS5. Set up was easy, & shipping was pain-less. The sound would not stop cutting out though. Everything from my audio to game sounds would drop intermittently. After checking connections with the USB, I decided to I test it with my PS4 & have had no issues. Might just be a compatibility issue with the new system, I'm not sure. I never made any attempts to contact the seller with my issues with the head phones as they ended up fulfilling a purpose albeit an alternative one than initially intended.",true,1,3,"12","B07BB3PYD8","playstation 5",true,29.98,"USD",39.99,10.01,25.03,25816,4.5,"https://www.amazon.com/dp/B07BB3PYD8","116172.00",false,false,false,false,"HyperX Cloud Stinger Core - Gaming Headset for PlayStation 4 and PlayStation 5, Over-Ear Wired Headset with Mic, Passive N...","https://m.media-amazon.com/images/I/512qH+i8PLS._AC_UY218_.jpg"
"R1EYO9R9B7MK57","Reviewed in the United States on October 7, 2021",5,"Works great","Bought for my husband and he loves it.",true,1,4,"13","B08LMTG2LL","playstation 5",false,0,"USD",0,0,0,674,4.2,"https://www.amazon.com/dp/B08LMTG2LL","2830.80",false,false,false,false,"Vertical Stand for Playstation 5 with Cooling Fan Charging Station for PS5 Digital Edition/Ultra HD Console with Controlle...","https://m.media-amazon.com/images/I/71DeGniixmL._AC_UY218_.jpg"
"RCS6W6KN3VJAW","Reviewed in the United States on September 16, 2021",1,"LOUD AS HELL!","Thought this was a nice buy, turns out it's a piece of garbage! Did not last 2 weeks and now the fans are screaming! Also USB ports can't be used with external hard drive! Basically just gives you a place to plug controller charging cable in. Spend a little more and buy something that works, and last more than 2 weeks!",true,1,4,"13","B08LMTG2LL","playstation 5",false,0,"USD",0,0,0,674,4.2,"https://www.amazon.com/dp/B08LMTG2LL","2830.80",false,false,false,false,"Vertical Stand for Playstation 5 with Cooling Fan Charging Station for PS5 Digital Edition/Ultra HD Console with Controlle...","https://m.media-amazon.com/images/I/71DeGniixmL._AC_UY218_.jpg"
"RVBW0D7VBZ99K","Reviewed in the United States on September 3, 2021",5,"The usb port on the front is used by the fan so it takes up an high speed part when you use it.","I dislike the amount of room it takes but I like the features so it’s not really a dislike",true,1,4,"13","B08LMTG2LL","playstation 5",false,0,"USD",0,0,0,674,4.2,"https://www.amazon.com/dp/B08LMTG2LL","2830.80",false,false,false,false,"Vertical Stand for Playstation 5 with Cooling Fan Charging Station for PS5 Digital Edition/Ultra HD Console with Controlle...","https://m.media-amazon.com/images/I/71DeGniixmL._AC_UY218_.jpg"
"R1T2JZ8P2IGNU0","Reviewed in the United States on August 26, 2021",1,"Stopped charging controllers after 3 months","It worked great for a while but stopped charging out of both ports after 3 months. Had to replace.",true,1,4,"13","B08LMTG2LL","playstation 5",false,0,"USD",0,0,0,674,4.2,"https://www.amazon.com/dp/B08LMTG2LL","2830.80",false,false,false,false,"Vertical Stand for Playstation 5 with Cooling Fan Charging Station for PS5 Digital Edition/Ultra HD Console with Controlle...","https://m.media-amazon.com/images/I/71DeGniixmL._AC_UY218_.jpg"
"R11I6LM0MVK3D7","Reviewed in the United States on August 24, 2021",3,"Best in class","UPDATE: FAN STARTS UP SUPER LOUD EVERY TIME NOW!!!I am really satisfied with this product. Keeps the PS5 cool and charger 2 controller on the stand and multiple other PS5 and PS4 controllers via USB hubs. I have nothing bad to say about this product. 5 stars all day.",true,1,4,"13","B08LMTG2LL","playstation 5",false,0,"USD",0,0,0,674,4.2,"https://www.amazon.com/dp/B08LMTG2LL","2830.80",false,false,false,false,"Vertical Stand for Playstation 5 with Cooling Fan Charging Station for PS5 Digital Edition/Ultra HD Console with Controlle...","https://m.media-amazon.com/images/I/71DeGniixmL._AC_UY218_.jpg"
"R2AHNI9R44H56U","Reviewed in the United States on July 26, 2021",1,"Doesn't charge controllers","Everything works as advertised except for the controller charging ports. The light on the stand with turn red for about 2 seconds then change blue while the controller doesn't charge at all. You can tell because the controller will have a amber color when it is charging and the controller doesn't light up at all when placed on the charging ports",true,1,4,"13","B08LMTG2LL","playstation 5",false,0,"USD",0,0,0,674,4.2,"https://www.amazon.com/dp/B08LMTG2LL","2830.80",false,false,false,false,"Vertical Stand for Playstation 5 with Cooling Fan Charging Station for PS5 Digital Edition/Ultra HD Console with Controlle...","https://m.media-amazon.com/images/I/71DeGniixmL._AC_UY218_.jpg"
"R1WL664HL45XEV","Reviewed in the United States on July 11, 2021",5,"Great value for the money!","It works perfectly fine and it helps keep your PS5 cool and standing vertically without having to use the thing that comes with the PS5 in order to have it stand vertically.",true,1,4,"13","B08LMTG2LL","playstation 5",false,0,"USD",0,0,0,674,4.2,"https://www.amazon.com/dp/B08LMTG2LL","2830.80",false,false,false,false,"Vertical Stand for Playstation 5 with Cooling Fan Charging Station for PS5 Digital Edition/Ultra HD Console with Controlle...","https://m.media-amazon.com/images/I/71DeGniixmL._AC_UY218_.jpg"
"R19JWS03YM59UH","Reviewed in the United States on June 28, 2021",1,"Hmmmmm","Pros : does a good job and supporting the ps5, while looking somone coolCons: appears to be made of avery thin plastic shell, and one of charging ports broke after 2 uses, while the other takes 12 to charge a controller (with the ps5 on)",true,1,4,"13","B08LMTG2LL","playstation 5",false,0,"USD",0,0,0,674,4.2,"https://www.amazon.com/dp/B08LMTG2LL","2830.80",false,false,false,false,"Vertical Stand for Playstation 5 with Cooling Fan Charging Station for PS5 Digital Edition/Ultra HD Console with Controlle...","https://m.media-amazon.com/images/I/71DeGniixmL._AC_UY218_.jpg"
"R1O4X9O2ISXP55","Reviewed in the United States on June 23, 2021",1,"Stopped working","Was really enjoying this product until it stopped charging my controllers. Neither spot is working and won’t charge",true,1,4,"13","B08LMTG2LL","playstation 5",false,0,"USD",0,0,0,674,4.2,"https://www.amazon.com/dp/B08LMTG2LL","2830.80",false,false,false,false,"Vertical Stand for Playstation 5 with Cooling Fan Charging Station for PS5 Digital Edition/Ultra HD Console with Controlle...","https://m.media-amazon.com/images/I/71DeGniixmL._AC_UY218_.jpg"
"R2NT5S3OBWGLC7","Reviewed in the United States on June 20, 2021",4,"Fans eventually gave out, one charger was non-functional upon arrival","The media could not be loaded. It was a fairly OK cooler for three months. I run it almost all day, every day, six hours at a time. It gave out recently though the USB ports still work which are the main function for me.",true,1,4,"13","B08LMTG2LL","playstation 5",false,0,"USD",0,0,0,674,4.2,"https://www.amazon.com/dp/B08LMTG2LL","2830.80",false,false,false,false,"Vertical Stand for Playstation 5 with Cooling Fan Charging Station for PS5 Digital Edition/Ultra HD Console with Controlle...","https://m.media-amazon.com/images/I/71DeGniixmL._AC_UY218_.jpg"
"R236KYQP7QSPQS","Reviewed in the United States on October 22, 2021",5,"Great Product!!!!","Product works great.",true,1,5,"14","B0922VG48L","playstation 5",false,0,"USD",0,0,0,23,4.1,"https://www.amazon.com/dp/B0922VG48L","94.30",false,false,false,false,"PS5 Vertical Cooling Stand for PS5 Digital Edition/Ultra HD Console | PlayStation 5 Console Charging Station Dock with PS5...","https://m.media-amazon.com/images/I/71SUS60ncDL._AC_UY218_.jpg"
"R2ND4ZEYDQQC1C","Reviewed in the United States on October 8, 2021",5,"Legit, High Quality, Charging Function A+","This dock is epic! Really high quality, I love the charging system, it uses these small usb c pieces that you put in the controller charging port, and then it will charge when you put the controller down. The fan isn’t too loud, headphone stand is a nice touch, it screws to the bottom of the PlayStation so it stays in place. 100% love it!",true,1,5,"14","B0922VG48L","playstation 5",false,0,"USD",0,0,0,23,4.1,"https://www.amazon.com/dp/B0922VG48L","94.30",false,false,false,false,"PS5 Vertical Cooling Stand for PS5 Digital Edition/Ultra HD Console | PlayStation 5 Console Charging Station Dock with PS5...","https://m.media-amazon.com/images/I/71SUS60ncDL._AC_UY218_.jpg"
"R1735M3JPHIN1H","Reviewed in the United States on August 30, 2021",5,"Would definitely recommend","I bought it for my husband and he loves it!",true,1,5,"14","B0922VG48L","playstation 5",false,0,"USD",0,0,0,23,4.1,"https://www.amazon.com/dp/B0922VG48L","94.30",false,false,false,false,"PS5 Vertical Cooling Stand for PS5 Digital Edition/Ultra HD Console | PlayStation 5 Console Charging Station Dock with PS5...","https://m.media-amazon.com/images/I/71SUS60ncDL._AC_UY218_.jpg"
"R26JVK5T3O1LIQ","Reviewed in the United States on August 24, 2021",2,"It is just ok.","Does not charge the headphones. I’ve left them plugged in for several days and they’re still not working. I charge them on my laptop and they work just fine. The cooling system is adequate. Unit still heat up pretty good and my entire room gets hot.",true,1,5,"14","B0922VG48L","playstation 5",false,0,"USD",0,0,0,23,4.1,"https://www.amazon.com/dp/B0922VG48L","94.30",false,false,false,false,"PS5 Vertical Cooling Stand for PS5 Digital Edition/Ultra HD Console | PlayStation 5 Console Charging Station Dock with PS5...","https://m.media-amazon.com/images/I/71SUS60ncDL._AC_UY218_.jpg"
"R1644JKYGQ98RD","Reviewed in the United States on July 27, 2021",5,"Helps stay organized","I was finally able to get a ps5 and thanks to this stand I have been able to keep it from heating too much, charge my controller and stay organized. Usually I end up having all my games every where cluttered up but thanks to this stand I have been able to keep them all together in on place neatly organized and when ever I am not using the controller I dock it too",true,1,5,"14","B0922VG48L","playstation 5",false,0,"USD",0,0,0,23,4.1,"https://www.amazon.com/dp/B0922VG48L","94.30",false,false,false,false,"PS5 Vertical Cooling Stand for PS5 Digital Edition/Ultra HD Console | PlayStation 5 Console Charging Station Dock with PS5...","https://m.media-amazon.com/images/I/71SUS60ncDL._AC_UY218_.jpg"
"R174GX96SKPUP6","Reviewed in the United States on July 7, 2021",4,"Good product but fans a little louder than expected","Good stand and fans but the. Fans are a little loude ut you can't hear th if you have a ​head set good product I recommend.",true,1,5,"14","B0922VG48L","playstation 5",false,0,"USD",0,0,0,23,4.1,"https://www.amazon.com/dp/B0922VG48L","94.30",false,false,false,false,"PS5 Vertical Cooling Stand for PS5 Digital Edition/Ultra HD Console | PlayStation 5 Console Charging Station Dock with PS5...","https://m.media-amazon.com/images/I/71SUS60ncDL._AC_UY218_.jpg"
"R3N4079SEVF54O","Reviewed in the United States on May 25, 2021",5,"Fast delivery","True to description! I can organize the area and make it look neat. Fast delivery it arrived in 2 days.",true,1,5,"14","B0922VG48L","playstation 5",false,0,"USD",0,0,0,23,4.1,"https://www.amazon.com/dp/B0922VG48L","94.30",false,false,false,false,"PS5 Vertical Cooling Stand for PS5 Digital Edition/Ultra HD Console | PlayStation 5 Console Charging Station Dock with PS5...","https://m.media-amazon.com/images/I/71SUS60ncDL._AC_UY218_.jpg"
"R3NCXFJKJZQTT3","Reviewed in the United States on October 21, 2021",5,"Love madden","The game has its flaws everybody probably already wrote about those. I play franchise and after the first update they fixes the scoring problem so for me it’s still a darn good game.",true,1,7,"16","B096NGLW78","playstation 5",true,49.99,"USD",69.99,20,28.58,295,4.4,"https://www.amazon.com/dp/B096NGLW78","1298.00",false,false,false,false,"Madden NFL 22 - PlayStation 5","https://m.media-amazon.com/images/I/51hS3LBHdiS._AC_UY218_.jpg"
"R13ACIGRQAQB42","Reviewed in the United States on October 14, 2021",1,"Not worth a penny.","Game is broken beyond belief. Don't believe me: search on YouTube for 10 seconds and see. Returned for full refund. Shame on EA.",true,1,7,"16","B096NGLW78","playstation 5",true,49.99,"USD",69.99,20,28.58,295,4.4,"https://www.amazon.com/dp/B096NGLW78","1298.00",false,false,false,false,"Madden NFL 22 - PlayStation 5","https://m.media-amazon.com/images/I/51hS3LBHdiS._AC_UY218_.jpg"
"R3L0FTM0OVUS5F","Reviewed in the United States on October 13, 2021",1,"Buggy Money Grab","This game should be a textbook example of why no one should get exclusive rights to IP. Beyond steadily increasing prices on the game, the entire thing is to push you into Ultimate Team, where you’ll need to spend significant money to stay competitive. The servers are crap, and the game is rife with bugs (ie counters don’t work cuz the QB runs into shifting linemen). There are limited time events to get free players but the game crashes and server outages will handicap your ability to take advantage of them. If you complain about the poor quality of their service, they will copy paste a detailed cop out blaming your internet connection, even if you provide screenshots showing it’s on their end. Buy the game used from someone who has given up on this 💩, and don’t buy anything in game if you NEED a fix",true,1,7,"16","B096NGLW78","playstation 5",true,49.99,"USD",69.99,20,28.58,295,4.4,"https://www.amazon.com/dp/B096NGLW78","1298.00",false,false,false,false,"Madden NFL 22 - PlayStation 5","https://m.media-amazon.com/images/I/51hS3LBHdiS._AC_UY218_.jpg"
"R12VW33K1WBNWJ","Reviewed in the United States on October 9, 2021",1,"Shame","Returned to Madden after 17 years. (Yes, seriously.) What was once a great franchise is now a shell of itself with a game engine called Frostbite that is long in the tooth. I found gameplay to be super awkward. Running was near impossible even on Rookie mode. Interceptions by the CPU felt very forced at times. At times it felt impossible to defend against the pass. Commentating was exhausting. What happened to fun gameplay? I guess ultimate team ruined this once great franchise.Visually it was beautiful on the PS5 and my new 4K TV. But fun it certainly was not. Hopefully the NFL will allow for competition or Madden will actually start to make an effort on gameplay once again. Shame.",true,1,7,"16","B096NGLW78","playstation 5",true,49.99,"USD",69.99,20,28.58,295,4.4,"https://www.amazon.com/dp/B096NGLW78","1298.00",false,false,false,false,"Madden NFL 22 - PlayStation 5","https://m.media-amazon.com/images/I/51hS3LBHdiS._AC_UY218_.jpg"
"RSVLLFEZ2SBSH","Reviewed in the United States on October 6, 2021",5,"Madden22","Awesome graphics and good gameplay.Still playing first franchise season and fun gaming experience.Ultimate Team I worked team to a 88 overall and amazing graphics with PS5 console.Online gaming is the best balanced gaming yet.Thinking lock on any position offense or defense.Smart New features like Next Generation and have good gameplay and worth the money.Recommend for anyone who likes any Madden played. Thanks Amazon for great Madden22!Your friendJeffrey Jade Robert Schultheis",true,1,7,"16","B096NGLW78","playstation 5",true,49.99,"USD",69.99,20,28.58,295,4.4,"https://www.amazon.com/dp/B096NGLW78","1298.00",false,false,false,false,"Madden NFL 22 - PlayStation 5","https://m.media-amazon.com/images/I/51hS3LBHdiS._AC_UY218_.jpg"
"R2T86XRIZ3B1FK","Reviewed in the United States on October 5, 2021",1,"Returned game","Last bought madden in 18. Usually just play franchise mode so no great need to get it every year. I thought I'd get it now for ps5... It has to be just as good, if not better... right? I was blown away by how unplayable this is. The bugs are so bad you can barely call it a football game. Gameplay is so far away from reality it's like fortnite made a football game. Some examples:- You thought you won a regular season franchise game? Nope—bug says you lost 30-0 and all your stats from the game are deleted.- You thought you were tackled to the ground? Nope—bug says you can get back up and run again.- You thought throwing to an open receiver in the endzone was a good idea? Nope—bug says it might hit off of him, travel 5 yards to a defender, have him catch it, and boom the camera angle suddenly changes to midfield (despite everyone still being near the end zone).- You need to punt the ball? Nope, just kick it into the end zone and you might get a touchdown.- You thought you're running zone coverage on defense? Nope—bug says one of your defenders might just stop somewhere in the field to leave the receiver wide open. Same goes for your receiver running routes because they might just randomly stop for a second.Plenty of more bugs out there. You can watch all of these bugs on youtube as well. Why wait for patches to a game EA might not even fix? I'd only recommend buying it so you can return it to send a message to EA.",true,1,7,"16","B096NGLW78","playstation 5",true,49.99,"USD",69.99,20,28.58,295,4.4,"https://www.amazon.com/dp/B096NGLW78","1298.00",false,false,false,false,"Madden NFL 22 - PlayStation 5","https://m.media-amazon.com/images/I/51hS3LBHdiS._AC_UY218_.jpg"
"R1S43UEZTJDB0D","Reviewed in the United States on September 29, 2021",3,"Not a huge fan of gameplay","Very awkward gameplay, graphics on crowd and stadiums definitely better but ai is frustrating.Celebrate after any good play is also silly. Tackling is another frustrating area that maybe one day Madden will address.",true,1,7,"16","B096NGLW78","playstation 5",true,49.99,"USD",69.99,20,28.58,295,4.4,"https://www.amazon.com/dp/B096NGLW78","1298.00",false,false,false,false,"Madden NFL 22 - PlayStation 5","https://m.media-amazon.com/images/I/51hS3LBHdiS._AC_UY218_.jpg"
"R2WZHEMCPY5YQ1","Reviewed in the United States on September 25, 2021",3,"Beautiful…but full of bugs. :-(","The game looks fantastic on PS5. The problem is that it freezes and then crashes way too much. Very frustrating.",true,1,7,"16","B096NGLW78","playstation 5",true,49.99,"USD",69.99,20,28.58,295,4.4,"https://www.amazon.com/dp/B096NGLW78","1298.00",false,false,false,false,"Madden NFL 22 - PlayStation 5","https://m.media-amazon.com/images/I/51hS3LBHdiS._AC_UY218_.jpg"
"RSOGX9AI46IX8","Reviewed in the United States on September 23, 2021",5,"Fun","Good graphics and a lot of fun.",true,1,7,"16","B096NGLW78","playstation 5",true,49.99,"USD",69.99,20,28.58,295,4.4,"https://www.amazon.com/dp/B096NGLW78","1298.00",false,false,false,false,"Madden NFL 22 - PlayStation 5","https://m.media-amazon.com/images/I/51hS3LBHdiS._AC_UY218_.jpg"
"R13HNJ47QXKQ30","Reviewed in the United States on September 20, 2021",3,"About the same game","I haven’t bought Madden in three years and it really doesn’t feel any different. The in game announcers honestly are just bad. Sometimes what they’re saying is situationally appropriate but other times it makes no sense.Talking about hot it’s 3rd and long at the end of the game when you’re kneeling to kill the clock for instance. They repeat themselves often. If they’re in the middle of a long clip they just keep talking no matter what’s happening in the game. Ive a baseball game from 2014 and the announcers on that will interrupt the color person to give play by play. Just overall disappointing considering.",true,1,7,"16","B096NGLW78","playstation 5",true,49.99,"USD",69.99,20,28.58,295,4.4,"https://www.amazon.com/dp/B096NGLW78","1298.00",false,false,false,false,"Madden NFL 22 - PlayStation 5","https://m.media-amazon.com/images/I/51hS3LBHdiS._AC_UY218_.jpg"
"R2BEDJKY0KWRND","Reviewed in the United States on October 21, 2021",2,"Controller broken/packaged like garbage/decent PS4","When I first got the package I was amazed how horribly the PS4, controller, and cables were wrapped. Big box with 2 sheets of packing so the unit obviously bounced around a lot. The PS4 slim itself doesn’t have many cosmetic issues, but the USB ports have corrosion. When turned on, it says there is too many USB connections. The controller looked like someone found it in the garbage. The power port on the front is broken and you can clearly see the chip damaged.",true,1,8,"17","B071CV8CG2","playstation 5",false,509,"USD",0,0,0,13690,4.8,"https://www.amazon.com/dp/B071CV8CG2","65712.00",false,false,true,false,"PlayStation 4 Slim 1TB Console","https://m.media-amazon.com/images/I/61n-yWHcmSS._AC_UY218_.jpg"
"R2X09VZSHJ8KHC","Reviewed in the United States on October 20, 2021",4,"Good","Works good.only issue is that it gets really hot.i have to point a fan at it to keep it from overheating",true,1,8,"17","B071CV8CG2","playstation 5",false,509,"USD",0,0,0,13690,4.8,"https://www.amazon.com/dp/B071CV8CG2","65712.00",false,false,true,false,"PlayStation 4 Slim 1TB Console","https://m.media-amazon.com/images/I/61n-yWHcmSS._AC_UY218_.jpg"
"RMRUVFZFUN2I7","Reviewed in the United States on October 13, 2021",5,"Best console ever!","I bought this three months ago brand new and it is fantastic. The graphics are gorgeous. I enjoyed playing Far Cry 5, Red dead redemption 2 and the hunter call of the wild. I highly recommend this product to anyone.",true,1,8,"17","B071CV8CG2","playstation 5",false,509,"USD",0,0,0,13690,4.8,"https://www.amazon.com/dp/B071CV8CG2","65712.00",false,false,true,false,"PlayStation 4 Slim 1TB Console","https://m.media-amazon.com/images/I/61n-yWHcmSS._AC_UY218_.jpg"
"R15U7U8TVIKQ9X","Reviewed in the United States on October 11, 2021",3,"It was great","It was great Haven’t even had this thing for a year and it’s no longer working it has completely shut down I don’t know if I accidentally ordered a refurbished one or what but apparently it’s too late to return it",true,1,8,"17","B071CV8CG2","playstation 5",false,509,"USD",0,0,0,13690,4.8,"https://www.amazon.com/dp/B071CV8CG2","65712.00",false,false,true,false,"PlayStation 4 Slim 1TB Console","https://m.media-amazon.com/images/I/61n-yWHcmSS._AC_UY218_.jpg"
"RAGA6BXVP86MH","Reviewed in the United States on October 10, 2021",1,"I was duped","I bought my ps4 quite a while ago and will NOT be purchasing one again, nor will I purchase products related to it. I was tricked. I bought my ps4 only to find out that it came from a foreign country and the software is just different enough that none of the dlc works. I paid for the dlc to Fallout 4 and it simply won't install after download. Contacted Sony, they didn't care. Contacted Amazon, got the same result. So I'm stuck with a $280 junk console that I can't add anything to. Also, I bought Fallout 4 at the same time and until now it said nothing about it being an imported version. Amazon lies and rips off customers. So unless you live in South America, don't waste your money. Total bs.",true,1,8,"17","B071CV8CG2","playstation 5",false,509,"USD",0,0,0,13690,4.8,"https://www.amazon.com/dp/B071CV8CG2","65712.00",false,false,true,false,"PlayStation 4 Slim 1TB Console","https://m.media-amazon.com/images/I/61n-yWHcmSS._AC_UY218_.jpg"
"RV0388WYM285V","Reviewed in the United States on October 5, 2021",1,"Was broken unusable","Received used item that never worked. Got $20 for it at local gaming store. They claimed it was unfixable. They’d use it for parts.",true,1,8,"17","B071CV8CG2","playstation 5",false,509,"USD",0,0,0,13690,4.8,"https://www.amazon.com/dp/B071CV8CG2","65712.00",false,false,true,false,"PlayStation 4 Slim 1TB Console","https://m.media-amazon.com/images/I/61n-yWHcmSS._AC_UY218_.jpg"
"R3KQG52HB6IL2N","Reviewed in the United States on October 3, 2021",5,"It is a great console","It is a great console",true,1,8,"17","B071CV8CG2","playstation 5",false,509,"USD",0,0,0,13690,4.8,"https://www.amazon.com/dp/B071CV8CG2","65712.00",false,false,true,false,"PlayStation 4 Slim 1TB Console","https://m.media-amazon.com/images/I/61n-yWHcmSS._AC_UY218_.jpg"
"R2RRZEMG4QMITH","Reviewed in the United States on September 25, 2021",1,"Controller looks worn out","Controller looks worn out and doesn't last when fully charged. Buyers beware.",true,1,8,"17","B071CV8CG2","playstation 5",false,509,"USD",0,0,0,13690,4.8,"https://www.amazon.com/dp/B071CV8CG2","65712.00",false,false,true,false,"PlayStation 4 Slim 1TB Console","https://m.media-amazon.com/images/I/61n-yWHcmSS._AC_UY218_.jpg"
"R3VD5MADS4EIRH","Reviewed in the United States on September 20, 2021",4,"Everything came that was supposed to","The PS4 runs smoothly. Everything came with it in the box.",true,1,8,"17","B071CV8CG2","playstation 5",false,509,"USD",0,0,0,13690,4.8,"https://www.amazon.com/dp/B071CV8CG2","65712.00",false,false,true,false,"PlayStation 4 Slim 1TB Console","https://m.media-amazon.com/images/I/61n-yWHcmSS._AC_UY218_.jpg"
"R36FP6W6ZMETN9","Reviewed in the United States on September 16, 2021",4,"Bait and switch","The item looks new however it didn’t come with theoriginal box as advertised, it was however wrapped in bubblewrap and placed in a regular shipping box. The item advertised had a black controller but I got a red one, which is fine. I’m a little disappointed that it didn’t come in the original box so I’mnot sure if it’s 500GB or 1tb as advertised. It is a gift so I guess they won’t know either way just as long as it’s working.",true,1,8,"17","B071CV8CG2","playstation 5",false,509,"USD",0,0,0,13690,4.8,"https://www.amazon.com/dp/B071CV8CG2","65712.00",false,false,true,false,"PlayStation 4 Slim 1TB Console","https://m.media-amazon.com/images/I/61n-yWHcmSS._AC_UY218_.jpg"
"cr-translate-894353878",,,"","",false,1,10,"19","B094WL86N5","playstation 5",false,69,"USD",0,0,0,34240,4.8,"https://www.amazon.com/dp/B094WL86N5","164352.00",false,false,true,false,"PlayStation DualSense Wireless Controller – Midnight Black","https://m.media-amazon.com/images/I/61O9tWR6WDS._AC_UY218_.jpg"
"R1CSHNBMQA1DK9","Reviewed in the United States on October 22, 2021",5,"For my boyfriend !!","I bought this for my boyfriend and he loved it!!🥰",true,1,10,"19","B094WL86N5","playstation 5",false,69,"USD",0,0,0,34240,4.8,"https://www.amazon.com/dp/B094WL86N5","164352.00",false,false,true,false,"PlayStation DualSense Wireless Controller – Midnight Black","https://m.media-amazon.com/images/I/61O9tWR6WDS._AC_UY218_.jpg"
"R25NUVPDGXXNQN","Reviewed in the United States on October 22, 2021",5,"Excelente producto.","Excelente producto, excelente embálale. 100% recomendado.",true,1,10,"19","B094WL86N5","playstation 5",false,69,"USD",0,0,0,34240,4.8,"https://www.amazon.com/dp/B094WL86N5","164352.00",false,false,true,false,"PlayStation DualSense Wireless Controller – Midnight Black","https://m.media-amazon.com/images/I/61O9tWR6WDS._AC_UY218_.jpg"
"R1KHFXZ88K2XXF","Reviewed in the United States on October 22, 2021",5,"Works with PC! No extra software needed.","Always been a big fan of playstation controllers as opposed to the xbox controller, so when sony released this work of art I had to try it. Now I don't play on console. I play on PC. Which makes this controller versatile. If you do have a PS5, obviously this will work with it. If you want to use this with PC, this also works with PC. It's pretty simple to hook it up to your PC (given your PC has bluetooth.) This is how you connect it to your pc.Turn bluetooth on (on pc)Hold the create/share button WHILE holding the PS button on the controller until the controller starts blinking.On the pc, click on add bluetooth devices.Select ""bluetooth""The pc will begin searching for bluetooth devices.Once the controller is found ""wireless controller"" will show up as a selection.Select wireless controller and it will connect. The controller should light up dark blue.Launch Steam. The controller should now show up as a light blue.Now open steam and go into steam settings.Click on controller, then go to ""general controller settings"" select ""Playstation configuration support"".At this point steam knows you have a controller connected and it should appear under ""detected controllers""Now launch your games! If you don't ever turn bluetooth off, then the next time you turn your pc on it should connect right away. If not you just press the PS button which turns the controller on and will connect to your pc automatically, (unless you have a another device connected etc)With steam you can change the colors of the contoller also, so in my case when I turn on my controller it goes from dark blue to light blue and finally green.This by far is one of the greatest controllers I have held in my hands. My hands are normal sized, and this doesn't feel too big or heavy. It feels premium and the seemless conection between my PC and controller make me recommend this to everyone who wants to play games with a controller on their pc with NO extra software!",true,1,10,"19","B094WL86N5","playstation 5",false,69,"USD",0,0,0,34240,4.8,"https://www.amazon.com/dp/B094WL86N5","164352.00",false,false,true,false,"PlayStation DualSense Wireless Controller – Midnight Black","https://m.media-amazon.com/images/I/61O9tWR6WDS._AC_UY218_.jpg"
"RVKXA42ZX5XXZ","Reviewed in the United States on October 21, 2021",5,"Excellent","It’s a DualShock 5 it doesn’t get any better than this",true,1,10,"19","B094WL86N5","playstation 5",false,69,"USD",0,0,0,34240,4.8,"https://www.amazon.com/dp/B094WL86N5","164352.00",false,false,true,false,"PlayStation DualSense Wireless Controller – Midnight Black","https://m.media-amazon.com/images/I/61O9tWR6WDS._AC_UY218_.jpg"
"R2YPGMLIIQU5B5","Reviewed in the United States on October 21, 2021",4,"Looks can be deceiving","I have own every single generation of PlayStation and this plastic on this controller feels super cheap like its will crack at any moment. The old controllers feel more sturdy.",true,1,10,"19","B094WL86N5","playstation 5",false,69,"USD",0,0,0,34240,4.8,"https://www.amazon.com/dp/B094WL86N5","164352.00",false,false,true,false,"PlayStation DualSense Wireless Controller – Midnight Black","https://m.media-amazon.com/images/I/61O9tWR6WDS._AC_UY218_.jpg"
"R3DLK9253IWQ0S","Reviewed in the United States on October 21, 2021",5,"Great controller and sleek looking.","The controller works great and looks amazing, wish my PS5 came in black originally but it’s not a big deal.",true,1,10,"19","B094WL86N5","playstation 5",false,69,"USD",0,0,0,34240,4.8,"https://www.amazon.com/dp/B094WL86N5","164352.00",false,false,true,false,"PlayStation DualSense Wireless Controller – Midnight Black","https://m.media-amazon.com/images/I/61O9tWR6WDS._AC_UY218_.jpg"
"R10834QEQ8XZXC","Reviewed in the United States on October 21, 2021",4,"Wonderful controller, questionable QC.","The PlayStation Dualsense (DS5) controller has several features that the previous generation didn't, but I fear that quality control may be an issue. I was lucky enough to receive a perfectly functioning DS5 with my PlayStation 5, the controller model is the newer of the two current variants.When shopping for a second controller, I purchased one brand new from Amazon in midnight black. When it arrived, this model is the older of the two variants. The left thumbstick was creaking in various spots and felt like it had areas of resistance in the range of motion. Amazon was kind enough to send a replacement that arrived the following day. The replacement is also the older variant of the DS5 controller, however, this controller is perfect.Long story short, if you purchase one brand new from Amazon and it creaks, squeaks, or doesn't feel as it should, request a replacement. I feel that PlayStation needs to focus more on their quality instead of quantity, and consumers deserve to receive an acceptable product with every purchase, especially when these next-gen controllers cost as much as they do.",true,1,10,"19","B094WL86N5","playstation 5",false,69,"USD",0,0,0,34240,4.8,"https://www.amazon.com/dp/B094WL86N5","164352.00",false,false,true,false,"PlayStation DualSense Wireless Controller – Midnight Black","https://m.media-amazon.com/images/I/61O9tWR6WDS._AC_UY218_.jpg"
"RDB0BWKP8L8OA","Reviewed in the United States on October 20, 2021",4,"Recomendado!!","Es muy funcional y ha funcionado muy bien",true,1,10,"19","B094WL86N5","playstation 5",false,69,"USD",0,0,0,34240,4.8,"https://www.amazon.com/dp/B094WL86N5","164352.00",false,false,true,false,"PlayStation DualSense Wireless Controller – Midnight Black","https://m.media-amazon.com/images/I/61O9tWR6WDS._AC_UY218_.jpg"
"R2DLNV59IO54I","Reviewed in the United States on October 20, 2021",5,"Best Gaming Controller I've ever had. Best for PC too.","This controller works great with my P.C. I don't have a PS5 and I don't plan to get one however the controller they designed is great. It's gyros enable you to use motion control with switch emulators and it works well.",true,1,10,"19","B094WL86N5","playstation 5",false,69,"USD",0,0,0,34240,4.8,"https://www.amazon.com/dp/B094WL86N5","164352.00",false,false,true,false,"PlayStation DualSense Wireless Controller – Midnight Black","https://m.media-amazon.com/images/I/61O9tWR6WDS._AC_UY218_.jpg"
"RL7UHO91X46LH","Reviewed in the United States on October 20, 2021",1,"not supported for ps4","The ps5 controller will only connect through your remote play, didn’t expect that",true,1,10,"19","B094WL86N5","playstation 5",false,69,"USD",0,0,0,34240,4.8,"https://www.amazon.com/dp/B094WL86N5","164352.00",false,false,true,false,"PlayStation DualSense Wireless Controller – Midnight Black","https://m.media-amazon.com/images/I/61O9tWR6WDS._AC_UY218_.jpg"
"cr-translate-1392315171",,,"","",false,1,11,"110","B094WN6SY2","playstation 5",false,74,"USD",0,0,0,34240,4.8,"https://www.amazon.com/dp/B094WN6SY2","164352.00",false,false,false,false,"PlayStation DualSense Wireless Controller – Cosmic Red","https://m.media-amazon.com/images/I/61t7877TYES._AC_UY218_.jpg"
"R1CSHNBMQA1DK9","Reviewed in the United States on October 22, 2021",5,"For my boyfriend !!","I bought this for my boyfriend and he loved it!!🥰",true,1,11,"110","B094WN6SY2","playstation 5",false,74,"USD",0,0,0,34240,4.8,"https://www.amazon.com/dp/B094WN6SY2","164352.00",false,false,false,false,"PlayStation DualSense Wireless Controller – Cosmic Red","https://m.media-amazon.com/images/I/61t7877TYES._AC_UY218_.jpg"
"R25NUVPDGXXNQN","Reviewed in the United States on October 22, 2021",5,"Excelente producto.","Excelente producto, excelente embálale. 100% recomendado.",true,1,11,"110","B094WN6SY2","playstation 5",false,74,"USD",0,0,0,34240,4.8,"https://www.amazon.com/dp/B094WN6SY2","164352.00",false,false,false,false,"PlayStation DualSense Wireless Controller – Cosmic Red","https://m.media-amazon.com/images/I/61t7877TYES._AC_UY218_.jpg"
"R1KHFXZ88K2XXF","Reviewed in the United States on October 22, 2021",5,"Works with PC! No extra software needed.","Always been a big fan of playstation controllers as opposed to the xbox controller, so when sony released this work of art I had to try it. Now I don't play on console. I play on PC. Which makes this controller versatile. If you do have a PS5, obviously this will work with it. If you want to use this with PC, this also works with PC. It's pretty simple to hook it up to your PC (given your PC has bluetooth.) This is how you connect it to your pc.Turn bluetooth on (on pc)Hold the create/share button WHILE holding the PS button on the controller until the controller starts blinking.On the pc, click on add bluetooth devices.Select ""bluetooth""The pc will begin searching for bluetooth devices.Once the controller is found ""wireless controller"" will show up as a selection.Select wireless controller and it will connect. The controller should light up dark blue.Launch Steam. The controller should now show up as a light blue.Now open steam and go into steam settings.Click on controller, then go to ""general controller settings"" select ""Playstation configuration support"".At this point steam knows you have a controller connected and it should appear under ""detected controllers""Now launch your games! If you don't ever turn bluetooth off, then the next time you turn your pc on it should connect right away. If not you just press the PS button which turns the controller on and will connect to your pc automatically, (unless you have a another device connected etc)With steam you can change the colors of the contoller also, so in my case when I turn on my controller it goes from dark blue to light blue and finally green.This by far is one of the greatest controllers I have held in my hands. My hands are normal sized, and this doesn't feel too big or heavy. It feels premium and the seemless conection between my PC and controller make me recommend this to everyone who wants to play games with a controller on their pc with NO extra software!",true,1,11,"110","B094WN6SY2","playstation 5",false,74,"USD",0,0,0,34240,4.8,"https://www.amazon.com/dp/B094WN6SY2","164352.00",false,false,false,false,"PlayStation DualSense Wireless Controller – Cosmic Red","https://m.media-amazon.com/images/I/61t7877TYES._AC_UY218_.jpg"
"RVKXA42ZX5XXZ","Reviewed in the United States on October 21, 2021",5,"Excellent","It’s a DualShock 5 it doesn’t get any better than this",true,1,11,"110","B094WN6SY2","playstation 5",false,74,"USD",0,0,0,34240,4.8,"https://www.amazon.com/dp/B094WN6SY2","164352.00",false,false,false,false,"PlayStation DualSense Wireless Controller – Cosmic Red","https://m.media-amazon.com/images/I/61t7877TYES._AC_UY218_.jpg"
"R2YPGMLIIQU5B5","Reviewed in the United States on October 21, 2021",4,"Looks can be deceiving","I have own every single generation of PlayStation and this plastic on this controller feels super cheap like its will crack at any moment. The old controllers feel more sturdy.",true,1,11,"110","B094WN6SY2","playstation 5",false,74,"USD",0,0,0,34240,4.8,"https://www.amazon.com/dp/B094WN6SY2","164352.00",false,false,false,false,"PlayStation DualSense Wireless Controller – Cosmic Red","https://m.media-amazon.com/images/I/61t7877TYES._AC_UY218_.jpg"
"R3DLK9253IWQ0S","Reviewed in the United States on October 21, 2021",5,"Great controller and sleek looking.","The controller works great and looks amazing, wish my PS5 came in black originally but it’s not a big deal.",true,1,11,"110","B094WN6SY2","playstation 5",false,74,"USD",0,0,0,34240,4.8,"https://www.amazon.com/dp/B094WN6SY2","164352.00",false,false,false,false,"PlayStation DualSense Wireless Controller – Cosmic Red","https://m.media-amazon.com/images/I/61t7877TYES._AC_UY218_.jpg"
"R10834QEQ8XZXC","Reviewed in the United States on October 21, 2021",4,"Wonderful controller, questionable QC.","The PlayStation Dualsense (DS5) controller has several features that the previous generation didn't, but I fear that quality control may be an issue. I was lucky enough to receive a perfectly functioning DS5 with my PlayStation 5, the controller model is the newer of the two current variants.When shopping for a second controller, I purchased one brand new from Amazon in midnight black. When it arrived, this model is the older of the two variants. The left thumbstick was creaking in various spots and felt like it had areas of resistance in the range of motion. Amazon was kind enough to send a replacement that arrived the following day. The replacement is also the older variant of the DS5 controller, however, this controller is perfect.Long story short, if you purchase one brand new from Amazon and it creaks, squeaks, or doesn't feel as it should, request a replacement. I feel that PlayStation needs to focus more on their quality instead of quantity, and consumers deserve to receive an acceptable product with every purchase, especially when these next-gen controllers cost as much as they do.",true,1,11,"110","B094WN6SY2","playstation 5",false,74,"USD",0,0,0,34240,4.8,"https://www.amazon.com/dp/B094WN6SY2","164352.00",false,false,false,false,"PlayStation DualSense Wireless Controller – Cosmic Red","https://m.media-amazon.com/images/I/61t7877TYES._AC_UY218_.jpg"
"RDB0BWKP8L8OA","Reviewed in the United States on October 20, 2021",4,"Recomendado!!","Es muy funcional y ha funcionado muy bien",true,1,11,"110","B094WN6SY2","playstation 5",false,74,"USD",0,0,0,34240,4.8,"https://www.amazon.com/dp/B094WN6SY2","164352.00",false,false,false,false,"PlayStation DualSense Wireless Controller – Cosmic Red","https://m.media-amazon.com/images/I/61t7877TYES._AC_UY218_.jpg"
"R2DLNV59IO54I","Reviewed in the United States on October 20, 2021",5,"Best Gaming Controller I've ever had. Best for PC too.","This controller works great with my P.C. I don't have a PS5 and I don't plan to get one however the controller they designed is great. It's gyros enable you to use motion control with switch emulators and it works well.",true,1,11,"110","B094WN6SY2","playstation 5",false,74,"USD",0,0,0,34240,4.8,"https://www.amazon.com/dp/B094WN6SY2","164352.00",false,false,false,false,"PlayStation DualSense Wireless Controller – Cosmic Red","https://m.media-amazon.com/images/I/61t7877TYES._AC_UY218_.jpg"
"RL7UHO91X46LH","Reviewed in the United States on October 20, 2021",1,"not supported for ps4","The ps5 controller will only connect through your remote play, didn’t expect that",true,1,11,"110","B094WN6SY2","playstation 5",false,74,"USD",0,0,0,34240,4.8,"https://www.amazon.com/dp/B094WN6SY2","164352.00",false,false,false,false,"PlayStation DualSense Wireless Controller – Cosmic Red","https://m.media-amazon.com/images/I/61t7877TYES._AC_UY218_.jpg"
"cr-translate--43137475",,,"","",false,1,13,"112","B09GBVLRLP","playstation 5",false,99.99,"USD",0,0,0,9787,4.7,"https://www.amazon.com/dp/B09GBVLRLP","45998.90",false,false,false,false,"PlayStation PULSE 3D Wireless Headset – Midnight Black","https://m.media-amazon.com/images/I/71kdXkr974L._AC_UY218_.jpg"
"R2DSB5IH0E745L","Reviewed in the United States on October 22, 2021",5,"Quality of them","My husband loves them the sound of them are crisp",true,1,13,"112","B09GBVLRLP","playstation 5",false,99.99,"USD",0,0,0,9787,4.7,"https://www.amazon.com/dp/B09GBVLRLP","45998.90",false,false,false,false,"PlayStation PULSE 3D Wireless Headset – Midnight Black","https://m.media-amazon.com/images/I/71kdXkr974L._AC_UY218_.jpg"
"R2TAMOCOKGFET7","Reviewed in the United States on October 21, 2021",5,"Great headphones.","Loving these for my PS5, the sound is deep and crisp. I never played games with headphones but this has made me realize that it makes a huge difference.",true,1,13,"112","B09GBVLRLP","playstation 5",false,99.99,"USD",0,0,0,9787,4.7,"https://www.amazon.com/dp/B09GBVLRLP","45998.90",false,false,false,false,"PlayStation PULSE 3D Wireless Headset – Midnight Black","https://m.media-amazon.com/images/I/71kdXkr974L._AC_UY218_.jpg"
"R1UX136NCXLJRH","Reviewed in the United States on October 20, 2021",5,"Good product, sounds great","I don’t have much to compare this with, but the sound is better than anything that ever came out of my tv, and online play has been great so far. Fully recommend.",true,1,13,"112","B09GBVLRLP","playstation 5",false,99.99,"USD",0,0,0,9787,4.7,"https://www.amazon.com/dp/B09GBVLRLP","45998.90",false,false,false,false,"PlayStation PULSE 3D Wireless Headset – Midnight Black","https://m.media-amazon.com/images/I/71kdXkr974L._AC_UY218_.jpg"
"R2WYIVLDXQXUPC","Reviewed in the United States on October 20, 2021",5,"Great purchase","Some of the best headphones I ever used they charge fast and they last long so it makes playing 2k for hours easy",true,1,13,"112","B09GBVLRLP","playstation 5",false,99.99,"USD",0,0,0,9787,4.7,"https://www.amazon.com/dp/B09GBVLRLP","45998.90",false,false,false,false,"PlayStation PULSE 3D Wireless Headset – Midnight Black","https://m.media-amazon.com/images/I/71kdXkr974L._AC_UY218_.jpg"
"R26AENZ4G79F7O","Reviewed in the United States on October 19, 2021",4,"awesome headphones for 3-D sound definitely enjoy it","A nice headset for the price the sound really is good for 3-D sounds you can tell who’s behind you who is in front of you who is on the side of you and and also if anybody is hiding a up top of you but the headphones do not have a lots of bass but the sound is crystal clear it’s pretty comfortable to wear also The look is fantastic and the battery life is OK you could probably get 10 hours out of it all in all amazing headphones for the price",true,1,13,"112","B09GBVLRLP","playstation 5",false,99.99,"USD",0,0,0,9787,4.7,"https://www.amazon.com/dp/B09GBVLRLP","45998.90",false,false,false,false,"PlayStation PULSE 3D Wireless Headset – Midnight Black","https://m.media-amazon.com/images/I/71kdXkr974L._AC_UY218_.jpg"
"R2DYH9BRRP3FAH","Reviewed in the United States on October 18, 2021",2,"Just Sony, being cheap and inconsiderate.","Plan on spending more for ear pads. These are cheaply made. The glue holding the pleather over the ear pad came off quickly. Sony wouldn’t send a replacement. Even though I offered to pay for one. So, I bought them from a third party. Sony has no consideration for people who are communicating with friends online, during a pandemic none the less. I’ll be looking to third parties more often. Geekria makes great ear pads. Feel free to spread this.",true,1,13,"112","B09GBVLRLP","playstation 5",false,99.99,"USD",0,0,0,9787,4.7,"https://www.amazon.com/dp/B09GBVLRLP","45998.90",false,false,false,false,"PlayStation PULSE 3D Wireless Headset – Midnight Black","https://m.media-amazon.com/images/I/71kdXkr974L._AC_UY218_.jpg"
"R28W1D9TN2D1P2","Reviewed in the United States on October 17, 2021",5,"Mejor de lo que esperaba","Mi esposo se compró un ps5 así que quería regalarle algo que le gustara para que pudiera jugar como se debe. De entre dos opciones me decidí por esta. Es económico y tiene muy buena calidad",true,1,13,"112","B09GBVLRLP","playstation 5",false,99.99,"USD",0,0,0,9787,4.7,"https://www.amazon.com/dp/B09GBVLRLP","45998.90",false,false,false,false,"PlayStation PULSE 3D Wireless Headset – Midnight Black","https://m.media-amazon.com/images/I/71kdXkr974L._AC_UY218_.jpg"
"R2CI3QZUKZHV8O","Reviewed in the United States on October 15, 2021",5,"Love it","Great sound",true,1,13,"112","B09GBVLRLP","playstation 5",false,99.99,"USD",0,0,0,9787,4.7,"https://www.amazon.com/dp/B09GBVLRLP","45998.90",false,false,false,false,"PlayStation PULSE 3D Wireless Headset – Midnight Black","https://m.media-amazon.com/images/I/71kdXkr974L._AC_UY218_.jpg"
"R47PIZKS1BYPP","Reviewed in the United States on October 13, 2021",1,"Horrible","Sounds horrible, give you a headache because the ear cuff have no swivel, the adjustment sucks, won’t mute with controller on ps5, mic doesn’t sound good, they just need to go back to the drawing board, I’m returning mine",true,1,13,"112","B09GBVLRLP","playstation 5",false,99.99,"USD",0,0,0,9787,4.7,"https://www.amazon.com/dp/B09GBVLRLP","45998.90",false,false,false,false,"PlayStation PULSE 3D Wireless Headset – Midnight Black","https://m.media-amazon.com/images/I/71kdXkr974L._AC_UY218_.jpg"
"R4STBB6IXTQHE","Reviewed in the United States on October 13, 2021",4,"Good","Solid headset, my only complaint would be that they tend to be on the quiet side (even at max volume). I hope Sony updates these to have a higher sound output.",true,1,13,"112","B09GBVLRLP","playstation 5",false,99.99,"USD",0,0,0,9787,4.7,"https://www.amazon.com/dp/B09GBVLRLP","45998.90",false,false,false,false,"PlayStation PULSE 3D Wireless Headset – Midnight Black","https://m.media-amazon.com/images/I/71kdXkr974L._AC_UY218_.jpg"
"cr-translate-261196564",,,"","",false,1,15,"114","B08FC6C75Y","playstation 5",false,69,"USD",0,0,0,34240,4.8,"https://www.amazon.com/dp/B08FC6C75Y","164352.00",false,false,false,false,"Playstation DualSense Wireless Controller","https://m.media-amazon.com/images/I/612bjwBuobS._AC_UY218_.jpg"
"R1CSHNBMQA1DK9","Reviewed in the United States on October 22, 2021",5,"For my boyfriend !!","I bought this for my boyfriend and he loved it!!🥰",true,1,15,"114","B08FC6C75Y","playstation 5",false,69,"USD",0,0,0,34240,4.8,"https://www.amazon.com/dp/B08FC6C75Y","164352.00",false,false,false,false,"Playstation DualSense Wireless Controller","https://m.media-amazon.com/images/I/612bjwBuobS._AC_UY218_.jpg"
"R25NUVPDGXXNQN","Reviewed in the United States on October 22, 2021",5,"Excelente producto.","Excelente producto, excelente embálale. 100% recomendado.",true,1,15,"114","B08FC6C75Y","playstation 5",false,69,"USD",0,0,0,34240,4.8,"https://www.amazon.com/dp/B08FC6C75Y","164352.00",false,false,false,false,"Playstation DualSense Wireless Controller","https://m.media-amazon.com/images/I/612bjwBuobS._AC_UY218_.jpg"
"R1KHFXZ88K2XXF","Reviewed in the United States on October 22, 2021",5,"Works with PC! No extra software needed.","Always been a big fan of playstation controllers as opposed to the xbox controller, so when sony released this work of art I had to try it. Now I don't play on console. I play on PC. Which makes this controller versatile. If you do have a PS5, obviously this will work with it. If you want to use this with PC, this also works with PC. It's pretty simple to hook it up to your PC (given your PC has bluetooth.) This is how you connect it to your pc.Turn bluetooth on (on pc)Hold the create/share button WHILE holding the PS button on the controller until the controller starts blinking.On the pc, click on add bluetooth devices.Select ""bluetooth""The pc will begin searching for bluetooth devices.Once the controller is found ""wireless controller"" will show up as a selection.Select wireless controller and it will connect. The controller should light up dark blue.Launch Steam. The controller should now show up as a light blue.Now open steam and go into steam settings.Click on controller, then go to ""general controller settings"" select ""Playstation configuration support"".At this point steam knows you have a controller connected and it should appear under ""detected controllers""Now launch your games! If you don't ever turn bluetooth off, then the next time you turn your pc on it should connect right away. If not you just press the PS button which turns the controller on and will connect to your pc automatically, (unless you have a another device connected etc)With steam you can change the colors of the contoller also, so in my case when I turn on my controller it goes from dark blue to light blue and finally green.This by far is one of the greatest controllers I have held in my hands. My hands are normal sized, and this doesn't feel too big or heavy. It feels premium and the seemless conection between my PC and controller make me recommend this to everyone who wants to play games with a controller on their pc with NO extra software!",true,1,15,"114","B08FC6C75Y","playstation 5",false,69,"USD",0,0,0,34240,4.8,"https://www.amazon.com/dp/B08FC6C75Y","164352.00",false,false,false,false,"Playstation DualSense Wireless Controller","https://m.media-amazon.com/images/I/612bjwBuobS._AC_UY218_.jpg"
"RVKXA42ZX5XXZ","Reviewed in the United States on October 21, 2021",5,"Excellent","It’s a DualShock 5 it doesn’t get any better than this",true,1,15,"114","B08FC6C75Y","playstation 5",false,69,"USD",0,0,0,34240,4.8,"https://www.amazon.com/dp/B08FC6C75Y","164352.00",false,false,false,false,"Playstation DualSense Wireless Controller","https://m.media-amazon.com/images/I/612bjwBuobS._AC_UY218_.jpg"
"R2YPGMLIIQU5B5","Reviewed in the United States on October 21, 2021",4,"Looks can be deceiving","I have own every single generation of PlayStation and this plastic on this controller feels super cheap like its will crack at any moment. The old controllers feel more sturdy.",true,1,15,"114","B08FC6C75Y","playstation 5",false,69,"USD",0,0,0,34240,4.8,"https://www.amazon.com/dp/B08FC6C75Y","164352.00",false,false,false,false,"Playstation DualSense Wireless Controller","https://m.media-amazon.com/images/I/612bjwBuobS._AC_UY218_.jpg"
"R3DLK9253IWQ0S","Reviewed in the United States on October 21, 2021",5,"Great controller and sleek looking.","The controller works great and looks amazing, wish my PS5 came in black originally but it’s not a big deal.",true,1,15,"114","B08FC6C75Y","playstation 5",false,69,"USD",0,0,0,34240,4.8,"https://www.amazon.com/dp/B08FC6C75Y","164352.00",false,false,false,false,"Playstation DualSense Wireless Controller","https://m.media-amazon.com/images/I/612bjwBuobS._AC_UY218_.jpg"
"R10834QEQ8XZXC","Reviewed in the United States on October 21, 2021",4,"Wonderful controller, questionable QC.","The PlayStation Dualsense (DS5) controller has several features that the previous generation didn't, but I fear that quality control may be an issue. I was lucky enough to receive a perfectly functioning DS5 with my PlayStation 5, the controller model is the newer of the two current variants.When shopping for a second controller, I purchased one brand new from Amazon in midnight black. When it arrived, this model is the older of the two variants. The left thumbstick was creaking in various spots and felt like it had areas of resistance in the range of motion. Amazon was kind enough to send a replacement that arrived the following day. The replacement is also the older variant of the DS5 controller, however, this controller is perfect.Long story short, if you purchase one brand new from Amazon and it creaks, squeaks, or doesn't feel as it should, request a replacement. I feel that PlayStation needs to focus more on their quality instead of quantity, and consumers deserve to receive an acceptable product with every purchase, especially when these next-gen controllers cost as much as they do.",true,1,15,"114","B08FC6C75Y","playstation 5",false,69,"USD",0,0,0,34240,4.8,"https://www.amazon.com/dp/B08FC6C75Y","164352.00",false,false,false,false,"Playstation DualSense Wireless Controller","https://m.media-amazon.com/images/I/612bjwBuobS._AC_UY218_.jpg"
"RDB0BWKP8L8OA","Reviewed in the United States on October 20, 2021",4,"Recomendado!!","Es muy funcional y ha funcionado muy bien",true,1,15,"114","B08FC6C75Y","playstation 5",false,69,"USD",0,0,0,34240,4.8,"https://www.amazon.com/dp/B08FC6C75Y","164352.00",false,false,false,false,"Playstation DualSense Wireless Controller","https://m.media-amazon.com/images/I/612bjwBuobS._AC_UY218_.jpg"
"R2DLNV59IO54I","Reviewed in the United States on October 20, 2021",5,"Best Gaming Controller I've ever had. Best for PC too.","This controller works great with my P.C. I don't have a PS5 and I don't plan to get one however the controller they designed is great. It's gyros enable you to use motion control with switch emulators and it works well.",true,1,15,"114","B08FC6C75Y","playstation 5",false,69,"USD",0,0,0,34240,4.8,"https://www.amazon.com/dp/B08FC6C75Y","164352.00",false,false,false,false,"Playstation DualSense Wireless Controller","https://m.media-amazon.com/images/I/612bjwBuobS._AC_UY218_.jpg"
"RL7UHO91X46LH","Reviewed in the United States on October 20, 2021",1,"not supported for ps4","The ps5 controller will only connect through your remote play, didn’t expect that",true,1,15,"114","B08FC6C75Y","playstation 5",false,69,"USD",0,0,0,34240,4.8,"https://www.amazon.com/dp/B08FC6C75Y","164352.00",false,false,false,false,"Playstation DualSense Wireless Controller","https://m.media-amazon.com/images/I/612bjwBuobS._AC_UY218_.jpg"
"R3L7OPHJSBQNFQ","Reviewed in the United States on October 14, 2021",5,"Best game ever","My boyfriend love the game is great",true,1,16,"115","B08R2278KB","playstation 5",false,99.99,"USD",0,0,0,9,4.6,"https://www.amazon.com/dp/B08R2278KB","41.40",false,false,false,false,"Back 4 Blood Ultimate Edition - PlayStation 5 Ultimate Edition","https://m.media-amazon.com/images/I/81gh7gOGzRL._AC_UY218_.jpg"
"R2PSB0EZ46KWBJ","Reviewed in the United States on October 12, 2021",5,"Hmm","This game is hella fun it's a must buy",true,1,16,"115","B08R2278KB","playstation 5",false,99.99,"USD",0,0,0,9,4.6,"https://www.amazon.com/dp/B08R2278KB","41.40",false,false,false,false,"Back 4 Blood Ultimate Edition - PlayStation 5 Ultimate Edition","https://m.media-amazon.com/images/I/81gh7gOGzRL._AC_UY218_.jpg"
"R1QQKAFR4H849Y","Reviewed in the United States on October 8, 2021",1,"Bad","Everything is bad about this game. Scenarios is garbage. Mom is politics, uncle surprisely another super hero, gf is fcng super hero evil enemy... + plus huge benefits of the new generation - 30 fps with Ray trashing (phone correction) and 60 with upscale. Enjoy this dlc.",true,1,17,"116","B08FC66ZV4","playstation 5",false,69.99,"USD",0,0,0,6869,4.8,"https://www.amazon.com/dp/B08FC66ZV4","32971.20",false,false,false,false,"Marvel's Spider-Man: Miles Morales Ultimate Launch Edition – PlayStation 5","https://m.media-amazon.com/images/I/71bqboqDUiL._AC_UY218_.jpg"
"R1VQKE7733VSYW","Reviewed in the United States on October 6, 2021",5,"Great game","Great game you get miles and the original remastered for ps5. Super fun game looks great on the next gen let’s go!",true,1,17,"116","B08FC66ZV4","playstation 5",false,69.99,"USD",0,0,0,6869,4.8,"https://www.amazon.com/dp/B08FC66ZV4","32971.20",false,false,false,false,"Marvel's Spider-Man: Miles Morales Ultimate Launch Edition – PlayStation 5","https://m.media-amazon.com/images/I/71bqboqDUiL._AC_UY218_.jpg"
"R2MB2X8DDYJR0F","Reviewed in the United States on October 3, 2021",3,"Short game","Short game",true,1,17,"116","B08FC66ZV4","playstation 5",false,69.99,"USD",0,0,0,6869,4.8,"https://www.amazon.com/dp/B08FC66ZV4","32971.20",false,false,false,false,"Marvel's Spider-Man: Miles Morales Ultimate Launch Edition – PlayStation 5","https://m.media-amazon.com/images/I/71bqboqDUiL._AC_UY218_.jpg"
"R1BTHQNSTRHRPF","Reviewed in the United States on September 22, 2021",5,"Insomiac delivers again!","Seriously if you like the other spider man get this!",true,1,17,"116","B08FC66ZV4","playstation 5",false,69.99,"USD",0,0,0,6869,4.8,"https://www.amazon.com/dp/B08FC66ZV4","32971.20",false,false,false,false,"Marvel's Spider-Man: Miles Morales Ultimate Launch Edition – PlayStation 5","https://m.media-amazon.com/images/I/71bqboqDUiL._AC_UY218_.jpg"
"R15HLI3YNC47RM","Reviewed in the United States on September 15, 2021",3,"Bad Writing and Wokeness, other than that, pretty great!","This game looks great, feels responsive, and improves on the movement from the first game. A lot of the traversal things you needed to unlock in the first game are available from the get go, like being able to do a high jump running start, etc.The new powers of electricity and invisibility are fantastic and you will use them a lot. The stealth gameplay is a lot better in this game.I like a lot of the characters in this game like Miles friend Ganke, but some not so much. I also enjoyed a lot of the story elements and the passing of the torch.My biggest/Only problems with this game are the writing and some ""woke"" stuff.The main antagonist is very horribly written in the latter half and without spoiling anything, has a lot to do with miles. I will include a spoilers section below on my issues with the story. Not only her, but also some other things as well.Also, going back to the woke part in the game. Early in the game, theres a rally. There, you literally meet a deaf person and right after that 2 l3sbians, like it is really forced. Some people will say whats wrong with that, nothing inherently except the latter part, but it is clearly pushed in your face and because they are in later parts of the game as well.Then they got the B-L-M wall in the game and they force you to interact with it because after you finish all the phone app missions, they put the suit they make you right underneath it and it has like 2 different camera pans just showing the wall like ""Yeah, that's right, this is good and we believe it and we need you to know and see and were so good"".Also the Danika stuff was so cringe and I am glad you're able to just disable her permanently, sadly though not for the construction site missions that makes absolutely no sense why she is involved, like she's some master reporter hacker on the case.Overall, the combat and movement were improved from the first game, had some great characters like Miles, Ganke, prowler, cool missions and side stuff, etc. Really its just the writing/woke that makes this a 3/5 for me.----------------------------------------------------------------------------------------------------------------------------------------------------------------------------------SPOILERS BELOW: WRITING ISSUES:The writing in the 2nd half with tinkerer was awful. Her not telling Miles about anything, then when he figures it out, she gets weird that he doesn't want to tell her anything, when she was lying and hiding the whole time and he figured it out without her confiding in him. Then her intentions and trust are just stupid for no reason, then she literally bombs like 1000 cars and possibly kills hundreds of people and just an overall awful person, then ""sacrifices"" herself in the end as if she is this amazing person. Also, why in the world were Miles closest friends/family like 10 ft away from the reactor in the end, they were literally supposed to run away like an hour before that and they all just ran back there in 2 secs???",true,1,17,"116","B08FC66ZV4","playstation 5",false,69.99,"USD",0,0,0,6869,4.8,"https://www.amazon.com/dp/B08FC66ZV4","32971.20",false,false,false,false,"Marvel's Spider-Man: Miles Morales Ultimate Launch Edition – PlayStation 5","https://m.media-amazon.com/images/I/71bqboqDUiL._AC_UY218_.jpg"
"R2OYP766S5LBQI","Reviewed in the United States on September 1, 2021",5,"I like spooderman","This is a good game. Its a story driven experience, but still has fun combat. So you beat up bad guys, fight q boss and watch some cutscenes that are slightly interactive. For some people it might not be actiony enough, but I think it struck q good balance.",true,1,17,"116","B08FC66ZV4","playstation 5",false,69.99,"USD",0,0,0,6869,4.8,"https://www.amazon.com/dp/B08FC66ZV4","32971.20",false,false,false,false,"Marvel's Spider-Man: Miles Morales Ultimate Launch Edition – PlayStation 5","https://m.media-amazon.com/images/I/71bqboqDUiL._AC_UY218_.jpg"
"R30HQA3V8BXSCY","Reviewed in the United States on September 1, 2021",5,"One of the most impressive launch titles I've ever played","I held out on playing this on ps4 as I was determined to play it on ps5 and man was the wait worth it! The game is a huge technical improvement over spiderman 2018 in every single way. Even playing the ""performance RT"" mode which is dynamic 1440p ray tracing 60fps it is a far better experience than the pro version of 2018. This is the perfect showcase for what the ps5 can do and it's only gonna get better from here.",true,1,17,"116","B08FC66ZV4","playstation 5",false,69.99,"USD",0,0,0,6869,4.8,"https://www.amazon.com/dp/B08FC66ZV4","32971.20",false,false,false,false,"Marvel's Spider-Man: Miles Morales Ultimate Launch Edition – PlayStation 5","https://m.media-amazon.com/images/I/71bqboqDUiL._AC_UY218_.jpg"
"R3IVU8AQRLN7DQ","Reviewed in the United States on August 29, 2021",1,"New Purchase of Ultimate; No Upgrade Code for Original Spider-Man","Purchased a new copy of the Ultimate Edition for PS5 in June (directly from Amazon). The insert had the code for the special pre-order items, and they did work. But there is no promised code for the upgraded version of the original Spider-Man, either as in code in the case or as an email from Amazon as sometimes happens with some promotional items, so I'm out $20 to upgrade. Good job Sony and Amazon, for your horrendous promotion of this product.",true,1,17,"116","B08FC66ZV4","playstation 5",false,69.99,"USD",0,0,0,6869,4.8,"https://www.amazon.com/dp/B08FC66ZV4","32971.20",false,false,false,false,"Marvel's Spider-Man: Miles Morales Ultimate Launch Edition – PlayStation 5","https://m.media-amazon.com/images/I/71bqboqDUiL._AC_UY218_.jpg"
"R20CKVNC3BYYJL","Reviewed in the United States on August 26, 2021",5,"Perfect","Fast,perfect",true,1,17,"116","B08FC66ZV4","playstation 5",false,69.99,"USD",0,0,0,6869,4.8,"https://www.amazon.com/dp/B08FC66ZV4","32971.20",false,false,false,false,"Marvel's Spider-Man: Miles Morales Ultimate Launch Edition – PlayStation 5","https://m.media-amazon.com/images/I/71bqboqDUiL._AC_UY218_.jpg"
"R6RVMCRQ46JAG","Reviewed in the United States on August 26, 2021",4,"Fells a little shorter then the first one.","Played the first spiderman and enjoyed it so I had to try this one. This is a lot more of the first spiderman, but feels like it could have just been a big DLC for the first one. The story does not feel as long as the first one, but still a solid game. Get it on sale and you wont be disappointed.",true,1,17,"116","B08FC66ZV4","playstation 5",false,69.99,"USD",0,0,0,6869,4.8,"https://www.amazon.com/dp/B08FC66ZV4","32971.20",false,false,false,false,"Marvel's Spider-Man: Miles Morales Ultimate Launch Edition – PlayStation 5","https://m.media-amazon.com/images/I/71bqboqDUiL._AC_UY218_.jpg"
"cr-translate-1930212321",,,"","",false,1,18,"117","B08LZGPPBH","playstation 5",false,0,"USD",0,0,0,2126,4.7,"https://www.amazon.com/dp/B08LZGPPBH","9992.20",false,false,true,false,"PS5 Controller Charger Station, PS5 Charging Station with Fast Charging AC Adapter 5V/3A, Playstation 5 Dual Controller Ch...","https://m.media-amazon.com/images/I/61c4Ud7Os4L._AC_UY218_.jpg"
"RFP6LMXHDF8UR","Reviewed in the United States on October 22, 2021",5,"Great charging station...works well!","I had one of these for my PS4 controllers so wanted the same for the PS5.I was very pleasantly surprised on how well it works and ease of use.I just throw the controllers on it when I'm done and next time I'm good to go.Good product!",true,1,18,"117","B08LZGPPBH","playstation 5",false,0,"USD",0,0,0,2126,4.7,"https://www.amazon.com/dp/B08LZGPPBH","9992.20",false,false,true,false,"PS5 Controller Charger Station, PS5 Charging Station with Fast Charging AC Adapter 5V/3A, Playstation 5 Dual Controller Ch...","https://m.media-amazon.com/images/I/61c4Ud7Os4L._AC_UY218_.jpg"
"R3NIVPVS00MS7N","Reviewed in the United States on October 22, 2021",3,"Buen producto, pero parece usado","Llego bien empacado y todo pero la pantalla frontal venia con rayones pequeños como si ya hubiera sido usado. Igual el producto funciona muy bien",true,1,18,"117","B08LZGPPBH","playstation 5",false,0,"USD",0,0,0,2126,4.7,"https://www.amazon.com/dp/B08LZGPPBH","9992.20",false,false,true,false,"PS5 Controller Charger Station, PS5 Charging Station with Fast Charging AC Adapter 5V/3A, Playstation 5 Dual Controller Ch...","https://m.media-amazon.com/images/I/61c4Ud7Os4L._AC_UY218_.jpg"
"RPL349EYSEYP","Reviewed in the United States on October 20, 2021",5,"We 💘 it","Thank u",true,1,18,"117","B08LZGPPBH","playstation 5",false,0,"USD",0,0,0,2126,4.7,"https://www.amazon.com/dp/B08LZGPPBH","9992.20",false,false,true,false,"PS5 Controller Charger Station, PS5 Charging Station with Fast Charging AC Adapter 5V/3A, Playstation 5 Dual Controller Ch...","https://m.media-amazon.com/images/I/61c4Ud7Os4L._AC_UY218_.jpg"
"R2OKN85AF3XMQR","Reviewed in the United States on October 20, 2021",5,"Very good and works fine","good product",true,1,18,"117","B08LZGPPBH","playstation 5",false,0,"USD",0,0,0,2126,4.7,"https://www.amazon.com/dp/B08LZGPPBH","9992.20",false,false,true,false,"PS5 Controller Charger Station, PS5 Charging Station with Fast Charging AC Adapter 5V/3A, Playstation 5 Dual Controller Ch...","https://m.media-amazon.com/images/I/61c4Ud7Os4L._AC_UY218_.jpg"
"R2ZJ6S9LA6LX0O","Reviewed in the United States on October 19, 2021",4,"Doesn’t charge under 80%?","I can’t say if it’s the controller or the charger design but I can’t get the controller in the cradle without inadvertently hitting a button.I like to leave my game running all the time on pause so it’s difficult to get in the cradle without unpausing.It only charges once the controller drops below 80% which feels like cheap internal components but I can’t say if that goes for all chargers or just non-OEM.",true,1,18,"117","B08LZGPPBH","playstation 5",false,0,"USD",0,0,0,2126,4.7,"https://www.amazon.com/dp/B08LZGPPBH","9992.20",false,false,true,false,"PS5 Controller Charger Station, PS5 Charging Station with Fast Charging AC Adapter 5V/3A, Playstation 5 Dual Controller Ch...","https://m.media-amazon.com/images/I/61c4Ud7Os4L._AC_UY218_.jpg"
"R24MZ757683NL5","Reviewed in the United States on October 17, 2021",4,"Pretty nice BUT","Works great BUT only problem is I’m having to take my silicone protection covers off my controllers in order for the base to detect that they are on the dock. That SUCKS!",true,1,18,"117","B08LZGPPBH","playstation 5",false,0,"USD",0,0,0,2126,4.7,"https://www.amazon.com/dp/B08LZGPPBH","9992.20",false,false,true,false,"PS5 Controller Charger Station, PS5 Charging Station with Fast Charging AC Adapter 5V/3A, Playstation 5 Dual Controller Ch...","https://m.media-amazon.com/images/I/61c4Ud7Os4L._AC_UY218_.jpg"
"R11IRJS4YBY093","Reviewed in the United States on October 17, 2021",2,"Poor quality","Lights on the front that indicate charging have gone out after just a couple months. Still charges the controllers but I don't expect it to last must longer with this build quality.",true,1,18,"117","B08LZGPPBH","playstation 5",false,0,"USD",0,0,0,2126,4.7,"https://www.amazon.com/dp/B08LZGPPBH","9992.20",false,false,true,false,"PS5 Controller Charger Station, PS5 Charging Station with Fast Charging AC Adapter 5V/3A, Playstation 5 Dual Controller Ch...","https://m.media-amazon.com/images/I/61c4Ud7Os4L._AC_UY218_.jpg"
"R9D2PQRICXZ6U","Reviewed in the United States on October 14, 2021",1,"Does not work if controller has some cover/skins","The charging port on the station will not connect with the controller ,if the controller has some skin/cover over it.",true,1,18,"117","B08LZGPPBH","playstation 5",false,0,"USD",0,0,0,2126,4.7,"https://www.amazon.com/dp/B08LZGPPBH","9992.20",false,false,true,false,"PS5 Controller Charger Station, PS5 Charging Station with Fast Charging AC Adapter 5V/3A, Playstation 5 Dual Controller Ch...","https://m.media-amazon.com/images/I/61c4Ud7Os4L._AC_UY218_.jpg"
"RBZG31SVK4BTY","Reviewed in the United States on October 14, 2021",4,"Good","I wish the controller sat in the dock better",true,1,18,"117","B08LZGPPBH","playstation 5",false,0,"USD",0,0,0,2126,4.7,"https://www.amazon.com/dp/B08LZGPPBH","9992.20",false,false,true,false,"PS5 Controller Charger Station, PS5 Charging Station with Fast Charging AC Adapter 5V/3A, Playstation 5 Dual Controller Ch...","https://m.media-amazon.com/images/I/61c4Ud7Os4L._AC_UY218_.jpg"
"R20C18KWZUYMNL","Reviewed in the United States on October 12, 2021",3,"PS5 overrated","Hard to pair, PS5 products highly overrated for the cost should have waited",true,1,18,"117","B08LZGPPBH","playstation 5",false,0,"USD",0,0,0,2126,4.7,"https://www.amazon.com/dp/B08LZGPPBH","9992.20",false,false,true,false,"PS5 Controller Charger Station, PS5 Charging Station with Fast Charging AC Adapter 5V/3A, Playstation 5 Dual Controller Ch...","https://m.media-amazon.com/images/I/61c4Ud7Os4L._AC_UY218_.jpg"
"cr-translate--1673001077",,,"","",false,1,20,"119","B097VH5CJN","playstation 5",false,59.99,"USD",0,0,0,14,4.8,"https://www.amazon.com/dp/B097VH5CJN","67.20",false,false,false,false,"Sponsored Ad - Demon Slayer: The Hinokami Chronicles - PlayStation 5","https://m.media-amazon.com/images/I/81vHVefEK8L._AC_UY218_.jpg"
"R3SU1GVWNTOMPD","Reviewed in the United States on October 16, 2021",5,"Came same day and Pre-order bonus was there👍🏻","Game came same day of release with prime. Pre-order bonus was included which is nice 👍🏻As for the game…Combat is fun it does have a smaller roster but each character for the most part is very unique and with free dlc in the future can’t really complain.Story mode is going to run a casual player 8-10 hoursAmazing boss battles and cutscenesOnline causal play and ranked playLocal play as wellOverall 8/10Pretty fun overall but if your not into online play, after the story mode you really don’t have much going for you 👍🏻",true,1,20,"119","B097VH5CJN","playstation 5",false,59.99,"USD",0,0,0,14,4.8,"https://www.amazon.com/dp/B097VH5CJN","67.20",false,false,false,false,"Sponsored Ad - Demon Slayer: The Hinokami Chronicles - PlayStation 5","https://m.media-amazon.com/images/I/81vHVefEK8L._AC_UY218_.jpg"
"R35A76WFSKG4SW","Reviewed in Mexico on October 18, 2021",,"Una compra obligada para fans","Un videojuego muy similar a la saga ninja storm de Naruto pero con un combate más táctico, el juego en sí tiene mucho contenido por desbloquear, las gráficas son muy bonitas e incluso parece que juegas con el anime, el modo historia es lineal y muy entretenido, las peleas contra los jefes son variadas ya que cada jefe representa un modo de combate distinto muy similar a lo visto en el anime.El juego incluye contenido descargable:- Kimetsu Academy Tanjiro (skins)- Tanjiro Avatar psn- Nezuko Avatar psnEn fin si eres fan de Demon Slayer no dudes en adquirir este gran videojuego y echar la reta local y online.#Roboglish",true,1,20,"119","B097VH5CJN","playstation 5",false,59.99,"USD",0,0,0,14,4.8,"https://www.amazon.com/dp/B097VH5CJN","67.20",false,false,false,false,"Sponsored Ad - Demon Slayer: The Hinokami Chronicles - PlayStation 5","https://m.media-amazon.com/images/I/81vHVefEK8L._AC_UY218_.jpg"
"R3FIKKXIB3HYDR","Reviewed in Canada on October 16, 2021",,"Finally a demon slayer game","Plays pretty much like the Ninja storm games . Really fun if u like the demon slayer world and characters",true,1,20,"119","B097VH5CJN","playstation 5",false,59.99,"USD",0,0,0,14,4.8,"https://www.amazon.com/dp/B097VH5CJN","67.20",false,false,false,false,"Sponsored Ad - Demon Slayer: The Hinokami Chronicles - PlayStation 5","https://m.media-amazon.com/images/I/81vHVefEK8L._AC_UY218_.jpg"
"R3RBJFQ5S29ZTD","Reviewed in Canada on October 16, 2021",,"New to the serie and love it!","I want to be clear. I have never played a naruto or demon slayer game before. Im more of the ""jrpg turn base"" type of guy and im already in love with this game. Story mode is fun. Lots of collectibles to unlock such as profile pictures and costumes. Voice acting is good. Ranked multiplayer is where you'll spend most of your time I think because the story mode is around 15 hours (40+ if you want to unlock everything).Dont be fooled by people who say its only 30 fps and is unnaceptable on ps5. I can tell you I play PC games at 100+ fps and this game is a solid smooth 30fps that honestly feel like 50 fps. There is already a 60 fps patch announced by the dev and coming soon.Pick it up!!",true,1,20,"119","B097VH5CJN","playstation 5",false,59.99,"USD",0,0,0,14,4.8,"https://www.amazon.com/dp/B097VH5CJN","67.20",false,false,false,false,"Sponsored Ad - Demon Slayer: The Hinokami Chronicles - PlayStation 5","https://m.media-amazon.com/images/I/81vHVefEK8L._AC_UY218_.jpg"