"review.id","review.review_data","review.rating","review.title","review.review","review.verified_purchase","product.position.page","product.position.position","product.position.global_position","product.asin","product.keyword","product.price.discounted","product.price.current_price","product.price.currency","product.price.before_price","product.price.savings_amount","product.price.savings_percent","product.reviews.total_reviews","product.reviews.rating","product.url","product.score","product.sponsored","product.amazonChoice","product.bestSeller","product.amazonPrime","product.title","product.thumbnail"
"R2G4NSYSEYT76E","Reviewed in the United States on October 22, 2021",5,"Best value on a VR gaming PC I could find.","I'm new to VR gaming and didn't want to break the bank.This PC was the best value I was able to find.",true,1,1,"11","B08FBK2DK5","dell alienware",false,949.99,"USD",0,0,0,4162,4.6,"https://www.amazon.com/dp/B08FBK2DK5","19145.20",false,false,false,false,"Sponsored Ad - Gamer Xtreme VR Gaming PC, Intel i5-10400F 2.9GHz, GeForce GTX 1660 Super 6GB, 8GB DDR4, 500GB NVMe SSD, W...","https://m.media-amazon.com/images/I/81Wx7hw9vwL._AC_UY218_.jpg"
"R1FWKYBU7QGOPY","Reviewed in the United States on October 19, 2021",4,"Good PC","The PC itself is well built and quite quick. Very quiet and the RGB is responsive and for my purposes can be turned off.I'm using this PC to run ProPresenter in a church so the RGB was unnecessary but I did need the graphics card.The keyboard has a decent feel and subtle lighting that will help find the keys but not be distracting.The mouse that comes with it was a good attempt but not impressive and the top two buttons had to be filed down to keep from sticking.I would buy again for the PC, and again.",true,1,1,"11","B08FBK2DK5","dell alienware",false,949.99,"USD",0,0,0,4162,4.6,"https://www.amazon.com/dp/B08FBK2DK5","19145.20",false,false,false,false,"Sponsored Ad - Gamer Xtreme VR Gaming PC, Intel i5-10400F 2.9GHz, GeForce GTX 1660 Super 6GB, 8GB DDR4, 500GB NVMe SSD, W...","https://m.media-amazon.com/images/I/81Wx7hw9vwL._AC_UY218_.jpg"
"RQ9VAHMUTQWAK","Reviewed in the United States on October 18, 2021",5,"New to gaming and its perfecr for me","This computer has been super nice for ke as a beginner. Plenty of room to add more stuff if i ever get serious about buying more add ons. Big fan",true,1,1,"11","B08FBK2DK5","dell alienware",false,949.99,"USD",0,0,0,4162,4.6,"https://www.amazon.com/dp/B08FBK2DK5","19145.20",false,false,false,false,"Sponsored Ad - Gamer Xtreme VR Gaming PC, Intel i5-10400F 2.9GHz, GeForce GTX 1660 Super 6GB, 8GB DDR4, 500GB NVMe SSD, W...","https://m.media-amazon.com/images/I/81Wx7hw9vwL._AC_UY218_.jpg"
"R1EZHKU852YXSZ","Reviewed in the United States on October 18, 2021",5,"This Computer Cool","This computer play many games and comes with keyboard and mouse. Also offers Amazon Money for reviews so 10/10",true,1,1,"11","B08FBK2DK5","dell alienware",false,949.99,"USD",0,0,0,4162,4.6,"https://www.amazon.com/dp/B08FBK2DK5","19145.20",false,false,false,false,"Sponsored Ad - Gamer Xtreme VR Gaming PC, Intel i5-10400F 2.9GHz, GeForce GTX 1660 Super 6GB, 8GB DDR4, 500GB NVMe SSD, W...","https://m.media-amazon.com/images/I/81Wx7hw9vwL._AC_UY218_.jpg"
"R114FJ1L716HTH","Reviewed in the United States on October 18, 2021",5,"Good bang for your buck","It came much earlier than expected and it works flawlessly right out of the box. Installing my extra ssd was easy and took about five minutes. All in all really happy with my purchase.",true,1,1,"11","B08FBK2DK5","dell alienware",false,949.99,"USD",0,0,0,4162,4.6,"https://www.amazon.com/dp/B08FBK2DK5","19145.20",false,false,false,false,"Sponsored Ad - Gamer Xtreme VR Gaming PC, Intel i5-10400F 2.9GHz, GeForce GTX 1660 Super 6GB, 8GB DDR4, 500GB NVMe SSD, W...","https://m.media-amazon.com/images/I/81Wx7hw9vwL._AC_UY218_.jpg"
"RPPQXGSJQ5636","Reviewed in the United States on October 18, 2021",5,"Great PC for WoW","Great PC, easy to setup and get going right out of the box. was able to insert additional RAM for gaming and worked out great.",true,1,1,"11","B08FBK2DK5","dell alienware",false,949.99,"USD",0,0,0,4162,4.6,"https://www.amazon.com/dp/B08FBK2DK5","19145.20",false,false,false,false,"Sponsored Ad - Gamer Xtreme VR Gaming PC, Intel i5-10400F 2.9GHz, GeForce GTX 1660 Super 6GB, 8GB DDR4, 500GB NVMe SSD, W...","https://m.media-amazon.com/images/I/81Wx7hw9vwL._AC_UY218_.jpg"
"RJIP8ZW8I1OCG","Reviewed in the United States on October 17, 2021",5,"Best purchase I’ve ever made!","First this computer came in in less than a week which was amazing. Then once it got here I booted it up and it came with a 1660ti instead of a super?!? I was very excited. Air flow is amazing, temps are fine, hardly any noise, and great performance 10/10",true,1,1,"11","B08FBK2DK5","dell alienware",false,949.99,"USD",0,0,0,4162,4.6,"https://www.amazon.com/dp/B08FBK2DK5","19145.20",false,false,false,false,"Sponsored Ad - Gamer Xtreme VR Gaming PC, Intel i5-10400F 2.9GHz, GeForce GTX 1660 Super 6GB, 8GB DDR4, 500GB NVMe SSD, W...","https://m.media-amazon.com/images/I/81Wx7hw9vwL._AC_UY218_.jpg"
"RMMQG3CO0DL1M","Reviewed in the United States on October 17, 2021",5,"Solid Gaming PC, Would Recommend","I liked the entirety of the PC. No complaints, no problems whatsoever.",true,1,1,"11","B08FBK2DK5","dell alienware",false,949.99,"USD",0,0,0,4162,4.6,"https://www.amazon.com/dp/B08FBK2DK5","19145.20",false,false,false,false,"Sponsored Ad - Gamer Xtreme VR Gaming PC, Intel i5-10400F 2.9GHz, GeForce GTX 1660 Super 6GB, 8GB DDR4, 500GB NVMe SSD, W...","https://m.media-amazon.com/images/I/81Wx7hw9vwL._AC_UY218_.jpg"
"R33DU2QIIL44NK","Reviewed in the United States on October 17, 2021",4,"Amazing cooling system","Amazing for FPS gaming not a lot of noise and it’s cooling system is good for a pre made",true,1,1,"11","B08FBK2DK5","dell alienware",false,949.99,"USD",0,0,0,4162,4.6,"https://www.amazon.com/dp/B08FBK2DK5","19145.20",false,false,false,false,"Sponsored Ad - Gamer Xtreme VR Gaming PC, Intel i5-10400F 2.9GHz, GeForce GTX 1660 Super 6GB, 8GB DDR4, 500GB NVMe SSD, W...","https://m.media-amazon.com/images/I/81Wx7hw9vwL._AC_UY218_.jpg"
"R1WL6R9UTS6WH3","Reviewed in the United States on October 16, 2021",5,"Worth the money","For the $ & already being built, it’s worth the $!",true,1,1,"11","B08FBK2DK5","dell alienware",false,949.99,"USD",0,0,0,4162,4.6,"https://www.amazon.com/dp/B08FBK2DK5","19145.20",false,false,false,false,"Sponsored Ad - Gamer Xtreme VR Gaming PC, Intel i5-10400F 2.9GHz, GeForce GTX 1660 Super 6GB, 8GB DDR4, 500GB NVMe SSD, W...","https://m.media-amazon.com/images/I/81Wx7hw9vwL._AC_UY218_.jpg"
"R14OAELI41P5J","Reviewed in the United States on October 22, 2021",5,"My son loved this as a Gift","I have no idea how excellent (or not) this machine is, but my son (whom it was a gift for) absolutely loves it.He's a gamer and says this is a fantastic machine.He loves the screen and its refresh rate.",true,1,2,"12","B08XFQ9JQ3","dell alienware",false,2235,"USD",0,0,0,267,4.5,"https://www.amazon.com/dp/B08XFQ9JQ3","1201.50",false,false,false,false,"Alienware m17 R4, 17.3 inch FHD (Full HD) Gaming Laptop - Intel Core i7-10870H, 16GB DDR4 RAM, 1TB SSD, NVIDIA GeForce RTX...","https://m.media-amazon.com/images/I/71YoD5BcbqL._AC_UY218_.jpg"
"R1LONMWJJ5IZC7","Reviewed in the United States on October 16, 2021",1,"Hacked","I didn’t order this. This was supposed to be returned. Whoever hacked my account might be enjoying it I guess",true,1,2,"12","B08XFQ9JQ3","dell alienware",false,2235,"USD",0,0,0,267,4.5,"https://www.amazon.com/dp/B08XFQ9JQ3","1201.50",false,false,false,false,"Alienware m17 R4, 17.3 inch FHD (Full HD) Gaming Laptop - Intel Core i7-10870H, 16GB DDR4 RAM, 1TB SSD, NVIDIA GeForce RTX...","https://m.media-amazon.com/images/I/71YoD5BcbqL._AC_UY218_.jpg"
"RHKU9IRO6XL6B","Reviewed in the United States on October 15, 2021",5,"good","i like this .",true,1,2,"12","B08XFQ9JQ3","dell alienware",false,2235,"USD",0,0,0,267,4.5,"https://www.amazon.com/dp/B08XFQ9JQ3","1201.50",false,false,false,false,"Alienware m17 R4, 17.3 inch FHD (Full HD) Gaming Laptop - Intel Core i7-10870H, 16GB DDR4 RAM, 1TB SSD, NVIDIA GeForce RTX...","https://m.media-amazon.com/images/I/71YoD5BcbqL._AC_UY218_.jpg"
"R8YCBEE04A2A7","Reviewed in the United States on October 10, 2021",5,"Amazing Gaming Laptop 17"" screen","It will play any game you can purchase. And I am not talking about fortnite and minecraft. Of course, it can play those games. But if you're a hardcore gamer looking for a good laptop, you're looking for something that can play Red Dead Redemption 2, Control, Assassin's Creed Valhalla, GTA5 (with stacked mods for offline use), etc. etc.,,,The only drawback is you probably want a laptop cooling fan/pad to go below it. It runs hard between 70-80 degrees (C). But it can spike up to the 90's during serious intense gameplay and you don't want that. The internal fusion/fan settings can mitigate most of it. But an extra, external fan doesn't hurt.",true,1,2,"12","B08XFQ9JQ3","dell alienware",false,2235,"USD",0,0,0,267,4.5,"https://www.amazon.com/dp/B08XFQ9JQ3","1201.50",false,false,false,false,"Alienware m17 R4, 17.3 inch FHD (Full HD) Gaming Laptop - Intel Core i7-10870H, 16GB DDR4 RAM, 1TB SSD, NVIDIA GeForce RTX...","https://m.media-amazon.com/images/I/71YoD5BcbqL._AC_UY218_.jpg"
"R2CL6H6JLXR9SO","Reviewed in the United States on October 3, 2021",1,"Defective display","Display is off at startup. Doesn't go on.",true,1,2,"12","B08XFQ9JQ3","dell alienware",false,2235,"USD",0,0,0,267,4.5,"https://www.amazon.com/dp/B08XFQ9JQ3","1201.50",false,false,false,false,"Alienware m17 R4, 17.3 inch FHD (Full HD) Gaming Laptop - Intel Core i7-10870H, 16GB DDR4 RAM, 1TB SSD, NVIDIA GeForce RTX...","https://m.media-amazon.com/images/I/71YoD5BcbqL._AC_UY218_.jpg"
"RZYHOZ4KZOCDV","Reviewed in the United States on September 30, 2021",1,"IT STOPPED WORKING AFTER 1 HOUR OF PLAYING!!!!","I was so excited to finally get a new laptop. I finally got it today and set it up this evening. I played a computer game FOR ONE HOUR before it stopped working. It literally turned off mid-game. It was plugged in and all the way charged, and just turned off and won't turn back on. Even after waiting a half-hour, it still doesn't work. My husband is a network engineer and was unable to fix it. I am so mad right now. I have to wait 2 days before a refund Amazon rep will contact me to send this piece of crap back. I AM FURIOUS! BUYER BEWARE!!!",true,1,2,"12","B08XFQ9JQ3","dell alienware",false,2235,"USD",0,0,0,267,4.5,"https://www.amazon.com/dp/B08XFQ9JQ3","1201.50",false,false,false,false,"Alienware m17 R4, 17.3 inch FHD (Full HD) Gaming Laptop - Intel Core i7-10870H, 16GB DDR4 RAM, 1TB SSD, NVIDIA GeForce RTX...","https://m.media-amazon.com/images/I/71YoD5BcbqL._AC_UY218_.jpg"
"RYKY6PF9BDPPK","Reviewed in the United States on September 30, 2021",5,"Fantastic Laptop for Gaming","This laptop is my first ever purchase from the Alienware brand and I can say that I am thoroughly impressed with this beast! And that's what it is, a beast! I have no issues running all my games. The sound quality is pretty great and the performance is just outmatched compared to anything I've ever used! A very happy customer here for sure!",true,1,2,"12","B08XFQ9JQ3","dell alienware",false,2235,"USD",0,0,0,267,4.5,"https://www.amazon.com/dp/B08XFQ9JQ3","1201.50",false,false,false,false,"Alienware m17 R4, 17.3 inch FHD (Full HD) Gaming Laptop - Intel Core i7-10870H, 16GB DDR4 RAM, 1TB SSD, NVIDIA GeForce RTX...","https://m.media-amazon.com/images/I/71YoD5BcbqL._AC_UY218_.jpg"
"R1AIAB7CEJ1QV5","Reviewed in the United States on September 24, 2021",1,"Freezes up and shuts down","It will freeze up and shut down after I start playing games, I believe it’s defective. I have done all the troubleshooting there is and nothing helps. I would really like to exchange it",true,1,2,"12","B08XFQ9JQ3","dell alienware",false,2235,"USD",0,0,0,267,4.5,"https://www.amazon.com/dp/B08XFQ9JQ3","1201.50",false,false,false,false,"Alienware m17 R4, 17.3 inch FHD (Full HD) Gaming Laptop - Intel Core i7-10870H, 16GB DDR4 RAM, 1TB SSD, NVIDIA GeForce RTX...","https://m.media-amazon.com/images/I/71YoD5BcbqL._AC_UY218_.jpg"
"R1BK83L6R3MXYR","Reviewed in the United States on September 21, 2021",5,"Amazing","Great Laptop for gaming. The 360hz screen is amazing. Loving this laptop so far",true,1,2,"12","B08XFQ9JQ3","dell alienware",false,2235,"USD",0,0,0,267,4.5,"https://www.amazon.com/dp/B08XFQ9JQ3","1201.50",false,false,false,false,"Alienware m17 R4, 17.3 inch FHD (Full HD) Gaming Laptop - Intel Core i7-10870H, 16GB DDR4 RAM, 1TB SSD, NVIDIA GeForce RTX...","https://m.media-amazon.com/images/I/71YoD5BcbqL._AC_UY218_.jpg"
"RDROEBT6IUN2H","Reviewed in the United States on September 19, 2021",2,"buy in person","great laptop! but came with damaged screen, laptop would turn on but screen wouldn't so we had to return, better to just buy in person",true,1,2,"12","B08XFQ9JQ3","dell alienware",false,2235,"USD",0,0,0,267,4.5,"https://www.amazon.com/dp/B08XFQ9JQ3","1201.50",false,false,false,false,"Alienware m17 R4, 17.3 inch FHD (Full HD) Gaming Laptop - Intel Core i7-10870H, 16GB DDR4 RAM, 1TB SSD, NVIDIA GeForce RTX...","https://m.media-amazon.com/images/I/71YoD5BcbqL._AC_UY218_.jpg"
"R1UV0UTEOIKOVM","Reviewed in the United States on October 3, 2021",5,"Received product that was advertised","Received the Alienware area51m r2 on the date they said I would receive it. Package was new and did not look tampered with. All specs matched what was advertised (i7 10700k. 16g ram. display. rtx 2070 super).",true,1,3,"13","B08DWGVNZH","dell alienware",true,2569.97,"USD",2899.99,330.02,11.38,635,4.5,"https://www.amazon.com/dp/B08DWGVNZH","2857.50",false,false,false,false,"Alienware Area 51M Gaming Laptop, 17.3"" 300hz 3ms FHD Display, Intel Core i7-10700K, Nvidia GeForce RTX 2070 Super 8GB GDD...","https://m.media-amazon.com/images/I/71BQimu5ChL._AC_UY218_.jpg"
"R34EXGYYE1NFDF","Reviewed in the United States on October 2, 2021",4,"Great Laptop But...","DO NOT be mistaken this is an extremely powerful laptop and after buying it I have no regrets but...The fans may be extremely loud. The first day I got it it wasn't loud at all, and the temperatures weren't that bad at all, but the second day of use the fans switched from quiet to a plane taking off. still the performance is great and that is my reveiw.",true,1,3,"13","B08DWGVNZH","dell alienware",true,2569.97,"USD",2899.99,330.02,11.38,635,4.5,"https://www.amazon.com/dp/B08DWGVNZH","2857.50",false,false,false,false,"Alienware Area 51M Gaming Laptop, 17.3"" 300hz 3ms FHD Display, Intel Core i7-10700K, Nvidia GeForce RTX 2070 Super 8GB GDD...","https://m.media-amazon.com/images/I/71BQimu5ChL._AC_UY218_.jpg"
"R1LXN1JBMNPOP0","Reviewed in the United States on September 25, 2021",5,"awesome","this is an amazing laptop for the price",true,1,3,"13","B08DWGVNZH","dell alienware",true,2569.97,"USD",2899.99,330.02,11.38,635,4.5,"https://www.amazon.com/dp/B08DWGVNZH","2857.50",false,false,false,false,"Alienware Area 51M Gaming Laptop, 17.3"" 300hz 3ms FHD Display, Intel Core i7-10700K, Nvidia GeForce RTX 2070 Super 8GB GDD...","https://m.media-amazon.com/images/I/71BQimu5ChL._AC_UY218_.jpg"
"R2CRTMEGXOLD2F","Reviewed in the United States on September 21, 2021",5,"Cool","This doesn't have a touch screen. Bad ass labtop though plays everything on max graphics.",true,1,3,"13","B08DWGVNZH","dell alienware",true,2569.97,"USD",2899.99,330.02,11.38,635,4.5,"https://www.amazon.com/dp/B08DWGVNZH","2857.50",false,false,false,false,"Alienware Area 51M Gaming Laptop, 17.3"" 300hz 3ms FHD Display, Intel Core i7-10700K, Nvidia GeForce RTX 2070 Super 8GB GDD...","https://m.media-amazon.com/images/I/71BQimu5ChL._AC_UY218_.jpg"
"RXEHNW97RIQEI","Reviewed in the United States on September 21, 2021",5,"Good machine.","Got exactly what I ordered. A little pricey but overall a great machine. Touchpad is buggy with windows haptics controls.",true,1,3,"13","B08DWGVNZH","dell alienware",true,2569.97,"USD",2899.99,330.02,11.38,635,4.5,"https://www.amazon.com/dp/B08DWGVNZH","2857.50",false,false,false,false,"Alienware Area 51M Gaming Laptop, 17.3"" 300hz 3ms FHD Display, Intel Core i7-10700K, Nvidia GeForce RTX 2070 Super 8GB GDD...","https://m.media-amazon.com/images/I/71BQimu5ChL._AC_UY218_.jpg"
"R33V36AOHWOEZV","Reviewed in the United States on September 9, 2021",3,"I expected more","The design might be one of the best out there but I am currently having ise sues with battery life. lets say this device don't have good battery and the track pad scroll is a mess. too slow for the work. I need a fix to this urgently.",true,1,3,"13","B08DWGVNZH","dell alienware",true,2569.97,"USD",2899.99,330.02,11.38,635,4.5,"https://www.amazon.com/dp/B08DWGVNZH","2857.50",false,false,false,false,"Alienware Area 51M Gaming Laptop, 17.3"" 300hz 3ms FHD Display, Intel Core i7-10700K, Nvidia GeForce RTX 2070 Super 8GB GDD...","https://m.media-amazon.com/images/I/71BQimu5ChL._AC_UY218_.jpg"
"RETVPC5F0XB25","Reviewed in the United States on September 7, 2021",5,"Alienware Area 51M Gaming Laptop","Alienware Area 51M Gaming Laptop",true,1,3,"13","B08DWGVNZH","dell alienware",true,2569.97,"USD",2899.99,330.02,11.38,635,4.5,"https://www.amazon.com/dp/B08DWGVNZH","2857.50",false,false,false,false,"Alienware Area 51M Gaming Laptop, 17.3"" 300hz 3ms FHD Display, Intel Core i7-10700K, Nvidia GeForce RTX 2070 Super 8GB GDD...","https://m.media-amazon.com/images/I/71BQimu5ChL._AC_UY218_.jpg"
"RO20A6VZIARX7","Reviewed in the United States on September 6, 2021",4,"Great but not Right out of the Box","This laptop has been great but I had some issues initially out of the box. Some changes were required to get this laptop to run properly on games and increase the battery life.",true,1,3,"13","B08DWGVNZH","dell alienware",true,2569.97,"USD",2899.99,330.02,11.38,635,4.5,"https://www.amazon.com/dp/B08DWGVNZH","2857.50",false,false,false,false,"Alienware Area 51M Gaming Laptop, 17.3"" 300hz 3ms FHD Display, Intel Core i7-10700K, Nvidia GeForce RTX 2070 Super 8GB GDD...","https://m.media-amazon.com/images/I/71BQimu5ChL._AC_UY218_.jpg"
"R1ZD1VTNX0ZIXY","Reviewed in the United States on August 31, 2021",1,"Only for gaming","We bought this product for my son with the intent of using for both school and gaming.It will not work for school.Don't try it.Once in gaming mode with Alienware, always there.No support from Dell directly or otherwise will help you make it ""street legal"".",true,1,3,"13","B08DWGVNZH","dell alienware",true,2569.97,"USD",2899.99,330.02,11.38,635,4.5,"https://www.amazon.com/dp/B08DWGVNZH","2857.50",false,false,false,false,"Alienware Area 51M Gaming Laptop, 17.3"" 300hz 3ms FHD Display, Intel Core i7-10700K, Nvidia GeForce RTX 2070 Super 8GB GDD...","https://m.media-amazon.com/images/I/71BQimu5ChL._AC_UY218_.jpg"
"R2UG9DD2BERTF9","Reviewed in the United States on August 30, 2021",2,"Defective Charger","Got a defective charger with the laptop. It was unexpected from Amazon. The charger is in very bad condition, it stops charging after every 5mins. I don't know how to replace it.",true,1,3,"13","B08DWGVNZH","dell alienware",true,2569.97,"USD",2899.99,330.02,11.38,635,4.5,"https://www.amazon.com/dp/B08DWGVNZH","2857.50",false,false,false,false,"Alienware Area 51M Gaming Laptop, 17.3"" 300hz 3ms FHD Display, Intel Core i7-10700K, Nvidia GeForce RTX 2070 Super 8GB GDD...","https://m.media-amazon.com/images/I/71BQimu5ChL._AC_UY218_.jpg"
"RGFZAPWDD18PD","Reviewed in the United States on September 6, 2021",5,"This is a killer!","I bought this computer for a flight simulator, and no, it is not MS Flight Simulator Game. It is for X-Plane 11 and it is connected to three monitor and all the peripherals. So far it is running quietly, smoothly with excesscapacity on reserve.Hey this an expensive computer, bought on a time where chips are scarce and Graphic Cards are hard to come by. All of this thanks to the Covid-19 Pandemic and the Crypto Craze!If you can get a hand on one of them, you will not regret it!",true,1,6,"16","B0915SLM16","dell alienware",false,2840,"USD",0,0,0,2,5,"https://www.amazon.com/dp/B0915SLM16","10.00",false,false,false,false,"2021 Newest Dell Alienware Aurora R10 Gaming Desktop, GeForce RTX 3080 10GB GDDR6X, AMD Ryzen 5 5600X, 8GB HyperX DDR4 XMP...","https://m.media-amazon.com/images/I/41wPc2eRNVL._AC_UY218_.jpg"
"R1EAJ5JTLMU1R2","Reviewed in the United States on October 13, 2021",5,"No way to play!!!","I received my Alien ware computer today. I was super excited to power it up and game. Unfortunately, I was sent a power cord that is NOT going to work with any of my house plugs. This cord appearsit's meant to to fit European outlets and not United States outlets. I'm more than a little frustrated as you can imagine.I called customer service and Dell.they told me I need to call Amazon and get a number and then call them back to give them said number. If I can ever get the computer up and running, I might be able to give a better review. Until then, my review stays as is.Update:I was able contact the seller through Amazon. The seller was very responsive and shipped me a new compatible cord. I received the cord two day air. I'm thrilled with the performance of the computer and the graphics. I game regularly and to date I haven't had any issues or concerns.",true,1,8,"18","B084GSGQZQ","dell alienware",false,0,"USD",0,0,0,456,4.6,"https://www.amazon.com/dp/B084GSGQZQ","2097.60",false,false,false,false,"New Alienware Aurora R10 Gaming Desktop, AMD Ryzen 7 3700X, AMD Radeon RX 5700 XT 8GB GDDR6, 512GB SSD + 1TB HDD, 16GB, Wi...","https://m.media-amazon.com/images/I/71zqOdsYAzL._AC_UY218_.jpg"
"R243J4CMBXK1PZ","Reviewed in the United States on August 13, 2021",1,"Worst desktop ever - do not buy! Constant video blackouts!","This is the worst desktop I have ever purchased. The cooling fan is so noisy it sounds like a wind tunnel. It runs at high speed under the slightest load. The video blacks out for about 3 seconds every few minutes no matter what you are doing, playing games, surfing the net, etc. At it's worse it will lose the video complete and just show ""snow"". Updating the graphics driver via Alienware's software had provided no improvement. Dell should be ashamed to be selling this system with the problematic AMD 5700xt graphics card and without water cooling. My brother bought the R11 with the Intel processor and better graphics card and it runs silently with no issues. I made the mistake of buying this AMD version and am now stuck with this lemon. Do not buy!",true,1,8,"18","B084GSGQZQ","dell alienware",false,0,"USD",0,0,0,456,4.6,"https://www.amazon.com/dp/B084GSGQZQ","2097.60",false,false,false,false,"New Alienware Aurora R10 Gaming Desktop, AMD Ryzen 7 3700X, AMD Radeon RX 5700 XT 8GB GDDR6, 512GB SSD + 1TB HDD, 16GB, Wi...","https://m.media-amazon.com/images/I/71zqOdsYAzL._AC_UY218_.jpg"
"R3878GBIWUI2Q4","Reviewed in the United States on July 29, 2021",1,"Sent wrong pc","I bought this pc because it had a good price and good specs. When it came in I expected it to have the AMD Radeon RX 5700xt as advertised. I checked my AMD software and the software is telling me that I have the RX 5600XT instead of the 5700XT. If you look at the picture, my pc only has 4 ports for monitors, 3 display ports and 1 HDMI port. The advertised one hads1 DVI, 3 display ports and 1 HDMI.",true,1,8,"18","B084GSGQZQ","dell alienware",false,0,"USD",0,0,0,456,4.6,"https://www.amazon.com/dp/B084GSGQZQ","2097.60",false,false,false,false,"New Alienware Aurora R10 Gaming Desktop, AMD Ryzen 7 3700X, AMD Radeon RX 5700 XT 8GB GDDR6, 512GB SSD + 1TB HDD, 16GB, Wi...","https://m.media-amazon.com/images/I/71zqOdsYAzL._AC_UY218_.jpg"
"R2G9XS7J0H7BQ1","Reviewed in the United States on July 7, 2021",5,"Alienware Aurora R10 Gaming Desktop","It came with a bad motherboard, but the Dell onsite service was great.They replaced it quickly with no problem.This is my 3rd Dell and I like them.I canceled the Asurion warranty and went with Dell's expanded Warranty, much better for sure.",true,1,8,"18","B084GSGQZQ","dell alienware",false,0,"USD",0,0,0,456,4.6,"https://www.amazon.com/dp/B084GSGQZQ","2097.60",false,false,false,false,"New Alienware Aurora R10 Gaming Desktop, AMD Ryzen 7 3700X, AMD Radeon RX 5700 XT 8GB GDDR6, 512GB SSD + 1TB HDD, 16GB, Wi...","https://m.media-amazon.com/images/I/71zqOdsYAzL._AC_UY218_.jpg"
"RO0NRYABOJND0","Reviewed in the United States on June 20, 2021",5,"Definitely Recommend","All I can say is that this computer exceeded my expectations and I would highly recommend it to any gamer in the market for a bad a** computer. Runs everything great!!!",true,1,8,"18","B084GSGQZQ","dell alienware",false,0,"USD",0,0,0,456,4.6,"https://www.amazon.com/dp/B084GSGQZQ","2097.60",false,false,false,false,"New Alienware Aurora R10 Gaming Desktop, AMD Ryzen 7 3700X, AMD Radeon RX 5700 XT 8GB GDDR6, 512GB SSD + 1TB HDD, 16GB, Wi...","https://m.media-amazon.com/images/I/71zqOdsYAzL._AC_UY218_.jpg"
"R1ELO75BYTVJS7","Reviewed in the United States on June 2, 2021",4,"Good but a little on the loud side.","Overall a pretty capable computer runs most games at high settings on a 1440p display and the software for the rgb and stuff is good. It’s not very quiet so if that’s a dealbreaker for you then be aware, I wear noise canceling headphones most of the time anyway and I can’t hear it so it doesn’t bother me.",true,1,8,"18","B084GSGQZQ","dell alienware",false,0,"USD",0,0,0,456,4.6,"https://www.amazon.com/dp/B084GSGQZQ","2097.60",false,false,false,false,"New Alienware Aurora R10 Gaming Desktop, AMD Ryzen 7 3700X, AMD Radeon RX 5700 XT 8GB GDDR6, 512GB SSD + 1TB HDD, 16GB, Wi...","https://m.media-amazon.com/images/I/71zqOdsYAzL._AC_UY218_.jpg"
"R1GR6DTY81ILPR","Reviewed in the United States on May 24, 2021",5,"Gaming","So far havehad no problems, the fans run alot but the keeps it cool...",true,1,8,"18","B084GSGQZQ","dell alienware",false,0,"USD",0,0,0,456,4.6,"https://www.amazon.com/dp/B084GSGQZQ","2097.60",false,false,false,false,"New Alienware Aurora R10 Gaming Desktop, AMD Ryzen 7 3700X, AMD Radeon RX 5700 XT 8GB GDDR6, 512GB SSD + 1TB HDD, 16GB, Wi...","https://m.media-amazon.com/images/I/71zqOdsYAzL._AC_UY218_.jpg"
"R28RCAGPMVPPMK","Reviewed in the United States on May 15, 2021",2,"Works great when it works.Spent way to much on this to be without a computer most the time.","Not long after I got this but out of range for a refund the screen.Every so many days it displays that it has no signal.HDMI won't work.Gone through new ones.Then stops working again.Called customer service.They walked me through this extremely long process of opening the computer up and pulling a small battery out then closing it back up and fixed.Until a day later and I have to repeat the process again.Absolute crap.",true,1,8,"18","B084GSGQZQ","dell alienware",false,0,"USD",0,0,0,456,4.6,"https://www.amazon.com/dp/B084GSGQZQ","2097.60",false,false,false,false,"New Alienware Aurora R10 Gaming Desktop, AMD Ryzen 7 3700X, AMD Radeon RX 5700 XT 8GB GDDR6, 512GB SSD + 1TB HDD, 16GB, Wi...","https://m.media-amazon.com/images/I/71zqOdsYAzL._AC_UY218_.jpg"
"R3LRPD3G9BH9YH","Reviewed in the United States on May 15, 2021",5,"Fan Noise is Not that noticeable.","Works great I have had zero problems with it but its only been a few days ill post again in 30 days and see if its still running the same. But I feel it is amazing definitely 10x better than my XBOX for gaming.",true,1,8,"18","B084GSGQZQ","dell alienware",false,0,"USD",0,0,0,456,4.6,"https://www.amazon.com/dp/B084GSGQZQ","2097.60",false,false,false,false,"New Alienware Aurora R10 Gaming Desktop, AMD Ryzen 7 3700X, AMD Radeon RX 5700 XT 8GB GDDR6, 512GB SSD + 1TB HDD, 16GB, Wi...","https://m.media-amazon.com/images/I/71zqOdsYAzL._AC_UY218_.jpg"
"R312BJTWX2AOSM","Reviewed in the United States on May 15, 2021",2,"Please don't buy Dell product at all","The video graphic stopped working after 6 months even though the PC was under warranty I never got a service from Dell. Very disappointed experience.",true,1,8,"18","B084GSGQZQ","dell alienware",false,0,"USD",0,0,0,456,4.6,"https://www.amazon.com/dp/B084GSGQZQ","2097.60",false,false,false,false,"New Alienware Aurora R10 Gaming Desktop, AMD Ryzen 7 3700X, AMD Radeon RX 5700 XT 8GB GDDR6, 512GB SSD + 1TB HDD, 16GB, Wi...","https://m.media-amazon.com/images/I/71zqOdsYAzL._AC_UY218_.jpg"
"R1WPDIR8M05XAR","Reviewed in the United States on October 23, 2020",2,"Buyer beware: 100C temps while playing any games, 80C+ for web browsing","I've been running this for a few months now and it's still hanging onto life, I'll give it that.Game performance is great - Dota2, Vermintide, Star Wars Squadrons, etc all run well with high settings.The monitor refresh rate is great too, I've used slower refresh rate monitor screens and I don't have any of the blurring or ghosting you get with them.That's good!Now on to temperature and longevity.I've been building desktops for 20 years and no gaming PC I've ever built has exceeded 60-65C temps on the CPU in the middle of the summer upstairs in a bedroom.That's where you want to keep your chip temps so they last.This laptop regularly runs at 95C+ while playing any game and CoreTemp regularly logs 100C temps every session.As I type this review the 6 core temps are 84, 82, 84, 77, 82, and 74 - that's just running Chrome and the Amazon website.Using the Alienware software to turn down the performance and keep the fans running at max with a 3 fan USB cooling pad under it elevated on a monitor stand does nothing to cool this thing down.The area above the keyboard where the power switch sits gets - no joke - too hot to touch.CPUs are not designed to withstand that kind of heat. I wish I had returned this laptop as I know it's going to fail on me from overheating but at this point I'm just going to run it till it dies.I game mostly on my desktop and bought this to game in another room away from the family but it's just not going to last and the keyboard gets too hot to use.A real waste of money and my last Dell product.",true,1,10,"110","B086DD63LZ","dell alienware",false,0,"USD",0,0,0,113,4.4,"https://www.amazon.com/dp/B086DD63LZ","497.20",false,false,false,false,"Dell Alienware M17 17.3"" Full HD Gaming Notebook, Intel Core i7-9750H, 16 GB RAM - 512 GB SSD, NVIDIA GeForce RTX 2060, Wi...","https://m.media-amazon.com/images/I/31rXsYBknnL._AC_UY218_.jpg"
"R7Z8ZW072XUOS","Reviewed in the United States on August 9, 2020",1,"problems playing fallout series games fallot new vegas stops plying fallout fpour keys stop working","laptop is hard to navigate dell and microsoft ruined good gaming computers",true,1,10,"110","B086DD63LZ","dell alienware",false,0,"USD",0,0,0,113,4.4,"https://www.amazon.com/dp/B086DD63LZ","497.20",false,false,false,false,"Dell Alienware M17 17.3"" Full HD Gaming Notebook, Intel Core i7-9750H, 16 GB RAM - 512 GB SSD, NVIDIA GeForce RTX 2060, Wi...","https://m.media-amazon.com/images/I/31rXsYBknnL._AC_UY218_.jpg"
"R13HJIZTV08QB6","Reviewed in the United States on July 25, 2020",5,"Runs well, no complaints","This computer is a great bargain for any gamer, ive used it to play shadow of tomb raider, american truck simulator, disco elysium and ive had no issues. Im not a pc tech so i cant break down the specifics for you but if your looking for a gaming laptop at a reasonable price then this is it. Yes the fan is a bit loud at times but its not at ps4 levels of loud, and i personally have had no issues with the touchpad getting hot. I love it.",true,1,10,"110","B086DD63LZ","dell alienware",false,0,"USD",0,0,0,113,4.4,"https://www.amazon.com/dp/B086DD63LZ","497.20",false,false,false,false,"Dell Alienware M17 17.3"" Full HD Gaming Notebook, Intel Core i7-9750H, 16 GB RAM - 512 GB SSD, NVIDIA GeForce RTX 2060, Wi...","https://m.media-amazon.com/images/I/31rXsYBknnL._AC_UY218_.jpg"
"R1KM529NB23I10","Reviewed in the United States on July 22, 2020",5,"Good computer for gaming and education","Good quality computer. My son is very happy with his purchase.",true,1,10,"110","B086DD63LZ","dell alienware",false,0,"USD",0,0,0,113,4.4,"https://www.amazon.com/dp/B086DD63LZ","497.20",false,false,false,false,"Dell Alienware M17 17.3"" Full HD Gaming Notebook, Intel Core i7-9750H, 16 GB RAM - 512 GB SSD, NVIDIA GeForce RTX 2060, Wi...","https://m.media-amazon.com/images/I/31rXsYBknnL._AC_UY218_.jpg"
"R285M7J54AR3H9","Reviewed in the United States on June 1, 2020",5,"Amazing seller and product","Amazing laptop I have wanted one since I was in high school and finally able to get one and it even came early!!",true,1,10,"110","B086DD63LZ","dell alienware",false,0,"USD",0,0,0,113,4.4,"https://www.amazon.com/dp/B086DD63LZ","497.20",false,false,false,false,"Dell Alienware M17 17.3"" Full HD Gaming Notebook, Intel Core i7-9750H, 16 GB RAM - 512 GB SSD, NVIDIA GeForce RTX 2060, Wi...","https://m.media-amazon.com/images/I/31rXsYBknnL._AC_UY218_.jpg"
"R34YGR9EQZXKQF","Reviewed in the United States on May 19, 2020",5,"Best and most beautiful laptop I've ever owned!","This laptop is incredible. A bit loud, but it performs VERY solidly. It feels like a quality laptop, and for the price I can see you're getting what you pay for! It's very quick, boots up fast (Not as fast as my computer though), and it has basically the same performance of my tower that I use daily. The keyboard is a little lackluster as it's very shallow (as all laptop keyboards are), but they're very nicely lit which I love. The software that came with it was glitched and wouldn't allow me to change the color, but a simple uninstall and reinstall fixed the issue. Other than that, it has performed beautifully! It is my new daily driver for outside my desktop and I don't see myself getting anything new anytime soon!",true,1,10,"110","B086DD63LZ","dell alienware",false,0,"USD",0,0,0,113,4.4,"https://www.amazon.com/dp/B086DD63LZ","497.20",false,false,false,false,"Dell Alienware M17 17.3"" Full HD Gaming Notebook, Intel Core i7-9750H, 16 GB RAM - 512 GB SSD, NVIDIA GeForce RTX 2060, Wi...","https://m.media-amazon.com/images/I/31rXsYBknnL._AC_UY218_.jpg"
"R1AHS4CG1FD0MU","Reviewed in the United States on May 19, 2020",1,"Don`t Buy I had the computer for less then a day and 3 hours on the phone with dell. Paper weight","Don`t Buy I had the computer for less then a day and 3 hours on the phone with dell I have to send them the computer to fix. They had me do recovery create a boot usb. run dell diagnostic and it all passed but will not load or take a new windows load.I might change my review later but still one of my worst experiences I went so far. should have read the other reviews on here.",true,1,10,"110","B086DD63LZ","dell alienware",false,0,"USD",0,0,0,113,4.4,"https://www.amazon.com/dp/B086DD63LZ","497.20",false,false,false,false,"Dell Alienware M17 17.3"" Full HD Gaming Notebook, Intel Core i7-9750H, 16 GB RAM - 512 GB SSD, NVIDIA GeForce RTX 2060, Wi...","https://m.media-amazon.com/images/I/31rXsYBknnL._AC_UY218_.jpg"
"R28B28M9I1RCIP","Reviewed in the United States on February 29, 2020",5,"Dope","Probably the dopest laptop I’ve ever owned. Runs hot but so do I",true,1,10,"110","B086DD63LZ","dell alienware",false,0,"USD",0,0,0,113,4.4,"https://www.amazon.com/dp/B086DD63LZ","497.20",false,false,false,false,"Dell Alienware M17 17.3"" Full HD Gaming Notebook, Intel Core i7-9750H, 16 GB RAM - 512 GB SSD, NVIDIA GeForce RTX 2060, Wi...","https://m.media-amazon.com/images/I/31rXsYBknnL._AC_UY218_.jpg"
"R1MLVTH8MA5L79","Reviewed in the United States on February 18, 2020",4,"Value for money!!","I am an Architect and will use this computer for Rendering and Animations in relevant software.",true,1,10,"110","B086DD63LZ","dell alienware",false,0,"USD",0,0,0,113,4.4,"https://www.amazon.com/dp/B086DD63LZ","497.20",false,false,false,false,"Dell Alienware M17 17.3"" Full HD Gaming Notebook, Intel Core i7-9750H, 16 GB RAM - 512 GB SSD, NVIDIA GeForce RTX 2060, Wi...","https://m.media-amazon.com/images/I/31rXsYBknnL._AC_UY218_.jpg"
"R1UW9850VV5TYS","Reviewed in the United States on December 12, 2019",5,"Great laptop","Great laptop",true,1,10,"110","B086DD63LZ","dell alienware",false,0,"USD",0,0,0,113,4.4,"https://www.amazon.com/dp/B086DD63LZ","497.20",false,false,false,false,"Dell Alienware M17 17.3"" Full HD Gaming Notebook, Intel Core i7-9750H, 16 GB RAM - 512 GB SSD, NVIDIA GeForce RTX 2060, Wi...","https://m.media-amazon.com/images/I/31rXsYBknnL._AC_UY218_.jpg"
"cr-translate-1072479053",,,"","",false,1,12,"112","B07QVH847X","dell alienware",false,0,"USD",0,0,0,10,4.8,"https://www.amazon.com/dp/B07QVH847X","48.00",false,false,false,false,"Dell Alienware Area 51M Laptop, 17.3"" FHD (1920 x 1080), 9th Gen Intel Core i7-9700K, 16GB (2x8GB) RAM, 256GB SSD + 1TB SS...","https://m.media-amazon.com/images/I/51AzxRkBIOL._AC_UY218_.jpg"
"R3G9443BW27QRJ","Reviewed in the United States on September 19, 2020",5,"Great Laptop for Gaming.","This laptop is a beast. I bought it on February 2020. I have been using it heavily for 6 months (mostly gaming) and it is worth it. So far it has no flaws in the laptop itself. Only Con is the Price.",true,1,12,"112","B07QVH847X","dell alienware",false,0,"USD",0,0,0,10,4.8,"https://www.amazon.com/dp/B07QVH847X","48.00",false,false,false,false,"Dell Alienware Area 51M Laptop, 17.3"" FHD (1920 x 1080), 9th Gen Intel Core i7-9700K, 16GB (2x8GB) RAM, 256GB SSD + 1TB SS...","https://m.media-amazon.com/images/I/51AzxRkBIOL._AC_UY218_.jpg"
"RYEIDXBKD8X3P","Reviewed in the United States on February 23, 2020",5,"Works as advertised","Googling this model shows that it has an issue with USB ports not being recognized.Once rebooted they work again.While in a word app I moved my mouse usb from one side to the other.Windows then configured that usb and There never been another burp.Every game Irun is configured to maximum, or ultra, and runs smooth as silk.Frame rates on mmorpg go from 100fps-which is all the game can report to me-and drop to as low as 55 in extremely busy areas.There are people that have to be satisfied with 55fps so I am well pleased.Overall?No regrets.",true,1,12,"112","B07QVH847X","dell alienware",false,0,"USD",0,0,0,10,4.8,"https://www.amazon.com/dp/B07QVH847X","48.00",false,false,false,false,"Dell Alienware Area 51M Laptop, 17.3"" FHD (1920 x 1080), 9th Gen Intel Core i7-9700K, 16GB (2x8GB) RAM, 256GB SSD + 1TB SS...","https://m.media-amazon.com/images/I/51AzxRkBIOL._AC_UY218_.jpg"
"R1HRYLTTUTAQTL","Reviewed in the United States on February 17, 2020",5,"Lapto","Muy buen producto es lo mejor,es hermosa",true,1,12,"112","B07QVH847X","dell alienware",false,0,"USD",0,0,0,10,4.8,"https://www.amazon.com/dp/B07QVH847X","48.00",false,false,false,false,"Dell Alienware Area 51M Laptop, 17.3"" FHD (1920 x 1080), 9th Gen Intel Core i7-9700K, 16GB (2x8GB) RAM, 256GB SSD + 1TB SS...","https://m.media-amazon.com/images/I/51AzxRkBIOL._AC_UY218_.jpg"
"R26IGPV7HOLH7H","Reviewed in the United States on October 25, 2019",4,"Awesome machine, could improve in a couple areas.","This is one powerful laptop. I love that the parts are replaceable, and I have a feeling this will be my main computer for some time to come. There are a couple of things I take issue with. First, I miss the CD drive. Yes, I know it's kind of archaic technology at this point, but if you're going to build a legit laptop that has everything else, go ahead and throw that on there as well. If not a CD player, why not a card reader? I mean...come on. Anyway, I also think maybe a touch screen option would be nice. Finally, I am not a fan of the dual chargers. I intend for this laptop to stay stationary for the most part, so it's not a huge issue, but if I were taking this with me, dual GIANT charging bricks would be a burden. I would give form factor a 4(ish) out of 5 but the specs and overall function 5 out of 5.",true,1,12,"112","B07QVH847X","dell alienware",false,0,"USD",0,0,0,10,4.8,"https://www.amazon.com/dp/B07QVH847X","48.00",false,false,false,false,"Dell Alienware Area 51M Laptop, 17.3"" FHD (1920 x 1080), 9th Gen Intel Core i7-9700K, 16GB (2x8GB) RAM, 256GB SSD + 1TB SS...","https://m.media-amazon.com/images/I/51AzxRkBIOL._AC_UY218_.jpg"
"RYQYK5EK1MXWV","Reviewed in the United States on January 5, 2021",4,"Making noise is the only big issue for this desktop","Unfortunately, I had to return it due to making so much noise, and the second one was a little bit better, but still the fan is making a noise when I play 🎮. So I replaced the front fan with a corssair fan. I think it's pretty expensive then they should put some high-quality fan. If want to call this desktop for gaming.",true,1,13,"113","B07V8P7286","dell alienware",false,0,"USD",0,0,0,20,3.5,"https://www.amazon.com/dp/B07V8P7286","70.00",false,false,false,false,"Alienware Aurora R8 Desktop, 9th Gen Intel Core i7 9700, NVIDIA GeForce RTX 2070, 8GB GDDR6 (Overclockable), 256GB SSD Boo...","https://m.media-amazon.com/images/I/710Ft9ECH1L._AC_UY218_.jpg"
"R3PE5T6S9M4KSQ","Reviewed in the United States on June 18, 2020",1,"DO NOT BUY","This computer is the worst product. It does not do anything that it advertises. The fan is a joke and my son cannot use it at all. You will get NO assistance from Dell or Alienware. I cannot stress enough not to buy this product.",true,1,13,"113","B07V8P7286","dell alienware",false,0,"USD",0,0,0,20,3.5,"https://www.amazon.com/dp/B07V8P7286","70.00",false,false,false,false,"Alienware Aurora R8 Desktop, 9th Gen Intel Core i7 9700, NVIDIA GeForce RTX 2070, 8GB GDDR6 (Overclockable), 256GB SSD Boo...","https://m.media-amazon.com/images/I/710Ft9ECH1L._AC_UY218_.jpg"
"RXZVQ6CXHU20B","Reviewed in the United States on March 17, 2020",1,"Fan doesn’t work","This pc is terrible. I bought this pc 2 weeks ago. The top chassis fan doesn’t work properly. The pc fails to turn on now and I cannot get away from the problems. Don’t buy.",true,1,13,"113","B07V8P7286","dell alienware",false,0,"USD",0,0,0,20,3.5,"https://www.amazon.com/dp/B07V8P7286","70.00",false,false,false,false,"Alienware Aurora R8 Desktop, 9th Gen Intel Core i7 9700, NVIDIA GeForce RTX 2070, 8GB GDDR6 (Overclockable), 256GB SSD Boo...","https://m.media-amazon.com/images/I/710Ft9ECH1L._AC_UY218_.jpg"
"R65FKZTKOYFV0","Reviewed in the United States on October 11, 2019",4,"Great but not fantastic version due to fan noise","Would rate a strong 5 stars except it does not come with liquid cooling as shown in some pictures. It has a LOUD fan. The updated BIOS mentioned as a possible fix for fan noise in other reviews did NOT help very much. It’s not as easy to ‘add-to’ as outside Reviews might lead one to believe. Good thing it has lots of ports. Other than those frustrations this is a great gaming PC. If fan noise bothers you, consider upgrading to the liquid cooled version and order carefully. If you’re just browsing the web it’s quiet, but it’s noisy during games.",true,1,13,"113","B07V8P7286","dell alienware",false,0,"USD",0,0,0,20,3.5,"https://www.amazon.com/dp/B07V8P7286","70.00",false,false,false,false,"Alienware Aurora R8 Desktop, 9th Gen Intel Core i7 9700, NVIDIA GeForce RTX 2070, 8GB GDDR6 (Overclockable), 256GB SSD Boo...","https://m.media-amazon.com/images/I/710Ft9ECH1L._AC_UY218_.jpg"
"R271OC0CTO9NPM","Reviewed in the United States on October 3, 2019",1,"disappointment","Actually it is a incomplete product if you bought it with the price. looks good but used it no so well",true,1,13,"113","B07V8P7286","dell alienware",false,0,"USD",0,0,0,20,3.5,"https://www.amazon.com/dp/B07V8P7286","70.00",false,false,false,false,"Alienware Aurora R8 Desktop, 9th Gen Intel Core i7 9700, NVIDIA GeForce RTX 2070, 8GB GDDR6 (Overclockable), 256GB SSD Boo...","https://m.media-amazon.com/images/I/710Ft9ECH1L._AC_UY218_.jpg"
"R3EIKF0IXQI8CH","Reviewed in the United States on September 1, 2019",2,"ONLY GET WITH LIQUID COOLED!","great product, works fantastic. IF YOU DONT MIND BEING NEXT TO A BOEING 747 AT TAKEOFF. The fan constantly revs at random times, in game, while streaming, while watching youtube, even just surfing the internet. I wish I had looked into the product reviews more, now that I have there has been tons of people that have the same complaint. Dell offers no help, Alienware is even less helpful; they just adjust your fans in the ACC (which doesn't even control the fan that makes the noise. highly disappointed overall. I hear the liquid cooled doesn't have this problem whatsoever that's probably what ill end up going to next. but for real, don't buy it with the fan cooled. Loud as all hell, no joke, sounds like a vacuum.",true,1,13,"113","B07V8P7286","dell alienware",false,0,"USD",0,0,0,20,3.5,"https://www.amazon.com/dp/B07V8P7286","70.00",false,false,false,false,"Alienware Aurora R8 Desktop, 9th Gen Intel Core i7 9700, NVIDIA GeForce RTX 2070, 8GB GDDR6 (Overclockable), 256GB SSD Boo...","https://m.media-amazon.com/images/I/710Ft9ECH1L._AC_UY218_.jpg"
"RS63CYHSW29ZA","Reviewed in Canada on April 6, 2020",,"Never turn on before verifications","I received the package in very good conditions exept the i heard something inside so being an IT technician I openned the machine and took a look inside.The anti-heater for the row of 4 little cubes on the motherboard was simply in liberty in the case.In my case i took my tools and ajusted it, no wires involved or anything to install into the motherboard. I did not see any other missing things but this is giving me chills since from now on i dont know if something could happen to my device and i am also not cool with the idea of sending it back and waiting again for a device that should have been ready to plug and play.I am seriously disapointed for that reason and also for the cheap feeling the big plastic case gives me.Also i bought this machine knowing about the fact the fans makes the sounds of a microwave in its late life but i was suprised to hear it by myself.Good job guys it will surely be the last time i buy a built ready to play tower computer i do not trust any manufacturer anymore. And if this one gets any problems i will do what it takes to return it and get a news.",true,1,13,"113","B07V8P7286","dell alienware",false,0,"USD",0,0,0,20,3.5,"https://www.amazon.com/dp/B07V8P7286","70.00",false,false,false,false,"Alienware Aurora R8 Desktop, 9th Gen Intel Core i7 9700, NVIDIA GeForce RTX 2070, 8GB GDDR6 (Overclockable), 256GB SSD Boo...","https://m.media-amazon.com/images/I/710Ft9ECH1L._AC_UY218_.jpg"
"R1BLDP1Y5DTM8U","Reviewed in the United States on July 28, 2020",2,"Not worth the $ (even before the mark up)","Decent laptop but if I could go back I would not have purchased this. Also, the price was around $1,500 last year so this current mark up is a bit ridiculous (DO NOT BUY).The laptop HEATS UP too often (if your hands are prone to sweating they will sweat due to the heat generated from this computer).The internal fan is very LOUD (can be heard from a nearby room).The W key (most used) fell off after a year and a half.This monitor only supports 60 Hz so for your money you should get a better unit that supports better refresh rates.My laptop is also beginning to malfunction after about a year and a half of owning it.",true,1,14,"114","B07D6CMJYS","dell alienware",false,1795,"USD",0,0,0,30,3.9,"https://www.amazon.com/dp/B07D6CMJYS","117.00",false,false,false,false,"Dell Alienware 17 R5 VR Ready 17.3"" LCD Gaming Notebook - Intel Core i7 (8th Gen) i7-8750H Hexa-core (6 Core) 2.20 GHz - 1...","https://m.media-amazon.com/images/I/41EEeIecesL._AC_UY218_.jpg"
"R14PRFQ90G6TOB","Reviewed in the United States on February 3, 2020",5,"Amazing","Value",true,1,14,"114","B07D6CMJYS","dell alienware",false,1795,"USD",0,0,0,30,3.9,"https://www.amazon.com/dp/B07D6CMJYS","117.00",false,false,false,false,"Dell Alienware 17 R5 VR Ready 17.3"" LCD Gaming Notebook - Intel Core i7 (8th Gen) i7-8750H Hexa-core (6 Core) 2.20 GHz - 1...","https://m.media-amazon.com/images/I/41EEeIecesL._AC_UY218_.jpg"
"R3LXJIUI4TMIP3","Reviewed in the United States on August 22, 2019",5,"Great laptop for gaming","You won’t have any issues playing any of the latest games on Steam",true,1,14,"114","B07D6CMJYS","dell alienware",false,1795,"USD",0,0,0,30,3.9,"https://www.amazon.com/dp/B07D6CMJYS","117.00",false,false,false,false,"Dell Alienware 17 R5 VR Ready 17.3"" LCD Gaming Notebook - Intel Core i7 (8th Gen) i7-8750H Hexa-core (6 Core) 2.20 GHz - 1...","https://m.media-amazon.com/images/I/41EEeIecesL._AC_UY218_.jpg"
"R1JS5IQWSIABL4","Reviewed in the United States on August 7, 2019",5,"Alienware i7 17r5","Excellent, very good",true,1,14,"114","B07D6CMJYS","dell alienware",false,1795,"USD",0,0,0,30,3.9,"https://www.amazon.com/dp/B07D6CMJYS","117.00",false,false,false,false,"Dell Alienware 17 R5 VR Ready 17.3"" LCD Gaming Notebook - Intel Core i7 (8th Gen) i7-8750H Hexa-core (6 Core) 2.20 GHz - 1...","https://m.media-amazon.com/images/I/41EEeIecesL._AC_UY218_.jpg"
"R3TGZ7DKDKZBW3","Reviewed in the United States on June 28, 2019",1,"NOT A GAMING PC!","So sold as is comes with a mechanical drive, which upon doing simple tasks like opening steam or windows regularly runs at 100% thus turning this ""gaming laptop"" into a paperweight until the computer figures out how to do its job. After my third 2 hour session with Dell Support trying to diagnose the problem and being told there is nothing wrong with the hardware ""thats just how it operates"" I have determined that what I have is in fact NOT a gaming laptop as it struggles to run any games consistently through these 100% spikes. They have however said if I want to make this laptop run normally I can order 2 SSDs and have a technician come out for more money. Maybe MSI sells a more solid product.IUpdate: After getting the final quote for the new hardware and service to make the laptop functional would cost me $473. I am submitting a return to Amazon now",true,1,14,"114","B07D6CMJYS","dell alienware",false,1795,"USD",0,0,0,30,3.9,"https://www.amazon.com/dp/B07D6CMJYS","117.00",false,false,false,false,"Dell Alienware 17 R5 VR Ready 17.3"" LCD Gaming Notebook - Intel Core i7 (8th Gen) i7-8750H Hexa-core (6 Core) 2.20 GHz - 1...","https://m.media-amazon.com/images/I/41EEeIecesL._AC_UY218_.jpg"
"R2ZVCWT8JZJYXI","Reviewed in the United States on June 13, 2019",4,"defective cord","Computer is fine. Works for running my games. Does get warm and is heavy (but that was expected).Originally when I got it the first few startups after setup were super slow. Occasionally I will turn it on and it will sit on a black screen forever, so I have to hard reset and then it boots just fine.Original power cord arrived with a problem in that it would have an open in the wire and lose power if not held at the perfect spot. I luckily had many of these cords stockpiled from old computers and just replaced the part of the cord that plugs into the brick.Would probably still buy again. Makes it possible for me to game outside my own home.",true,1,14,"114","B07D6CMJYS","dell alienware",false,1795,"USD",0,0,0,30,3.9,"https://www.amazon.com/dp/B07D6CMJYS","117.00",false,false,false,false,"Dell Alienware 17 R5 VR Ready 17.3"" LCD Gaming Notebook - Intel Core i7 (8th Gen) i7-8750H Hexa-core (6 Core) 2.20 GHz - 1...","https://m.media-amazon.com/images/I/41EEeIecesL._AC_UY218_.jpg"
"R2IYL3G5VKFMDA","Reviewed in the United States on June 10, 2019",5,"Highly recommend","What a great laptop. Had no issues. High quality. Very much worth the money. Use it every day for gaming",true,1,14,"114","B07D6CMJYS","dell alienware",false,1795,"USD",0,0,0,30,3.9,"https://www.amazon.com/dp/B07D6CMJYS","117.00",false,false,false,false,"Dell Alienware 17 R5 VR Ready 17.3"" LCD Gaming Notebook - Intel Core i7 (8th Gen) i7-8750H Hexa-core (6 Core) 2.20 GHz - 1...","https://m.media-amazon.com/images/I/41EEeIecesL._AC_UY218_.jpg"
"R29HQ89EYWILWI","Reviewed in the United States on May 26, 2019",1,"DON'T WASTE YOUR MONEY","I've had this laptop for a little over a month and it's almost perfect. The keyboard is solid, fast processor, great graphics card. Touchpad is a little small for my liking, but I use a mouse most of the time so it doesn't bother me much. The Windows Key stopped working, but a BIOS update fixed that. A couple issues I have are that the webcam stopped working after a month of owning the machine, but I don't use the webcam often and it's just one of those nit picky things people have. However, I wouldn't recommend this laptop to anyone. I'd say save your money and get a Desktop and something along the lines of an i5 or an i7 Ultrabook.UPDATE: So, Dell support won't do anything to fix it or send me a new unit all together even though the computer is still under warranty. Also every once in a while the Windows key won't work for god knows how long. I also asked both the seller and Dell if i could get a refund and they both said no so now i'm stuck with this stupid machine and the ""premium support"" Dell proudly sports on the product page is a total lie.",true,1,14,"114","B07D6CMJYS","dell alienware",false,1795,"USD",0,0,0,30,3.9,"https://www.amazon.com/dp/B07D6CMJYS","117.00",false,false,false,false,"Dell Alienware 17 R5 VR Ready 17.3"" LCD Gaming Notebook - Intel Core i7 (8th Gen) i7-8750H Hexa-core (6 Core) 2.20 GHz - 1...","https://m.media-amazon.com/images/I/41EEeIecesL._AC_UY218_.jpg"
"R17JXMLFJN869N","Reviewed in the United States on March 20, 2019",2,"Good but Not Great","Overall this is a good machine but I've had a few problems that have required a lot of my time fixing.Mind you I'm using a new machine with just a few games, Photoshop, and office installed.#1 - Many BSODs (Blue Screens of Death) in the first week of set up.The error codes were always different so it's hard to pinpoint to cause.I had to do several system repairs.Haven't had one in about 3 days so here's hoping that fixed it.Really though, if I'm using a brand new computer I don't want ANY BSODs hollering at me.#2 - Works great for World of Warcraft with all the graphics settings turned up to max.Oddly enough I noticed some slowdown on Sims 4 of all games.Not sure what's up with that.I was using a lot of custom content.It's not exactly a new game so I'm surprised.You can tell it's working hard when you hear the fan spinning up to cool everything down.#3 - The memory configuration sticks.two sticks of 8 GB.If you want to upgrade you're going to have to take one or both out.I really wish they'd shipped this with one 16 GB stick.Everything else I'e tried running has been smooth.Office with complicated excel sheets, Adobe Photoshop, etc.EDIT:Had to drop a star because after speaking to Alienware support, I learned that they refuse to honor the warranty on this machine if you aren't physically located in the USA.I would have bought from a competitor if I knew I wouldn't be covered in the event of stock hardware failure.Stay away if you're in Canada, the UK, or really any other country.They also start the warranty on this as of October 2018.I purchased the machine at the end of February 2019,not that it does me any good.",true,1,14,"114","B07D6CMJYS","dell alienware",false,1795,"USD",0,0,0,30,3.9,"https://www.amazon.com/dp/B07D6CMJYS","117.00",false,false,false,false,"Dell Alienware 17 R5 VR Ready 17.3"" LCD Gaming Notebook - Intel Core i7 (8th Gen) i7-8750H Hexa-core (6 Core) 2.20 GHz - 1...","https://m.media-amazon.com/images/I/41EEeIecesL._AC_UY218_.jpg"
"RJSTHCHJZA8RI","Reviewed in the United States on February 27, 2019",3,"Problems with A/C adapter","The computer is great for gaming.Great sound!Great graphics!The only problem is that the A/C adapter to plug into the wall has not worked since day one.Is very finicky and needs cords bent a certain way to charge the battery.Some mornings I cannot get it to work at all.I am becoming very frustrated with it.Have has the computer less than 2 months.",true,1,14,"114","B07D6CMJYS","dell alienware",false,1795,"USD",0,0,0,30,3.9,"https://www.amazon.com/dp/B07D6CMJYS","117.00",false,false,false,false,"Dell Alienware 17 R5 VR Ready 17.3"" LCD Gaming Notebook - Intel Core i7 (8th Gen) i7-8750H Hexa-core (6 Core) 2.20 GHz - 1...","https://m.media-amazon.com/images/I/41EEeIecesL._AC_UY218_.jpg"
"cr-translate--1460679631",,,"","",false,1,15,"115","B08N3ZQ45Q","dell alienware",false,2999.99,"USD",0,0,0,17,4,"https://www.amazon.com/dp/B08N3ZQ45Q","68.00",false,false,false,false,"CUK Aurora R12 by_Alienware Gaming Desktop (Liquid Cooled Intel Core i9, 64GB RAM, 1TB NVMe SSD + 3TB HDD, NVIDIA GeForce ...","https://m.media-amazon.com/images/I/71sE2LDvn7L._AC_UY218_.jpg"
"R3IUBMTMRLUX7G","Reviewed in the United States on October 6, 2021",1,"Not impressed 😕","Computer didn't turn on sent right back to seller ...what a shame",true,1,15,"115","B08N3ZQ45Q","dell alienware",false,2999.99,"USD",0,0,0,17,4,"https://www.amazon.com/dp/B08N3ZQ45Q","68.00",false,false,false,false,"CUK Aurora R12 by_Alienware Gaming Desktop (Liquid Cooled Intel Core i9, 64GB RAM, 1TB NVMe SSD + 3TB HDD, NVIDIA GeForce ...","https://m.media-amazon.com/images/I/71sE2LDvn7L._AC_UY218_.jpg"
"R2EU8741W2G81I","Reviewed in the United States on September 7, 2021",1,"Video card (3070) died in less than a week.","A few days after purchase, the video card failed. Support doesn't even have a timeframe for getting a new part, given the shortage, and I'm starting to think I should just return the thing and buy a new one from a more reputable dealer.Update: it took two weeks to get a new card, and now my computer shuts down at random when I'm gaming.I'm returning this trash, please don't make my mistake, buy elsewhere.",true,1,15,"115","B08N3ZQ45Q","dell alienware",false,2999.99,"USD",0,0,0,17,4,"https://www.amazon.com/dp/B08N3ZQ45Q","68.00",false,false,false,false,"CUK Aurora R12 by_Alienware Gaming Desktop (Liquid Cooled Intel Core i9, 64GB RAM, 1TB NVMe SSD + 3TB HDD, NVIDIA GeForce ...","https://m.media-amazon.com/images/I/71sE2LDvn7L._AC_UY218_.jpg"
"R24PYSI1I65SAC","Reviewed in the United States on April 11, 2021",1,"Kept crashing!","Couldn’t play a single game I downloaded for 5 minutes before it crashed. Spoke to Dell, they suggested I open the computer and reset the graphics card. Which is fine but for those who aren’t computer savvy or concerned that any further damaged could void warranty, I felt it best to just return it. Never again!",true,1,15,"115","B08N3ZQ45Q","dell alienware",false,2999.99,"USD",0,0,0,17,4,"https://www.amazon.com/dp/B08N3ZQ45Q","68.00",false,false,false,false,"CUK Aurora R12 by_Alienware Gaming Desktop (Liquid Cooled Intel Core i9, 64GB RAM, 1TB NVMe SSD + 3TB HDD, NVIDIA GeForce ...","https://m.media-amazon.com/images/I/71sE2LDvn7L._AC_UY218_.jpg"
"R2LVJEESZEP3W4","Reviewed in the United States on March 24, 2021",5,"Runs as I thought it would","Works good",true,1,15,"115","B08N3ZQ45Q","dell alienware",false,2999.99,"USD",0,0,0,17,4,"https://www.amazon.com/dp/B08N3ZQ45Q","68.00",false,false,false,false,"CUK Aurora R12 by_Alienware Gaming Desktop (Liquid Cooled Intel Core i9, 64GB RAM, 1TB NVMe SSD + 3TB HDD, NVIDIA GeForce ...","https://m.media-amazon.com/images/I/71sE2LDvn7L._AC_UY218_.jpg"
"RSWLDLZ8OSVCY","Reviewed in the United States on March 22, 2021",5,"Awesome","Simply perfect for what I was looking for",true,1,15,"115","B08N3ZQ45Q","dell alienware",false,2999.99,"USD",0,0,0,17,4,"https://www.amazon.com/dp/B08N3ZQ45Q","68.00",false,false,false,false,"CUK Aurora R12 by_Alienware Gaming Desktop (Liquid Cooled Intel Core i9, 64GB RAM, 1TB NVMe SSD + 3TB HDD, NVIDIA GeForce ...","https://m.media-amazon.com/images/I/71sE2LDvn7L._AC_UY218_.jpg"
"R3ALJU4BNQ55KO","Reviewed in the United States on February 23, 2021",5,"Purchase of a lifetime.","It is an incredible piece of machinery, well worth the money spent on it. No hassle pc shopping with CUK.",true,1,15,"115","B08N3ZQ45Q","dell alienware",false,2999.99,"USD",0,0,0,17,4,"https://www.amazon.com/dp/B08N3ZQ45Q","68.00",false,false,false,false,"CUK Aurora R12 by_Alienware Gaming Desktop (Liquid Cooled Intel Core i9, 64GB RAM, 1TB NVMe SSD + 3TB HDD, NVIDIA GeForce ...","https://m.media-amazon.com/images/I/71sE2LDvn7L._AC_UY218_.jpg"
"R3HBC01LX5PFBH","Reviewed in the United States on February 22, 2021",5,"Awesome Gaming Computer","I bought this for my husband and he loves it. One con is when he opened the box the graphic card was lose inside the case. Luckily the video card wasn’t damaged. There was also a piece that was just floating around in the box the computer came in. He was able to find a video that showed the inside of the computer and found out that the floating piece was to hold up the video card. Luckily he knew how to put the video card back together and the computer works great.",true,1,15,"115","B08N3ZQ45Q","dell alienware",false,2999.99,"USD",0,0,0,17,4,"https://www.amazon.com/dp/B08N3ZQ45Q","68.00",false,false,false,false,"CUK Aurora R12 by_Alienware Gaming Desktop (Liquid Cooled Intel Core i9, 64GB RAM, 1TB NVMe SSD + 3TB HDD, NVIDIA GeForce ...","https://m.media-amazon.com/images/I/71sE2LDvn7L._AC_UY218_.jpg"
"R1NYKFOVVOJJ40","Reviewed in the United States on February 15, 2021",5,"Future-proof Certified","This thing is a beast! The 3090 is way overkill for me but any Nvidia card is impossible to find otherwise right now. I’ve played Cyberpunk 2077, Doom Eternal and other games on ultra settings on my 49” monitor and this PC didn’t bat an eye. I’ve had multiple Virtual Machines running for a lab environment and still was able to do normal functions without issues. There is a small amount of bloatware from Alienware and the Alienware OC Controls app is questionable but otherwise I have no regrets. I don’t upgrade often and with this machine I’m sure it’ll be another 7-8 years before I do.",true,1,15,"115","B08N3ZQ45Q","dell alienware",false,2999.99,"USD",0,0,0,17,4,"https://www.amazon.com/dp/B08N3ZQ45Q","68.00",false,false,false,false,"CUK Aurora R12 by_Alienware Gaming Desktop (Liquid Cooled Intel Core i9, 64GB RAM, 1TB NVMe SSD + 3TB HDD, NVIDIA GeForce ...","https://m.media-amazon.com/images/I/71sE2LDvn7L._AC_UY218_.jpg"
"R3PCUZD98G2H3Z","Reviewed in the United States on December 22, 2020",4,"Works great","The order was placed on Dec. 3 and the computer was at my door on Dec. 11 a week early.There is a bracket that was left out.The RTX 3070 had a bracket to help support it, it was left out, it was in the box the computer came in but not installed.",true,1,15,"115","B08N3ZQ45Q","dell alienware",false,2999.99,"USD",0,0,0,17,4,"https://www.amazon.com/dp/B08N3ZQ45Q","68.00",false,false,false,false,"CUK Aurora R12 by_Alienware Gaming Desktop (Liquid Cooled Intel Core i9, 64GB RAM, 1TB NVMe SSD + 3TB HDD, NVIDIA GeForce ...","https://m.media-amazon.com/images/I/71sE2LDvn7L._AC_UY218_.jpg"
"RFTY6DSDSA6GY","Reviewed in Mexico on July 23, 2021",,"Increible","Directo a tu puerta y lista para trabajar o jugar. Con la configuración al 100%.",true,1,15,"115","B08N3ZQ45Q","dell alienware",false,2999.99,"USD",0,0,0,17,4,"https://www.amazon.com/dp/B08N3ZQ45Q","68.00",false,false,false,false,"CUK Aurora R12 by_Alienware Gaming Desktop (Liquid Cooled Intel Core i9, 64GB RAM, 1TB NVMe SSD + 3TB HDD, NVIDIA GeForce ...","https://m.media-amazon.com/images/I/71sE2LDvn7L._AC_UY218_.jpg"
"R3MZXEKY5SU2DZ","Reviewed in the United States on October 13, 2021",5,"Great gamming computer","All the games work with no problems. The display card is the best I have had, picture is great.",true,1,16,"116","B08DWSC3DC","dell alienware",false,0,"USD",0,0,0,95,4.4,"https://www.amazon.com/dp/B08DWSC3DC","418.00",false,false,false,false,"New Dell G5 Gaming Desktop, Intel Core i5-10th Gen, Nvidia GeForce GTX 1660 Super 4GB GDDR6, 256GB SSD +1TB SATA, 8GB RAM,...","https://m.media-amazon.com/images/I/81YKVleZrwL._AC_UY218_.jpg"
"R2U18R1D8V1GLD","Reviewed in the United States on October 10, 2021",4,"Good","Good",true,1,16,"116","B08DWSC3DC","dell alienware",false,0,"USD",0,0,0,95,4.4,"https://www.amazon.com/dp/B08DWSC3DC","418.00",false,false,false,false,"New Dell G5 Gaming Desktop, Intel Core i5-10th Gen, Nvidia GeForce GTX 1660 Super 4GB GDDR6, 256GB SSD +1TB SATA, 8GB RAM,...","https://m.media-amazon.com/images/I/81YKVleZrwL._AC_UY218_.jpg"
"R4M2ZTPMLWT71","Reviewed in the United States on October 6, 2021",1,"Ridiculous","No graphicscard.",true,1,16,"116","B08DWSC3DC","dell alienware",false,0,"USD",0,0,0,95,4.4,"https://www.amazon.com/dp/B08DWSC3DC","418.00",false,false,false,false,"New Dell G5 Gaming Desktop, Intel Core i5-10th Gen, Nvidia GeForce GTX 1660 Super 4GB GDDR6, 256GB SSD +1TB SATA, 8GB RAM,...","https://m.media-amazon.com/images/I/81YKVleZrwL._AC_UY218_.jpg"
"R3V2M9Z0ZRA87K","Reviewed in the United States on September 28, 2021",5,"Pc parts","Gpu is a gtx 1660 super 6gb, cpu is a i5 10400f, just felt like sharing because its not vary specific. Qorks well otherwise.",true,1,16,"116","B08DWSC3DC","dell alienware",false,0,"USD",0,0,0,95,4.4,"https://www.amazon.com/dp/B08DWSC3DC","418.00",false,false,false,false,"New Dell G5 Gaming Desktop, Intel Core i5-10th Gen, Nvidia GeForce GTX 1660 Super 4GB GDDR6, 256GB SSD +1TB SATA, 8GB RAM,...","https://m.media-amazon.com/images/I/81YKVleZrwL._AC_UY218_.jpg"
"R1Z6HXFY565RKP","Reviewed in the United States on August 4, 2021",5,"Love it!","He loves this computer! Best thing he's invested in!",true,1,16,"116","B08DWSC3DC","dell alienware",false,0,"USD",0,0,0,95,4.4,"https://www.amazon.com/dp/B08DWSC3DC","418.00",false,false,false,false,"New Dell G5 Gaming Desktop, Intel Core i5-10th Gen, Nvidia GeForce GTX 1660 Super 4GB GDDR6, 256GB SSD +1TB SATA, 8GB RAM,...","https://m.media-amazon.com/images/I/81YKVleZrwL._AC_UY218_.jpg"
"R3T4LZDIWWGS5M","Reviewed in the United States on July 31, 2021",5,"Great for gaming","My son really enjoys this CPU. Great Graphics and fast game play. You will not be dissapointed. (Added 16 gb ram).",true,1,16,"116","B08DWSC3DC","dell alienware",false,0,"USD",0,0,0,95,4.4,"https://www.amazon.com/dp/B08DWSC3DC","418.00",false,false,false,false,"New Dell G5 Gaming Desktop, Intel Core i5-10th Gen, Nvidia GeForce GTX 1660 Super 4GB GDDR6, 256GB SSD +1TB SATA, 8GB RAM,...","https://m.media-amazon.com/images/I/81YKVleZrwL._AC_UY218_.jpg"
"R3GALLUEBHGRWH","Reviewed in the United States on July 19, 2021",2,"DELL / Shame on you","no video card, missing parts, stay away",true,1,16,"116","B08DWSC3DC","dell alienware",false,0,"USD",0,0,0,95,4.4,"https://www.amazon.com/dp/B08DWSC3DC","418.00",false,false,false,false,"New Dell G5 Gaming Desktop, Intel Core i5-10th Gen, Nvidia GeForce GTX 1660 Super 4GB GDDR6, 256GB SSD +1TB SATA, 8GB RAM,...","https://m.media-amazon.com/images/I/81YKVleZrwL._AC_UY218_.jpg"
"R1A4H2NNEBJQ90","Reviewed in the United States on July 18, 2021",5,"This is exactly what I wanted, and a low price!","All I needed was an inexpensive gaming computer to play with my friends, that won’t crash on me. So far, I’ve had this for months, and it still works great! Would recommend to my friends.",true,1,16,"116","B08DWSC3DC","dell alienware",false,0,"USD",0,0,0,95,4.4,"https://www.amazon.com/dp/B08DWSC3DC","418.00",false,false,false,false,"New Dell G5 Gaming Desktop, Intel Core i5-10th Gen, Nvidia GeForce GTX 1660 Super 4GB GDDR6, 256GB SSD +1TB SATA, 8GB RAM,...","https://m.media-amazon.com/images/I/81YKVleZrwL._AC_UY218_.jpg"
"REZU3EGFKSKBZ","Reviewed in the United States on April 28, 2021",1,"Don’t buy this computer","I bought this computer 2 months ago and it already doesn’t work I don’t know if it has to do with the little cooling, the crappy motherboard, or the power supply that fell built specifically for this computer that doesn’t have any fans but as a summary don’t buy this ever",true,1,16,"116","B08DWSC3DC","dell alienware",false,0,"USD",0,0,0,95,4.4,"https://www.amazon.com/dp/B08DWSC3DC","418.00",false,false,false,false,"New Dell G5 Gaming Desktop, Intel Core i5-10th Gen, Nvidia GeForce GTX 1660 Super 4GB GDDR6, 256GB SSD +1TB SATA, 8GB RAM,...","https://m.media-amazon.com/images/I/81YKVleZrwL._AC_UY218_.jpg"
"R2GCB962Z2MC30","Reviewed in the United States on April 7, 2021",1,"Just wait Ok!?","I’m going to make this SUPER short don’t buyit right now for the price it’s just not worth 900$ the power supply sucks hardcore have to specialize order power supplies from dell runs off a very complicated 1660S (very quiet tho) wait until it goes back to 599.99 then maybe just maybe it will be ok but by then it will still be below par.",true,1,16,"116","B08DWSC3DC","dell alienware",false,0,"USD",0,0,0,95,4.4,"https://www.amazon.com/dp/B08DWSC3DC","418.00",false,false,false,false,"New Dell G5 Gaming Desktop, Intel Core i5-10th Gen, Nvidia GeForce GTX 1660 Super 4GB GDDR6, 256GB SSD +1TB SATA, 8GB RAM,...","https://m.media-amazon.com/images/I/81YKVleZrwL._AC_UY218_.jpg"