"review.id","review.review_data","review.rating","review.title","review.review","review.verified_purchase","product.position.page","product.position.position","product.position.global_position","product.asin","product.keyword","product.price.discounted","product.price.current_price","product.price.currency","product.price.before_price","product.price.savings_amount","product.price.savings_percent","product.reviews.total_reviews","product.reviews.rating","product.url","product.score","product.sponsored","product.amazonChoice","product.bestSeller","product.amazonPrime","product.title","product.thumbnail"
"R2BEDJKY0KWRND","Reviewed in the United States on October 21, 2021",2,"Controller broken/packaged like garbage/decent PS4","When I first got the package I was amazed how horribly the PS4, controller, and cables were wrapped. Big box with 2 sheets of packing so the unit obviously bounced around a lot. The PS4 slim itself doesn’t have many cosmetic issues, but the USB ports have corrosion. When turned on, it says there is too many USB connections. The controller looked like someone found it in the garbage. The power port on the front is broken and you can clearly see the chip damaged.",true,1,1,"10","B071CV8CG2","playstation 4",false,509,"USD",0,0,0,13690,4.8,"https://www.amazon.com/dp/B071CV8CG2","65712.00",false,false,true,false,"PlayStation 4 Slim 1TB Console","https://m.media-amazon.com/images/I/61n-yWHcmSS._AC_UY218_.jpg"
"R2X09VZSHJ8KHC","Reviewed in the United States on October 20, 2021",4,"Good","Works good.only issue is that it gets really hot.i have to point a fan at it to keep it from overheating",true,1,1,"10","B071CV8CG2","playstation 4",false,509,"USD",0,0,0,13690,4.8,"https://www.amazon.com/dp/B071CV8CG2","65712.00",false,false,true,false,"PlayStation 4 Slim 1TB Console","https://m.media-amazon.com/images/I/61n-yWHcmSS._AC_UY218_.jpg"
"RMRUVFZFUN2I7","Reviewed in the United States on October 13, 2021",5,"Best console ever!","I bought this three months ago brand new and it is fantastic. The graphics are gorgeous. I enjoyed playing Far Cry 5, Red dead redemption 2 and the hunter call of the wild. I highly recommend this product to anyone.",true,1,1,"10","B071CV8CG2","playstation 4",false,509,"USD",0,0,0,13690,4.8,"https://www.amazon.com/dp/B071CV8CG2","65712.00",false,false,true,false,"PlayStation 4 Slim 1TB Console","https://m.media-amazon.com/images/I/61n-yWHcmSS._AC_UY218_.jpg"
"R15U7U8TVIKQ9X","Reviewed in the United States on October 11, 2021",3,"It was great","It was great Haven’t even had this thing for a year and it’s no longer working it has completely shut down I don’t know if I accidentally ordered a refurbished one or what but apparently it’s too late to return it",true,1,1,"10","B071CV8CG2","playstation 4",false,509,"USD",0,0,0,13690,4.8,"https://www.amazon.com/dp/B071CV8CG2","65712.00",false,false,true,false,"PlayStation 4 Slim 1TB Console","https://m.media-amazon.com/images/I/61n-yWHcmSS._AC_UY218_.jpg"
"RAGA6BXVP86MH","Reviewed in the United States on October 10, 2021",1,"I was duped","I bought my ps4 quite a while ago and will NOT be purchasing one again, nor will I purchase products related to it. I was tricked. I bought my ps4 only to find out that it came from a foreign country and the software is just different enough that none of the dlc works. I paid for the dlc to Fallout 4 and it simply won't install after download. Contacted Sony, they didn't care. Contacted Amazon, got the same result. So I'm stuck with a $280 junk console that I can't add anything to. Also, I bought Fallout 4 at the same time and until now it said nothing about it being an imported version. Amazon lies and rips off customers. So unless you live in South America, don't waste your money. Total bs.",true,1,1,"10","B071CV8CG2","playstation 4",false,509,"USD",0,0,0,13690,4.8,"https://www.amazon.com/dp/B071CV8CG2","65712.00",false,false,true,false,"PlayStation 4 Slim 1TB Console","https://m.media-amazon.com/images/I/61n-yWHcmSS._AC_UY218_.jpg"
"RV0388WYM285V","Reviewed in the United States on October 5, 2021",1,"Was broken unusable","Received used item that never worked. Got $20 for it at local gaming store. They claimed it was unfixable. They’d use it for parts.",true,1,1,"10","B071CV8CG2","playstation 4",false,509,"USD",0,0,0,13690,4.8,"https://www.amazon.com/dp/B071CV8CG2","65712.00",false,false,true,false,"PlayStation 4 Slim 1TB Console","https://m.media-amazon.com/images/I/61n-yWHcmSS._AC_UY218_.jpg"
"R3KQG52HB6IL2N","Reviewed in the United States on October 3, 2021",5,"It is a great console","It is a great console",true,1,1,"10","B071CV8CG2","playstation 4",false,509,"USD",0,0,0,13690,4.8,"https://www.amazon.com/dp/B071CV8CG2","65712.00",false,false,true,false,"PlayStation 4 Slim 1TB Console","https://m.media-amazon.com/images/I/61n-yWHcmSS._AC_UY218_.jpg"
"R2RRZEMG4QMITH","Reviewed in the United States on September 25, 2021",1,"Controller looks worn out","Controller looks worn out and doesn't last when fully charged. Buyers beware.",true,1,1,"10","B071CV8CG2","playstation 4",false,509,"USD",0,0,0,13690,4.8,"https://www.amazon.com/dp/B071CV8CG2","65712.00",false,false,true,false,"PlayStation 4 Slim 1TB Console","https://m.media-amazon.com/images/I/61n-yWHcmSS._AC_UY218_.jpg"
"R3VD5MADS4EIRH","Reviewed in the United States on September 20, 2021",4,"Everything came that was supposed to","The PS4 runs smoothly. Everything came with it in the box.",true,1,1,"10","B071CV8CG2","playstation 4",false,509,"USD",0,0,0,13690,4.8,"https://www.amazon.com/dp/B071CV8CG2","65712.00",false,false,true,false,"PlayStation 4 Slim 1TB Console","https://m.media-amazon.com/images/I/61n-yWHcmSS._AC_UY218_.jpg"
"R36FP6W6ZMETN9","Reviewed in the United States on September 16, 2021",4,"Bait and switch","The item looks new however it didn’t come with theoriginal box as advertised, it was however wrapped in bubblewrap and placed in a regular shipping box. The item advertised had a black controller but I got a red one, which is fine. I’m a little disappointed that it didn’t come in the original box so I’mnot sure if it’s 500GB or 1tb as advertised. It is a gift so I guess they won’t know either way just as long as it’s working.",true,1,1,"10","B071CV8CG2","playstation 4",false,509,"USD",0,0,0,13690,4.8,"https://www.amazon.com/dp/B071CV8CG2","65712.00",false,false,true,false,"PlayStation 4 Slim 1TB Console","https://m.media-amazon.com/images/I/61n-yWHcmSS._AC_UY218_.jpg"
"R8D0RYG76ZLD","Reviewed in the United States on October 21, 2021",5,"ps4","Arrived packaged well with no defects. Has been well used since my boys got it and is still doing perfect.",true,1,2,"11","B074LRF639","playstation 4",false,0,"USD",0,0,0,7164,4.8,"https://www.amazon.com/dp/B074LRF639","34387.20",false,true,false,false,"PlayStation 4 Console - 1TB Slim Edition","https://m.media-amazon.com/images/I/715RBdgZtHL._AC_UY218_.jpg"
"R1NJGBAKOKHE9G","Reviewed in the United States on October 10, 2021",5,"PS4","My PS4 arrived intact, nice packaging. The company communicated with me and answered my question when I had concerns about receiving my package.My son is happy with his PS4.",true,1,2,"11","B074LRF639","playstation 4",false,0,"USD",0,0,0,7164,4.8,"https://www.amazon.com/dp/B074LRF639","34387.20",false,true,false,false,"PlayStation 4 Console - 1TB Slim Edition","https://m.media-amazon.com/images/I/715RBdgZtHL._AC_UY218_.jpg"
"RF5635Z0BZ2W0","Reviewed in the United States on October 9, 2021",5,"Works great and delivered fast","I got it a bit before the estimated arrival date, so it took about 2 weeks to get here. Works perfectly fine and everything. It came with an extra game already inside, but I think the seller simply forgot to take it out. Sorry, dude! I can send assassins creed back if you want lol",true,1,2,"11","B074LRF639","playstation 4",false,0,"USD",0,0,0,7164,4.8,"https://www.amazon.com/dp/B074LRF639","34387.20",false,true,false,false,"PlayStation 4 Console - 1TB Slim Edition","https://m.media-amazon.com/images/I/715RBdgZtHL._AC_UY218_.jpg"
"RIIPTEKLUDE9M","Reviewed in the United States on October 8, 2021",3,"I purchased this item as it was ""new."" It's obviously been opened and retaped. Not new..","Your browser does not support HTML5 video. When you order something new, you expect it to actually be new and not in a beat up box that has been obviously opened and retaped. Upon inspection of the items inside, it appears that everything is present and accounted for which gets it to 3 stars. This was a gift and having the box torn open and taped shut, and looking like it was kicked down the stairs is definitely not the look i was going for with my present.",true,1,2,"11","B074LRF639","playstation 4",false,0,"USD",0,0,0,7164,4.8,"https://www.amazon.com/dp/B074LRF639","34387.20",false,true,false,false,"PlayStation 4 Console - 1TB Slim Edition","https://m.media-amazon.com/images/I/715RBdgZtHL._AC_UY218_.jpg"
"R8NFFBBD76COS","Reviewed in the United States on October 2, 2021",5,"Very good","Console looks fine and running fine. Got All the cables",true,1,2,"11","B074LRF639","playstation 4",false,0,"USD",0,0,0,7164,4.8,"https://www.amazon.com/dp/B074LRF639","34387.20",false,true,false,false,"PlayStation 4 Console - 1TB Slim Edition","https://m.media-amazon.com/images/I/715RBdgZtHL._AC_UY218_.jpg"
"R3NGL3VZ0KMOQH","Reviewed in the United States on September 30, 2021",5,"Very good","It's just what we wanted",true,1,2,"11","B074LRF639","playstation 4",false,0,"USD",0,0,0,7164,4.8,"https://www.amazon.com/dp/B074LRF639","34387.20",false,true,false,false,"PlayStation 4 Console - 1TB Slim Edition","https://m.media-amazon.com/images/I/715RBdgZtHL._AC_UY218_.jpg"
"RNO2JG3P4Z4OA","Reviewed in the United States on September 29, 2021",5,"As advertised","This came quickly and is brand new, ad advertised.",true,1,2,"11","B074LRF639","playstation 4",false,0,"USD",0,0,0,7164,4.8,"https://www.amazon.com/dp/B074LRF639","34387.20",false,true,false,false,"PlayStation 4 Console - 1TB Slim Edition","https://m.media-amazon.com/images/I/715RBdgZtHL._AC_UY218_.jpg"
"RJYFMVVDSWTNU","Reviewed in the United States on September 25, 2021",5,"Really good console","The price is very fair for this console and it is working perfectly. It was definitely worth the money",true,1,2,"11","B074LRF639","playstation 4",false,0,"USD",0,0,0,7164,4.8,"https://www.amazon.com/dp/B074LRF639","34387.20",false,true,false,false,"PlayStation 4 Console - 1TB Slim Edition","https://m.media-amazon.com/images/I/715RBdgZtHL._AC_UY218_.jpg"
"R2NJW0NFKU87FF","Reviewed in the United States on September 25, 2021",5,"Works great 👍","I’m always playing overwatch on it and it works great 😊",true,1,2,"11","B074LRF639","playstation 4",false,0,"USD",0,0,0,7164,4.8,"https://www.amazon.com/dp/B074LRF639","34387.20",false,true,false,false,"PlayStation 4 Console - 1TB Slim Edition","https://m.media-amazon.com/images/I/715RBdgZtHL._AC_UY218_.jpg"
"R1NCTSE3UMDPBR","Reviewed in the United States on September 23, 2021",1,"Received USED unit, claimed it was NEW, DIDN'T WORK","Received item, didn't work, tried it on 3 different TV's.Seller tried to deduct a restocking fee from my refund.Only ordered from this seller because it stated we'd get a FULL REFUND.We've owned PS4's before, this one definitely DID NOT work and wasn't new as stated.Sad that the seller is out to scam loyal Amazon Customers.",true,1,2,"11","B074LRF639","playstation 4",false,0,"USD",0,0,0,7164,4.8,"https://www.amazon.com/dp/B074LRF639","34387.20",false,true,false,false,"PlayStation 4 Console - 1TB Slim Edition","https://m.media-amazon.com/images/I/715RBdgZtHL._AC_UY218_.jpg"
"R3LU6WNP1BB2VP","Reviewed in the United States on October 20, 2021",1,"Item showed up not working upon return seller said that it wasn't the item he had sent","The item look new but upon hooking it up it didn't work correctly it wanted us to plug in a USB to it we sent it back for a full refund and we are waiting to see what will happen. As of right now seller saying that it's not the unit that they sent to us and are trying not to give us a refund.",true,1,3,"12","B077QT6K94","playstation 4",false,0,"USD",0,0,0,2762,4.8,"https://www.amazon.com/dp/B077QT6K94","13257.60",false,false,false,false,"SONY PlayStation 4 Slim 1TB Console, Light & Slim PS4 System, 1TB Hard Drive, All the Greatest Games, TV, Music & More","https://m.media-amazon.com/images/I/61OL2zIliML._AC_UY218_.jpg"
"RQASOIWH6S7YL","Reviewed in the United States on October 16, 2021",2,"Don't expect it to be in perfecton the outside","Not in perfect shape on the outside but so far, it works well!",true,1,3,"12","B077QT6K94","playstation 4",false,0,"USD",0,0,0,2762,4.8,"https://www.amazon.com/dp/B077QT6K94","13257.60",false,false,false,false,"SONY PlayStation 4 Slim 1TB Console, Light & Slim PS4 System, 1TB Hard Drive, All the Greatest Games, TV, Music & More","https://m.media-amazon.com/images/I/61OL2zIliML._AC_UY218_.jpg"
"R2ULFRBXI8PKHB","Reviewed in the United States on October 15, 2021",4,"Over priced but good","It was delivered with no cushions in the box, dinged up and very dirty. Other than that, works great and got here super fast",true,1,3,"12","B077QT6K94","playstation 4",false,0,"USD",0,0,0,2762,4.8,"https://www.amazon.com/dp/B077QT6K94","13257.60",false,false,false,false,"SONY PlayStation 4 Slim 1TB Console, Light & Slim PS4 System, 1TB Hard Drive, All the Greatest Games, TV, Music & More","https://m.media-amazon.com/images/I/61OL2zIliML._AC_UY218_.jpg"
"R3PWGPVJ804Z05","Reviewed in the United States on October 13, 2021",5,"The bees knees","Perfection.",true,1,3,"12","B077QT6K94","playstation 4",false,0,"USD",0,0,0,2762,4.8,"https://www.amazon.com/dp/B077QT6K94","13257.60",false,false,false,false,"SONY PlayStation 4 Slim 1TB Console, Light & Slim PS4 System, 1TB Hard Drive, All the Greatest Games, TV, Music & More","https://m.media-amazon.com/images/I/61OL2zIliML._AC_UY218_.jpg"
"RNZGLG3LQ62ET","Reviewed in the United States on October 12, 2021",4,"The series s Xbox is better but everything came as expected","All came as expected there are better options but all works fine",true,1,3,"12","B077QT6K94","playstation 4",false,0,"USD",0,0,0,2762,4.8,"https://www.amazon.com/dp/B077QT6K94","13257.60",false,false,false,false,"SONY PlayStation 4 Slim 1TB Console, Light & Slim PS4 System, 1TB Hard Drive, All the Greatest Games, TV, Music & More","https://m.media-amazon.com/images/I/61OL2zIliML._AC_UY218_.jpg"
"R2Z4IO7VTJC2IX","Reviewed in the United States on October 11, 2021",4,"Very Timely in Great Condition","Product is in excellent condition for used and was sent out immediately. Thanks. The only reason I gave 4stars is because Post Office charged me another $9.00 in postage to get to me and I wasn't told about me paying postage also.",true,1,3,"12","B077QT6K94","playstation 4",false,0,"USD",0,0,0,2762,4.8,"https://www.amazon.com/dp/B077QT6K94","13257.60",false,false,false,false,"SONY PlayStation 4 Slim 1TB Console, Light & Slim PS4 System, 1TB Hard Drive, All the Greatest Games, TV, Music & More","https://m.media-amazon.com/images/I/61OL2zIliML._AC_UY218_.jpg"
"R1A2KCA5B6A78I","Reviewed in the United States on October 8, 2021",5,"Fantastic console.","Fast shipping, great product. Thanks so much!",true,1,3,"12","B077QT6K94","playstation 4",false,0,"USD",0,0,0,2762,4.8,"https://www.amazon.com/dp/B077QT6K94","13257.60",false,false,false,false,"SONY PlayStation 4 Slim 1TB Console, Light & Slim PS4 System, 1TB Hard Drive, All the Greatest Games, TV, Music & More","https://m.media-amazon.com/images/I/61OL2zIliML._AC_UY218_.jpg"
"RB5J7ACKHGHHN","Reviewed in the United States on October 7, 2021",5,"Excellent","Excellent",true,1,3,"12","B077QT6K94","playstation 4",false,0,"USD",0,0,0,2762,4.8,"https://www.amazon.com/dp/B077QT6K94","13257.60",false,false,false,false,"SONY PlayStation 4 Slim 1TB Console, Light & Slim PS4 System, 1TB Hard Drive, All the Greatest Games, TV, Music & More","https://m.media-amazon.com/images/I/61OL2zIliML._AC_UY218_.jpg"
"R3PW3NROBUMWP5","Reviewed in the United States on October 5, 2021",5,"This is awesome","Programs are good",true,1,3,"12","B077QT6K94","playstation 4",false,0,"USD",0,0,0,2762,4.8,"https://www.amazon.com/dp/B077QT6K94","13257.60",false,false,false,false,"SONY PlayStation 4 Slim 1TB Console, Light & Slim PS4 System, 1TB Hard Drive, All the Greatest Games, TV, Music & More","https://m.media-amazon.com/images/I/61OL2zIliML._AC_UY218_.jpg"
"R2NT6YUUXQOD4E","Reviewed in the United States on October 3, 2021",5,"PlayStation was as described, arrived at a timely manner and works in perfect condition!!","I used the PlayStation to play games and to play movies for my babies and worked perfectly fine.. I liked the fact that it arrived earlier than expected and that it was in like new condition!",true,1,3,"12","B077QT6K94","playstation 4",false,0,"USD",0,0,0,2762,4.8,"https://www.amazon.com/dp/B077QT6K94","13257.60",false,false,false,false,"SONY PlayStation 4 Slim 1TB Console, Light & Slim PS4 System, 1TB Hard Drive, All the Greatest Games, TV, Music & More","https://m.media-amazon.com/images/I/61OL2zIliML._AC_UY218_.jpg"
"cr-translate--940740562",,,"","",false,1,4,"13","B07HHW8C4V","playstation 4",false,0,"USD",0,0,0,2578,4.7,"https://www.amazon.com/dp/B07HHW8C4V","12116.60",false,false,false,false,"PlayStation 4 Slim 1TB Console - Marvel's Spider-Man Bundle [Discontinued]","https://m.media-amazon.com/images/I/711xGPcLL2L._AC_UY218_.jpg"
"RPI0RHH9SP4JE","Reviewed in the United States on October 19, 2021",5,"Arrived brand new and operational","There was no damage and it had no problems in setting up",true,1,4,"13","B07HHW8C4V","playstation 4",false,0,"USD",0,0,0,2578,4.7,"https://www.amazon.com/dp/B07HHW8C4V","12116.60",false,false,false,false,"PlayStation 4 Slim 1TB Console - Marvel's Spider-Man Bundle [Discontinued]","https://m.media-amazon.com/images/I/711xGPcLL2L._AC_UY218_.jpg"
"R2WI0RKMEM4D7F","Reviewed in the United States on August 8, 2021",5,"🎶DoesWhatever a PS4 can🎶","It is amazing that I was even able to get this PS4 or when I did seeing that it is impossible To find APS 4 anywhere these days. It came fast in the mail perfectly past perfectly packaged with all the contents included I also got a protection plan with it just in case. I've been using this PS4 slim for A while now and it has been functioning great And the price was amazing too for this bundle loving every 2nd of my time with my PS4 slim!",true,1,4,"13","B07HHW8C4V","playstation 4",false,0,"USD",0,0,0,2578,4.7,"https://www.amazon.com/dp/B07HHW8C4V","12116.60",false,false,false,false,"PlayStation 4 Slim 1TB Console - Marvel's Spider-Man Bundle [Discontinued]","https://m.media-amazon.com/images/I/711xGPcLL2L._AC_UY218_.jpg"
"R1BNPEJEIR5RVZ","Reviewed in the United States on August 7, 2021",5,"Birthday gift","My son loved it,but he figured out when opening his gift.",true,1,4,"13","B07HHW8C4V","playstation 4",false,0,"USD",0,0,0,2578,4.7,"https://www.amazon.com/dp/B07HHW8C4V","12116.60",false,false,false,false,"PlayStation 4 Slim 1TB Console - Marvel's Spider-Man Bundle [Discontinued]","https://m.media-amazon.com/images/I/711xGPcLL2L._AC_UY218_.jpg"
"R1076KGH148MWC","Reviewed in the United States on July 2, 2021",1,"Bad ps4","Ordered this for my son out of state and his mother's say it doesn't work",true,1,4,"13","B07HHW8C4V","playstation 4",false,0,"USD",0,0,0,2578,4.7,"https://www.amazon.com/dp/B07HHW8C4V","12116.60",false,false,false,false,"PlayStation 4 Slim 1TB Console - Marvel's Spider-Man Bundle [Discontinued]","https://m.media-amazon.com/images/I/711xGPcLL2L._AC_UY218_.jpg"
"R22ST9F9MKIBVA","Reviewed in the United States on June 7, 2021",1,"No vale la pena","Me vendieron la versión de Spiderman pero solo era un play normal con el juego de SPIDER MAN , pero bueno bienvenidos a las compras por internet",true,1,4,"13","B07HHW8C4V","playstation 4",false,0,"USD",0,0,0,2578,4.7,"https://www.amazon.com/dp/B07HHW8C4V","12116.60",false,false,false,false,"PlayStation 4 Slim 1TB Console - Marvel's Spider-Man Bundle [Discontinued]","https://m.media-amazon.com/images/I/711xGPcLL2L._AC_UY218_.jpg"
"R1KYYKQ4Q46PIP","Reviewed in the United States on June 1, 2021",1,"It is not the edition of the photo","it is a normal ps4slim. It is not the spiderman edition. only they add the game apart",true,1,4,"13","B07HHW8C4V","playstation 4",false,0,"USD",0,0,0,2578,4.7,"https://www.amazon.com/dp/B07HHW8C4V","12116.60",false,false,false,false,"PlayStation 4 Slim 1TB Console - Marvel's Spider-Man Bundle [Discontinued]","https://m.media-amazon.com/images/I/711xGPcLL2L._AC_UY218_.jpg"
"R2MP2301WQ2QOV","Reviewed in the United States on May 30, 2021",5,"My son loves it. Fast shipping. A+++","I bought it so me and my son could play together.",true,1,4,"13","B07HHW8C4V","playstation 4",false,0,"USD",0,0,0,2578,4.7,"https://www.amazon.com/dp/B07HHW8C4V","12116.60",false,false,false,false,"PlayStation 4 Slim 1TB Console - Marvel's Spider-Man Bundle [Discontinued]","https://m.media-amazon.com/images/I/711xGPcLL2L._AC_UY218_.jpg"
"R1OK17WKBJ1JDD","Reviewed in the United States on May 29, 2021",5,"Really good","Work really good",true,1,4,"13","B07HHW8C4V","playstation 4",false,0,"USD",0,0,0,2578,4.7,"https://www.amazon.com/dp/B07HHW8C4V","12116.60",false,false,false,false,"PlayStation 4 Slim 1TB Console - Marvel's Spider-Man Bundle [Discontinued]","https://m.media-amazon.com/images/I/711xGPcLL2L._AC_UY218_.jpg"
"R2Q9TZBR6K20Z9","Reviewed in the United States on May 20, 2021",1,"🙄","It's tripping already my son's can't even use it because it's saying it needs to update to 8.3 version and it doesn't allow them to update, so I have to buy flash drives and hope it works..",true,1,4,"13","B07HHW8C4V","playstation 4",false,0,"USD",0,0,0,2578,4.7,"https://www.amazon.com/dp/B07HHW8C4V","12116.60",false,false,false,false,"PlayStation 4 Slim 1TB Console - Marvel's Spider-Man Bundle [Discontinued]","https://m.media-amazon.com/images/I/711xGPcLL2L._AC_UY218_.jpg"
"RZZBQFZSHY87E","Reviewed in the United States on May 11, 2021",5,"Amazing","Great",true,1,4,"13","B07HHW8C4V","playstation 4",false,0,"USD",0,0,0,2578,4.7,"https://www.amazon.com/dp/B07HHW8C4V","12116.60",false,false,false,false,"PlayStation 4 Slim 1TB Console - Marvel's Spider-Man Bundle [Discontinued]","https://m.media-amazon.com/images/I/711xGPcLL2L._AC_UY218_.jpg"
"cr-translate--754144951",,,"","",false,1,5,"14","B0822KN151","playstation 4",false,0,"USD",0,0,0,169,4.5,"https://www.amazon.com/dp/B0822KN151","760.50",false,false,false,false,"Holiday Family Bundle Sony Playstation 4 1TB Slim- Jet Black","https://m.media-amazon.com/images/I/61qyHto244L._AC_UY218_.jpg"
"REPWC6JYHZHD3","Reviewed in the United States on September 22, 2021",5,"Love the game system","I bought this for my daughter who is 13 she absolutely loves it I highly recommend it",true,1,5,"14","B0822KN151","playstation 4",false,0,"USD",0,0,0,169,4.5,"https://www.amazon.com/dp/B0822KN151","760.50",false,false,false,false,"Holiday Family Bundle Sony Playstation 4 1TB Slim- Jet Black","https://m.media-amazon.com/images/I/61qyHto244L._AC_UY218_.jpg"
"R5YAOQRV827GK","Reviewed in the United States on May 26, 2021",5,"Great buy","Great product works fantastic have no problems.",true,1,5,"14","B0822KN151","playstation 4",false,0,"USD",0,0,0,169,4.5,"https://www.amazon.com/dp/B0822KN151","760.50",false,false,false,false,"Holiday Family Bundle Sony Playstation 4 1TB Slim- Jet Black","https://m.media-amazon.com/images/I/61qyHto244L._AC_UY218_.jpg"
"REB3CKBHL07X4","Reviewed in the United States on May 9, 2021",3,"FYI","It has taken me awhile to write a review due to this item being a birthday present for my child. I did receive the PS4 and it was very easy to set up. BUT I did not get the games that should have came in the bundle.",true,1,5,"14","B0822KN151","playstation 4",false,0,"USD",0,0,0,169,4.5,"https://www.amazon.com/dp/B0822KN151","760.50",false,false,false,false,"Holiday Family Bundle Sony Playstation 4 1TB Slim- Jet Black","https://m.media-amazon.com/images/I/61qyHto244L._AC_UY218_.jpg"
"R3UEUVVBD947VL","Reviewed in the United States on March 30, 2021",5,"Ps4","Good product but a little overpriced",true,1,5,"14","B0822KN151","playstation 4",false,0,"USD",0,0,0,169,4.5,"https://www.amazon.com/dp/B0822KN151","760.50",false,false,false,false,"Holiday Family Bundle Sony Playstation 4 1TB Slim- Jet Black","https://m.media-amazon.com/images/I/61qyHto244L._AC_UY218_.jpg"
"R3Q2WZQNSID4IC","Reviewed in the United States on March 8, 2021",3,"Quality","I contacted the company where purchase because the ear pods never worked too to good and they never responded and for that I will not rate it no higher",true,1,5,"14","B0822KN151","playstation 4",false,0,"USD",0,0,0,169,4.5,"https://www.amazon.com/dp/B0822KN151","760.50",false,false,false,false,"Holiday Family Bundle Sony Playstation 4 1TB Slim- Jet Black","https://m.media-amazon.com/images/I/61qyHto244L._AC_UY218_.jpg"
"R2SM5MX25MJRWI","Reviewed in the United States on February 3, 2021",1,"Dishonest!","This product was not what was advertised. The description from the seller was not accurate to what I received. Completely dissatisfied with the product, the seller and Amazon!",true,1,5,"14","B0822KN151","playstation 4",false,0,"USD",0,0,0,169,4.5,"https://www.amazon.com/dp/B0822KN151","760.50",false,false,false,false,"Holiday Family Bundle Sony Playstation 4 1TB Slim- Jet Black","https://m.media-amazon.com/images/I/61qyHto244L._AC_UY218_.jpg"
"R1E03AN18OVQCQ","Reviewed in the United States on January 7, 2021",1,"AVOID BUYING ELECTRONICS FROM THIS COMPANY!","I dont take the time to review products often, but I cant stress enough to STAY AWAY from this company when purchasing any type of electronics. I ordered the PS4 bundle with the spiderman game and 2nd controller. First off, the 2nd controller didnt come with the original bundle. I had to waste time going back and forth with them to finally send me the 2nd controller, which came about a week after the original bundle. Fast forward to Christmas day. My son finally gets to open his gift, only to find out that each game we tried, gets the error message that I attached in the photo. The system clearly didnt work and we decided to return it. The return process was going smoothly, until I noticed I was missing 157.00 from my return. I reached out to get an explanation and they claimed that it worked and they were taking 157.00 for a no longer needed fee. If it worked as promised from the start, there wouldve been no need for me to return it in the first place. In sumarry, im getting my lawyer involved to recoup my full refund!! JUST DO YOURSELF A FAVOR, AVOID THIS COMPANY!",true,1,5,"14","B0822KN151","playstation 4",false,0,"USD",0,0,0,169,4.5,"https://www.amazon.com/dp/B0822KN151","760.50",false,false,false,false,"Holiday Family Bundle Sony Playstation 4 1TB Slim- Jet Black","https://m.media-amazon.com/images/I/61qyHto244L._AC_UY218_.jpg"
"RCH0P1SRLRDLC","Reviewed in the United States on December 25, 2020",1,"Not as advertised","I bought the holiday family bundle. Was supposed to have console, 2 controllers, Fortnite voucher and Spider-man game. Only had one remote and the code to download Fortnite does not work. I think this is a scam. Unfortunately a huge disappointment for my kids on Christmas morning.",true,1,5,"14","B0822KN151","playstation 4",false,0,"USD",0,0,0,169,4.5,"https://www.amazon.com/dp/B0822KN151","760.50",false,false,false,false,"Holiday Family Bundle Sony Playstation 4 1TB Slim- Jet Black","https://m.media-amazon.com/images/I/61qyHto244L._AC_UY218_.jpg"
"RDU73DB9QQSNA","Reviewed in the United States on November 22, 2020",5,"was agift","My grandson loved it",true,1,5,"14","B0822KN151","playstation 4",false,0,"USD",0,0,0,169,4.5,"https://www.amazon.com/dp/B0822KN151","760.50",false,false,false,false,"Holiday Family Bundle Sony Playstation 4 1TB Slim- Jet Black","https://m.media-amazon.com/images/I/61qyHto244L._AC_UY218_.jpg"
"R171WHIAC43H5Y","Reviewed in the United States on November 7, 2020",5,"Recomendado","Muy buen producto, lo recibí un día antes de la fecha incluye todo lo mencionado en la descripción",true,1,5,"14","B0822KN151","playstation 4",false,0,"USD",0,0,0,169,4.5,"https://www.amazon.com/dp/B0822KN151","760.50",false,false,false,false,"Holiday Family Bundle Sony Playstation 4 1TB Slim- Jet Black","https://m.media-amazon.com/images/I/61qyHto244L._AC_UY218_.jpg"
"R39XRUPTLSROHB","Reviewed in the United States on August 30, 2021",5,"PS4 pro good product","Your browser does not support HTML5 video. It’s great go cope one",true,1,6,"15","B07MLWLYCN","playstation 4",false,847,"USD",0,0,0,751,4.6,"https://www.amazon.com/dp/B07MLWLYCN","3454.60",false,false,false,false,"Sony PlayStation 4 Pro 1TB White (PS4)","https://m.media-amazon.com/images/I/71NyRR72fWL._AC_UY218_.jpg"
"RLV3EFD75JZUI","Reviewed in the United States on August 11, 2021",5,"Brand new ps4 pro perfect condition, good buy. Runs so much better than my old ps4","It was everything I expected a brand new ps4 pro, load times are better, graphics are better, download times are great. Everything that the original ps4 does but with so much extra effort and a handful of new features",true,1,6,"15","B07MLWLYCN","playstation 4",false,847,"USD",0,0,0,751,4.6,"https://www.amazon.com/dp/B07MLWLYCN","3454.60",false,false,false,false,"Sony PlayStation 4 Pro 1TB White (PS4)","https://m.media-amazon.com/images/I/71NyRR72fWL._AC_UY218_.jpg"
"R25O8623UTAYBV","Reviewed in the United States on August 9, 2021",1,"It didn’t work, or have problems","It didn’t work, or have problems",true,1,6,"15","B07MLWLYCN","playstation 4",false,847,"USD",0,0,0,751,4.6,"https://www.amazon.com/dp/B07MLWLYCN","3454.60",false,false,false,false,"Sony PlayStation 4 Pro 1TB White (PS4)","https://m.media-amazon.com/images/I/71NyRR72fWL._AC_UY218_.jpg"
"R1PMXUQ8A7KURM","Reviewed in the United States on July 21, 2021",5,"Perfect","Exactly as expected",true,1,6,"15","B07MLWLYCN","playstation 4",false,847,"USD",0,0,0,751,4.6,"https://www.amazon.com/dp/B07MLWLYCN","3454.60",false,false,false,false,"Sony PlayStation 4 Pro 1TB White (PS4)","https://m.media-amazon.com/images/I/71NyRR72fWL._AC_UY218_.jpg"
"R20SCY0WO8YAC8","Reviewed in the United States on July 15, 2021",5,"PS4 Pro","Great The item was new just as described. Also the only difference was the manuals weren’t in English other the that great buy. I would recommend it if anyone wanting a PS4 Pro.",true,1,6,"15","B07MLWLYCN","playstation 4",false,847,"USD",0,0,0,751,4.6,"https://www.amazon.com/dp/B07MLWLYCN","3454.60",false,false,false,false,"Sony PlayStation 4 Pro 1TB White (PS4)","https://m.media-amazon.com/images/I/71NyRR72fWL._AC_UY218_.jpg"
"R1YG35TIKILO0D","Reviewed in the United States on July 14, 2021",4,"Great but!","Only 4 stars because my brother said it shook around a little in the box other than that it came in amazing condition even tho the controller is not official Sony Dualshock 4 it is still a great controller and it came to our house safe and sound",true,1,6,"15","B07MLWLYCN","playstation 4",false,847,"USD",0,0,0,751,4.6,"https://www.amazon.com/dp/B07MLWLYCN","3454.60",false,false,false,false,"Sony PlayStation 4 Pro 1TB White (PS4)","https://m.media-amazon.com/images/I/71NyRR72fWL._AC_UY218_.jpg"
"R4E8F52KXLT9I","Reviewed in the United States on July 8, 2021",5,"Good quality","My son loved it!",true,1,6,"15","B07MLWLYCN","playstation 4",false,847,"USD",0,0,0,751,4.6,"https://www.amazon.com/dp/B07MLWLYCN","3454.60",false,false,false,false,"Sony PlayStation 4 Pro 1TB White (PS4)","https://m.media-amazon.com/images/I/71NyRR72fWL._AC_UY218_.jpg"
"R1GI7R1HQ7CK1W","Reviewed in the United States on June 18, 2021",5,"Love it","Arrive early but I love the fact that it brand new great job",true,1,6,"15","B07MLWLYCN","playstation 4",false,847,"USD",0,0,0,751,4.6,"https://www.amazon.com/dp/B07MLWLYCN","3454.60",false,false,false,false,"Sony PlayStation 4 Pro 1TB White (PS4)","https://m.media-amazon.com/images/I/71NyRR72fWL._AC_UY218_.jpg"
"R2VTPOD5XAAHI3","Reviewed in the United States on June 16, 2021",3,"The package was delivered open there was no bubble wrap to keep the game system safe","The product itself is five stars the delivery and packaging of it one star",true,1,6,"15","B07MLWLYCN","playstation 4",false,847,"USD",0,0,0,751,4.6,"https://www.amazon.com/dp/B07MLWLYCN","3454.60",false,false,false,false,"Sony PlayStation 4 Pro 1TB White (PS4)","https://m.media-amazon.com/images/I/71NyRR72fWL._AC_UY218_.jpg"
"RQPXK49V3QGBX","Reviewed in the United States on June 13, 2021",5,"Good condition","Perfect condition! Came within a week but it’s 10/10",true,1,6,"15","B07MLWLYCN","playstation 4",false,847,"USD",0,0,0,751,4.6,"https://www.amazon.com/dp/B07MLWLYCN","3454.60",false,false,false,false,"Sony PlayStation 4 Pro 1TB White (PS4)","https://m.media-amazon.com/images/I/71NyRR72fWL._AC_UY218_.jpg"
"cr-translate-151746874",,,"","",false,1,7,"16","B07YLDNTKB","playstation 4",false,0,"USD",0,0,0,8587,4.8,"https://www.amazon.com/dp/B07YLDNTKB","41217.60",false,false,false,false,"PlayStation 4 Slim 1TB Console - Only On PlayStation Bundle","https://m.media-amazon.com/images/I/814Cwlg1JaL._AC_UY218_.jpg"
"R21VZXHQQHDM4Z","Reviewed in the United States on September 5, 2021",5,"Hasta ahorita todo bien!","La verdad es que el producto se ve en buenas condiciones , sin ninguna falla hasta ahorita.",true,1,7,"16","B07YLDNTKB","playstation 4",false,0,"USD",0,0,0,8587,4.8,"https://www.amazon.com/dp/B07YLDNTKB","41217.60",false,false,false,false,"PlayStation 4 Slim 1TB Console - Only On PlayStation Bundle","https://m.media-amazon.com/images/I/814Cwlg1JaL._AC_UY218_.jpg"
"R17R092W8UD2ID","Reviewed in the United States on September 1, 2021",5,"Love Ps4","Bount it last year, still awesome!",true,1,7,"16","B07YLDNTKB","playstation 4",false,0,"USD",0,0,0,8587,4.8,"https://www.amazon.com/dp/B07YLDNTKB","41217.60",false,false,false,false,"PlayStation 4 Slim 1TB Console - Only On PlayStation Bundle","https://m.media-amazon.com/images/I/814Cwlg1JaL._AC_UY218_.jpg"
"R3B648RI0KDBNE","Reviewed in the United States on August 24, 2021",5,"Great !!! Used","I bought the used one and it works perfect. I need a new one and the low price was a plus .",true,1,7,"16","B07YLDNTKB","playstation 4",false,0,"USD",0,0,0,8587,4.8,"https://www.amazon.com/dp/B07YLDNTKB","41217.60",false,false,false,false,"PlayStation 4 Slim 1TB Console - Only On PlayStation Bundle","https://m.media-amazon.com/images/I/814Cwlg1JaL._AC_UY218_.jpg"
"R2FVYJP8DALALI","Reviewed in the United States on July 30, 2021",2,"Broke not long after warranty","Just gives errors when turning on. It was great while it lasted, the whole year, lol.",true,1,7,"16","B07YLDNTKB","playstation 4",false,0,"USD",0,0,0,8587,4.8,"https://www.amazon.com/dp/B07YLDNTKB","41217.60",false,false,false,false,"PlayStation 4 Slim 1TB Console - Only On PlayStation Bundle","https://m.media-amazon.com/images/I/814Cwlg1JaL._AC_UY218_.jpg"
"R493O5K1TCLU2","Reviewed in the United States on July 17, 2021",5,"Me gustó mucho, lo uso todos los días.","Excelente producto aún lo tengo y va muy bien, muy buena compra.",true,1,7,"16","B07YLDNTKB","playstation 4",false,0,"USD",0,0,0,8587,4.8,"https://www.amazon.com/dp/B07YLDNTKB","41217.60",false,false,false,false,"PlayStation 4 Slim 1TB Console - Only On PlayStation Bundle","https://m.media-amazon.com/images/I/814Cwlg1JaL._AC_UY218_.jpg"
"RAYCIGKZYFUAU","Reviewed in the United States on July 15, 2021",5,"Good","I loved this bundle my kids are very happy to have them",true,1,7,"16","B07YLDNTKB","playstation 4",false,0,"USD",0,0,0,8587,4.8,"https://www.amazon.com/dp/B07YLDNTKB","41217.60",false,false,false,false,"PlayStation 4 Slim 1TB Console - Only On PlayStation Bundle","https://m.media-amazon.com/images/I/814Cwlg1JaL._AC_UY218_.jpg"
"R2K3SPH888LO7A","Reviewed in the United States on July 13, 2021",5,"Great system, comes with worthwhile games","I can't say if the system is still available with this bundle, but it was the best value at the time and came with 3 games we wanted anyway, all are ones I could easily recommend. Horizon Zero Dawn especially is still one of the best on the platform in my opinion. The PS4 system itself is great and has held up well, though tends to need a dusting every so often or it will run louder/hotter. Other than that, haven't had any issues. Watch DVDs, use any streaming services, play games, what more are you really looking for?",true,1,7,"16","B07YLDNTKB","playstation 4",false,0,"USD",0,0,0,8587,4.8,"https://www.amazon.com/dp/B07YLDNTKB","41217.60",false,false,false,false,"PlayStation 4 Slim 1TB Console - Only On PlayStation Bundle","https://m.media-amazon.com/images/I/814Cwlg1JaL._AC_UY218_.jpg"
"R3I67K7I2H9KW8","Reviewed in the United States on June 28, 2021",1,"Don’t buy","Horrible had to take it to get fix after having it two weeks kept going in safe mode after powering off",true,1,7,"16","B07YLDNTKB","playstation 4",false,0,"USD",0,0,0,8587,4.8,"https://www.amazon.com/dp/B07YLDNTKB","41217.60",false,false,false,false,"PlayStation 4 Slim 1TB Console - Only On PlayStation Bundle","https://m.media-amazon.com/images/I/814Cwlg1JaL._AC_UY218_.jpg"
"RQ02FNSH7R2DB","Reviewed in the United States on June 4, 2021",1,"Console failed one month after warranty expired. Good job Sony.","Console failed one month after warranty expired. Good job Sony. Now the console is nothing but a brick. To get the console fixed will cost a couple hundred dollars... Another option is to replacement it with a used one and those are hard to come by...since NOBODY can get a PS5 without paying scalpers prices, they opt for the PS4.",true,1,7,"16","B07YLDNTKB","playstation 4",false,0,"USD",0,0,0,8587,4.8,"https://www.amazon.com/dp/B07YLDNTKB","41217.60",false,false,false,false,"PlayStation 4 Slim 1TB Console - Only On PlayStation Bundle","https://m.media-amazon.com/images/I/814Cwlg1JaL._AC_UY218_.jpg"
"R3JPC9IJD1BE2R","Reviewed in the United States on June 2, 2021",5,"Yep! It's a PS4","My first console and I love it very much. Overall good product.",true,1,7,"16","B07YLDNTKB","playstation 4",false,0,"USD",0,0,0,8587,4.8,"https://www.amazon.com/dp/B07YLDNTKB","41217.60",false,false,false,false,"PlayStation 4 Slim 1TB Console - Only On PlayStation Bundle","https://m.media-amazon.com/images/I/814Cwlg1JaL._AC_UY218_.jpg"
"cr-translate-151469348",,,"","",false,1,8,"17","B07VJWMQ5T","playstation 4",false,0,"USD",0,0,0,4348,4.8,"https://www.amazon.com/dp/B07VJWMQ5T","20870.40",false,false,false,false,"PlayStation 4 Slim 1TB Console - Fortnite Bundle","https://m.media-amazon.com/images/I/71uPr4KromL._AC_UY218_.jpg"
"R3U1NV81HEUTE","Reviewed in the United States on September 20, 2021",1,"We did not receive the fortnight bundle....","We specifically ordered the fortnight PS4 addition (which was more expensive) and that is not the PS4 that we received. This is super disappointing as this a birthday gift for my son. He opened the PS4 but he doesn't have any games to play on it.",true,1,8,"17","B07VJWMQ5T","playstation 4",false,0,"USD",0,0,0,4348,4.8,"https://www.amazon.com/dp/B07VJWMQ5T","20870.40",false,false,false,false,"PlayStation 4 Slim 1TB Console - Fortnite Bundle","https://m.media-amazon.com/images/I/71uPr4KromL._AC_UY218_.jpg"
"RRG0RMPRN9TUX","Reviewed in the United States on August 22, 2021",4,"Voucher","The voucher said it expired, but luckily it still worked!",true,1,8,"17","B07VJWMQ5T","playstation 4",false,0,"USD",0,0,0,4348,4.8,"https://www.amazon.com/dp/B07VJWMQ5T","20870.40",false,false,false,false,"PlayStation 4 Slim 1TB Console - Fortnite Bundle","https://m.media-amazon.com/images/I/71uPr4KromL._AC_UY218_.jpg"
"R383Z67BY9H5BY","Reviewed in the United States on August 14, 2021",1,"Liars","This didn’t come with a Fortnite skin code that it said it would",true,1,8,"17","B07VJWMQ5T","playstation 4",false,0,"USD",0,0,0,4348,4.8,"https://www.amazon.com/dp/B07VJWMQ5T","20870.40",false,false,false,false,"PlayStation 4 Slim 1TB Console - Fortnite Bundle","https://m.media-amazon.com/images/I/71uPr4KromL._AC_UY218_.jpg"
"RK33PX9XL565I","Reviewed in the United States on July 22, 2021",5,"PS4 fan!","Order arrived as expected.All item were accounted for and it safely packed.Console was connected and it started just fine.Working great.A bit expensive but thats sony.Im happy with the seller and purchase.",true,1,8,"17","B07VJWMQ5T","playstation 4",false,0,"USD",0,0,0,4348,4.8,"https://www.amazon.com/dp/B07VJWMQ5T","20870.40",false,false,false,false,"PlayStation 4 Slim 1TB Console - Fortnite Bundle","https://m.media-amazon.com/images/I/71uPr4KromL._AC_UY218_.jpg"
"R14DM409MZIUJ4","Reviewed in the United States on June 18, 2021",5,"Bueno","Funciona",true,1,8,"17","B07VJWMQ5T","playstation 4",false,0,"USD",0,0,0,4348,4.8,"https://www.amazon.com/dp/B07VJWMQ5T","20870.40",false,false,false,false,"PlayStation 4 Slim 1TB Console - Fortnite Bundle","https://m.media-amazon.com/images/I/71uPr4KromL._AC_UY218_.jpg"
"R2FZDAXRE9ERMF","Reviewed in the United States on May 28, 2021",5,"Not a happy camper, Pristine condition but does not cut on","It was great in the beginning but seems you have to take a break from it if you don't want it to completely go out out like mine did. Does not power on or anything it just stopped working out of nowhere",true,1,8,"17","B07VJWMQ5T","playstation 4",false,0,"USD",0,0,0,4348,4.8,"https://www.amazon.com/dp/B07VJWMQ5T","20870.40",false,false,false,false,"PlayStation 4 Slim 1TB Console - Fortnite Bundle","https://m.media-amazon.com/images/I/71uPr4KromL._AC_UY218_.jpg"
"R3BPYRWADU7GM2","Reviewed in the United States on April 22, 2021",5,"Excelente","Excelente",true,1,8,"17","B07VJWMQ5T","playstation 4",false,0,"USD",0,0,0,4348,4.8,"https://www.amazon.com/dp/B07VJWMQ5T","20870.40",false,false,false,false,"PlayStation 4 Slim 1TB Console - Fortnite Bundle","https://m.media-amazon.com/images/I/71uPr4KromL._AC_UY218_.jpg"
"R1MJH80KBW4AGJ","Reviewed in the United States on April 12, 2021",4,"It works, expired code though","Came on time and works perfectly. My only gripe is it came with an expired fortnite code and when I contacted the seller I never got a response. That code was the whole reason I chose this one. I had a very disappointed 8 year old",true,1,8,"17","B07VJWMQ5T","playstation 4",false,0,"USD",0,0,0,4348,4.8,"https://www.amazon.com/dp/B07VJWMQ5T","20870.40",false,false,false,false,"PlayStation 4 Slim 1TB Console - Fortnite Bundle","https://m.media-amazon.com/images/I/71uPr4KromL._AC_UY218_.jpg"
"R25SMHGLWTKTNK","Reviewed in the United States on April 7, 2021",5,"Thank you so much!","Perfect! I couldn't even find one in a pawnshop! It came earlier than expected.",true,1,8,"17","B07VJWMQ5T","playstation 4",false,0,"USD",0,0,0,4348,4.8,"https://www.amazon.com/dp/B07VJWMQ5T","20870.40",false,false,false,false,"PlayStation 4 Slim 1TB Console - Fortnite Bundle","https://m.media-amazon.com/images/I/71uPr4KromL._AC_UY218_.jpg"
"RGL6K9NSJDLRZ","Reviewed in the United States on March 31, 2021",5,"Fortnite bundle code still is working","I received device this very quickly.I was concerned because it looked like the Fortnite bundle expired,which was the whole reason I bought this bundle. I contacted the seller who got back to me quickly, same day and stated to still try it as Sony extended it. I'm happy to say the code did work. Keep in mind you have to download the Fortnite game for this bundle to work and you must create an online profile.Once you do that follow the instructions and the code will work. My kids are happy, so I am happy.",true,1,8,"17","B07VJWMQ5T","playstation 4",false,0,"USD",0,0,0,4348,4.8,"https://www.amazon.com/dp/B07VJWMQ5T","20870.40",false,false,false,false,"PlayStation 4 Slim 1TB Console - Fortnite Bundle","https://m.media-amazon.com/images/I/71uPr4KromL._AC_UY218_.jpg"
"R33WZVBP4YWS8W","Reviewed in the United States on September 27, 2021",5,"it worked very well","I will give big props to the seller, they did a great job.",true,1,10,"19","B01M0RU6LY","playstation 4",false,0,"USD",0,0,0,1659,4.6,"https://www.amazon.com/dp/B01M0RU6LY","7631.40",false,false,false,false,"PlayStation 4 Slim 500GB Console [Discontinued]","https://m.media-amazon.com/images/I/71PGvPXpk5L._AC_UY218_.jpg"
"R1KPSGV0WDELBJ","Reviewed in the United States on September 5, 2021",5,"Great deal!Great service!","Product came in great working condition at a reasonable price.Shipping was quick and secure, even included free tracking.Highly recommend!",true,1,10,"19","B01M0RU6LY","playstation 4",false,0,"USD",0,0,0,1659,4.6,"https://www.amazon.com/dp/B01M0RU6LY","7631.40",false,false,false,false,"PlayStation 4 Slim 500GB Console [Discontinued]","https://m.media-amazon.com/images/I/71PGvPXpk5L._AC_UY218_.jpg"
"R3V2PEMJ6V9PW1","Reviewed in the United States on August 23, 2021",5,"Shipped/arrived on time and the PS4 works as if new","Was shipped within a couple hours of purchasing and arrived when it was supposed to(2 or 3 day shipping), also performs as if it were brand new.However, this was sent to the wrong person. The receipt in the package had the name and address of another buyer, but it was the correct item so the other buyer and I both got what we were expecting. This is just a note for the seller, it could have led to the two of us being sent the wrong item but luckily we bought the same thing so it worked out fine.My only concern is that a random person now has my name and address, and I’m sure he/she doesn’t like that idea either.Also the PS4 controller is custom and from an unknown design/game which was a cool bonus.The controller charger cable is also a generic micro usb which is much shorter than the PS4 stock cable but besides this it still works just the same as the original.Overall very pleased with this purchase",true,1,10,"19","B01M0RU6LY","playstation 4",false,0,"USD",0,0,0,1659,4.6,"https://www.amazon.com/dp/B01M0RU6LY","7631.40",false,false,false,false,"PlayStation 4 Slim 500GB Console [Discontinued]","https://m.media-amazon.com/images/I/71PGvPXpk5L._AC_UY218_.jpg"
"RP1PW1EJOKVAG","Reviewed in the United States on August 8, 2021",5,"Refurbed and worked great","Started up beautifully everything was packaged perfectly couldn’t even tell it wasn’t brand new. No issues whatsoever",true,1,10,"19","B01M0RU6LY","playstation 4",false,0,"USD",0,0,0,1659,4.6,"https://www.amazon.com/dp/B01M0RU6LY","7631.40",false,false,false,false,"PlayStation 4 Slim 500GB Console [Discontinued]","https://m.media-amazon.com/images/I/71PGvPXpk5L._AC_UY218_.jpg"
"R35ENVSXDY9JI3","Reviewed in the United States on August 4, 2021",5,"Excellent device!","This was an excellent purchase. When I bought it the condition was used very good and indeed both the console and controller were without any cosmetic damage and work well. I've been using this for over a year now and it still works well. I bought this intending to upgrade to 1TB using a hard drive from new laptop upgraded to SSD, but to my surprise when I checked the console storage it was 1TB.",true,1,10,"19","B01M0RU6LY","playstation 4",false,0,"USD",0,0,0,1659,4.6,"https://www.amazon.com/dp/B01M0RU6LY","7631.40",false,false,false,false,"PlayStation 4 Slim 500GB Console [Discontinued]","https://m.media-amazon.com/images/I/71PGvPXpk5L._AC_UY218_.jpg"
"R1YTGYYR1MPT0T","Reviewed in the United States on May 25, 2021",5,"Great deal great product lousy just plain shitty packagin3g","Did not like the way it was packaged. It took a tad bit more time than was specified. Other than those 2 very small issues. The console was clean and in great shape and the controller looks brand new. I don't play it very often but when I do it works like it's brand new. If you want PlayStations at a good price this is the guy to go to no cap",true,1,10,"19","B01M0RU6LY","playstation 4",false,0,"USD",0,0,0,1659,4.6,"https://www.amazon.com/dp/B01M0RU6LY","7631.40",false,false,false,false,"PlayStation 4 Slim 500GB Console [Discontinued]","https://m.media-amazon.com/images/I/71PGvPXpk5L._AC_UY218_.jpg"
"R1EHLGR4Y715F5","Reviewed in the United States on May 23, 2021",2,"Do better","Didn't come with a power cord 😡",true,1,10,"19","B01M0RU6LY","playstation 4",false,0,"USD",0,0,0,1659,4.6,"https://www.amazon.com/dp/B01M0RU6LY","7631.40",false,false,false,false,"PlayStation 4 Slim 500GB Console [Discontinued]","https://m.media-amazon.com/images/I/71PGvPXpk5L._AC_UY218_.jpg"
"R39J5997WK815K","Reviewed in the United States on May 6, 2021",1,"BUG INFESTED REAL PERSON REVIEWING","If ZERO stars was a rating I would NOT even give ZERO stars! The game came INFESTED with bugs! And even after trying to clean it, we had to literally crack the entire system open and discover there are wayyyy more bugs and the SELLER tried to blame it in UPS but the system itself was infested. ABSOLUTELY DISGUSTING! And hit the nerve to say ship it back.... system ain’t even allowed or should be allowed in ANYONES home working or not. DO BETTER",true,1,10,"19","B01M0RU6LY","playstation 4",false,0,"USD",0,0,0,1659,4.6,"https://www.amazon.com/dp/B01M0RU6LY","7631.40",false,false,false,false,"PlayStation 4 Slim 500GB Console [Discontinued]","https://m.media-amazon.com/images/I/71PGvPXpk5L._AC_UY218_.jpg"
"R2545KUFUOLGYI","Reviewed in the United States on May 5, 2021",5,"Pa","Awesome",true,1,10,"19","B01M0RU6LY","playstation 4",false,0,"USD",0,0,0,1659,4.6,"https://www.amazon.com/dp/B01M0RU6LY","7631.40",false,false,false,false,"PlayStation 4 Slim 500GB Console [Discontinued]","https://m.media-amazon.com/images/I/71PGvPXpk5L._AC_UY218_.jpg"
"R235SI9UXMQQJR","Reviewed in the United States on May 2, 2021",1,"Doesn’t turn on and when it’s on it has connection issues.","It doesnt turn on most of the time when I try to turn it on and the controllers disconnect when it does turn on. Even got a new controller and it still disconnected.",true,1,10,"19","B01M0RU6LY","playstation 4",false,0,"USD",0,0,0,1659,4.6,"https://www.amazon.com/dp/B01M0RU6LY","7631.40",false,false,false,false,"PlayStation 4 Slim 500GB Console [Discontinued]","https://m.media-amazon.com/images/I/71PGvPXpk5L._AC_UY218_.jpg"
"R2FLW2LGUFJ3AP","Reviewed in the United States on October 20, 2021",5,"I no now","I had 2 buy a changer 2 controller",true,1,11,"110","B00BGA9WK2","playstation 4",false,0,"USD",0,0,0,13319,4.6,"https://www.amazon.com/dp/B00BGA9WK2","61267.40",false,false,false,false,"PlayStation 4 500GB Console [Old Model][Discontinued]","https://m.media-amazon.com/images/I/51ROi4d4puL._AC_UY218_.jpg"
"R1E9K0NAWPFZFD","Reviewed in the United States on October 10, 2021",5,"Love it.","I finally joined the 21st century, as for as my video games are concerned Its a lot more complex of a machine then I thought it would be though, but I think that is just because I'm getting old.",true,1,11,"110","B00BGA9WK2","playstation 4",false,0,"USD",0,0,0,13319,4.6,"https://www.amazon.com/dp/B00BGA9WK2","61267.40",false,false,false,false,"PlayStation 4 500GB Console [Old Model][Discontinued]","https://m.media-amazon.com/images/I/51ROi4d4puL._AC_UY218_.jpg"
"R2KCV35WKAE1IR","Reviewed in the United States on September 26, 2021",5,"Came exactly as described, no issues whatsoever","Very satisfied!",true,1,11,"110","B00BGA9WK2","playstation 4",false,0,"USD",0,0,0,13319,4.6,"https://www.amazon.com/dp/B00BGA9WK2","61267.40",false,false,false,false,"PlayStation 4 500GB Console [Old Model][Discontinued]","https://m.media-amazon.com/images/I/51ROi4d4puL._AC_UY218_.jpg"
"R32QEFYQ7YHMF7","Reviewed in the United States on September 14, 2021",1,"False Marketing","The product that was delivered to me isn’t the product that is shown that is being sold I received ps4 slim 1tb.",true,1,11,"110","B00BGA9WK2","playstation 4",false,0,"USD",0,0,0,13319,4.6,"https://www.amazon.com/dp/B00BGA9WK2","61267.40",false,false,false,false,"PlayStation 4 500GB Console [Old Model][Discontinued]","https://m.media-amazon.com/images/I/51ROi4d4puL._AC_UY218_.jpg"
"R2DBE9A8R28AWH","Reviewed in the United States on September 7, 2021",5,"The condition it came in was very good","Overall felt like a brand new ps4 and a very nice controller",true,1,11,"110","B00BGA9WK2","playstation 4",false,0,"USD",0,0,0,13319,4.6,"https://www.amazon.com/dp/B00BGA9WK2","61267.40",false,false,false,false,"PlayStation 4 500GB Console [Old Model][Discontinued]","https://m.media-amazon.com/images/I/51ROi4d4puL._AC_UY218_.jpg"
"RH3UCADWM9RFG","Reviewed in the United States on August 27, 2021",3,"Quite disappointing!","The controller does not work unless plugged into the console!",true,1,11,"110","B00BGA9WK2","playstation 4",false,0,"USD",0,0,0,13319,4.6,"https://www.amazon.com/dp/B00BGA9WK2","61267.40",false,false,false,false,"PlayStation 4 500GB Console [Old Model][Discontinued]","https://m.media-amazon.com/images/I/51ROi4d4puL._AC_UY218_.jpg"
"R3HMTOODJY98H8","Reviewed in the United States on August 6, 2021",5,"excelente","excelente",true,1,11,"110","B00BGA9WK2","playstation 4",false,0,"USD",0,0,0,13319,4.6,"https://www.amazon.com/dp/B00BGA9WK2","61267.40",false,false,false,false,"PlayStation 4 500GB Console [Old Model][Discontinued]","https://m.media-amazon.com/images/I/51ROi4d4puL._AC_UY218_.jpg"
"R32RU59DSOJMKW","Reviewed in the United States on July 22, 2021",4,"PS4 is a Good System...","Just 500GB or even 1TB isn't nearly enough to hold all the games you want to play.Each game I own takes up at least 80GB from storage, so you HAVE to have an external drive.I recently purchased a 5TB drive.That should keep me good for awhile.Games should be on the disc mostly, not on the gaming system.If it's alot of memory, make more discs!They've done so in the past!",true,1,11,"110","B00BGA9WK2","playstation 4",false,0,"USD",0,0,0,13319,4.6,"https://www.amazon.com/dp/B00BGA9WK2","61267.40",false,false,false,false,"PlayStation 4 500GB Console [Old Model][Discontinued]","https://m.media-amazon.com/images/I/51ROi4d4puL._AC_UY218_.jpg"
"R22Y9M2VUB2461","Reviewed in the United States on July 21, 2021",3,"🎁","🎁",true,1,11,"110","B00BGA9WK2","playstation 4",false,0,"USD",0,0,0,13319,4.6,"https://www.amazon.com/dp/B00BGA9WK2","61267.40",false,false,false,false,"PlayStation 4 500GB Console [Old Model][Discontinued]","https://m.media-amazon.com/images/I/51ROi4d4puL._AC_UY218_.jpg"
"R3PZ3TP5QR38YQ","Reviewed in the United States on July 9, 2021",2,"Fml","Ordered 2. Delivery in one day was awesome. Received 2 1tb ps4. One set up and worked easily, the other is banned from the playstation network",true,1,11,"110","B00BGA9WK2","playstation 4",false,0,"USD",0,0,0,13319,4.6,"https://www.amazon.com/dp/B00BGA9WK2","61267.40",false,false,false,false,"PlayStation 4 500GB Console [Old Model][Discontinued]","https://m.media-amazon.com/images/I/51ROi4d4puL._AC_UY218_.jpg"
"R33PZ0PG3JHF47","Reviewed in the United States on August 28, 2021",5,"Birthday present","My family received the package yesterday or today but it's a family birthday gift for next month...thanks Amazon for your hard and your workers God bless and please buy these books from Amazon rightly diving the word by clarence larkin..watch your mouth by tony evans and get the book the spritual man by watchman nee",true,1,12,"111","B082HL4M8C","playstation 4",false,0,"USD",0,0,0,33,4.7,"https://www.amazon.com/dp/B082HL4M8C","155.10",false,false,false,false,"PlayStation 4 Slim 1TB Only on PlayStation Console Bundle | Bundle : God of War game voucher,Horizon Zero Dawn: Complete E...","https://m.media-amazon.com/images/I/71yY000yt7L._AC_UY218_.jpg"
"RO3EMAQEZQAXY","Reviewed in the United States on April 16, 2020",1,"GAME CODES ARE EXPIRED","Advertises that it comes with the game downloads; however, the download codes we received expired on the 31st of March and I placed this order in April. Rip off 😡",true,1,12,"111","B082HL4M8C","playstation 4",false,0,"USD",0,0,0,33,4.7,"https://www.amazon.com/dp/B082HL4M8C","155.10",false,false,false,false,"PlayStation 4 Slim 1TB Only on PlayStation Console Bundle | Bundle : God of War game voucher,Horizon Zero Dawn: Complete E...","https://m.media-amazon.com/images/I/71yY000yt7L._AC_UY218_.jpg"
"RE8PTGL182ZTM","Reviewed in the United States on June 12, 2021",5,"Christmas was a blast","Totally love the deal",true,1,13,"112","B07JHY99XV","playstation 4",false,0,"USD",0,0,0,940,4.7,"https://www.amazon.com/dp/B07JHY99XV","4418.00",false,false,false,false,"PlayStation 4 Slim 1TB Console - Call of Duty: Black Ops 4 Bundle [Discontinued]","https://m.media-amazon.com/images/I/712ule65eAL._AC_UY218_.jpg"
"R2MKL347FLETB6","Reviewed in the United States on June 7, 2021",5,"what was expected","I give it as a gift and there were no complaints from the receiver",true,1,13,"112","B07JHY99XV","playstation 4",false,0,"USD",0,0,0,940,4.7,"https://www.amazon.com/dp/B07JHY99XV","4418.00",false,false,false,false,"PlayStation 4 Slim 1TB Console - Call of Duty: Black Ops 4 Bundle [Discontinued]","https://m.media-amazon.com/images/I/712ule65eAL._AC_UY218_.jpg"
"R243MC7YKCWNXA","Reviewed in the United States on April 29, 2021",5,"Love This Game!","Love! Love! Love it!!! I originally purchased this game for my husband and son because they were talking my head off about this PS4 lol the game arrived and I think I became more obsessed with it than them lol..",true,1,13,"112","B07JHY99XV","playstation 4",false,0,"USD",0,0,0,940,4.7,"https://www.amazon.com/dp/B07JHY99XV","4418.00",false,false,false,false,"PlayStation 4 Slim 1TB Console - Call of Duty: Black Ops 4 Bundle [Discontinued]","https://m.media-amazon.com/images/I/712ule65eAL._AC_UY218_.jpg"
"REKOMB6Y0YEYC","Reviewed in the United States on April 28, 2021",1,"Major issues after only owning for about two years","Bought this back in 2019, it's already giving me issues, error codes, corrupted data, etc. Looking to buy a new one sadly. Not sure if they're all like it or not.I take very good care of my PS4, always save and close games before turning off, etc.",true,1,13,"112","B07JHY99XV","playstation 4",false,0,"USD",0,0,0,940,4.7,"https://www.amazon.com/dp/B07JHY99XV","4418.00",false,false,false,false,"PlayStation 4 Slim 1TB Console - Call of Duty: Black Ops 4 Bundle [Discontinued]","https://m.media-amazon.com/images/I/712ule65eAL._AC_UY218_.jpg"
"RXGXPZXKGACA0","Reviewed in the United States on April 5, 2021",4,"Ps4 AMAZING!!!!","Wowwww so amazing my son loved his new ps4 !!! Totally worth the wait .. I would highly recommend 👍😊",true,1,13,"112","B07JHY99XV","playstation 4",false,0,"USD",0,0,0,940,4.7,"https://www.amazon.com/dp/B07JHY99XV","4418.00",false,false,false,false,"PlayStation 4 Slim 1TB Console - Call of Duty: Black Ops 4 Bundle [Discontinued]","https://m.media-amazon.com/images/I/712ule65eAL._AC_UY218_.jpg"
"R2HC35BIUJWAWD","Reviewed in the United States on October 7, 2020",5,"Works good","It works good I still have it and I bought it about 3 years ago",true,1,13,"112","B07JHY99XV","playstation 4",false,0,"USD",0,0,0,940,4.7,"https://www.amazon.com/dp/B07JHY99XV","4418.00",false,false,false,false,"PlayStation 4 Slim 1TB Console - Call of Duty: Black Ops 4 Bundle [Discontinued]","https://m.media-amazon.com/images/I/712ule65eAL._AC_UY218_.jpg"
"R1PQ8PX5HFOACS","Reviewed in the United States on August 15, 2020",5,"Justo como lo esperaba","Excelente",true,1,13,"112","B07JHY99XV","playstation 4",false,0,"USD",0,0,0,940,4.7,"https://www.amazon.com/dp/B07JHY99XV","4418.00",false,false,false,false,"PlayStation 4 Slim 1TB Console - Call of Duty: Black Ops 4 Bundle [Discontinued]","https://m.media-amazon.com/images/I/712ule65eAL._AC_UY218_.jpg"
"RDBTA5K2T6T0Z","Reviewed in the United States on July 30, 2020",5,"For my husband","Loved it nice came in boxes brand new we buy from saler again",true,1,13,"112","B07JHY99XV","playstation 4",false,0,"USD",0,0,0,940,4.7,"https://www.amazon.com/dp/B07JHY99XV","4418.00",false,false,false,false,"PlayStation 4 Slim 1TB Console - Call of Duty: Black Ops 4 Bundle [Discontinued]","https://m.media-amazon.com/images/I/712ule65eAL._AC_UY218_.jpg"
"R1SIA90O08QZFE","Reviewed in the United States on July 20, 2020",5,"Perfect no issues","It’s a PlayStation and works as should lol.",true,1,13,"112","B07JHY99XV","playstation 4",false,0,"USD",0,0,0,940,4.7,"https://www.amazon.com/dp/B07JHY99XV","4418.00",false,false,false,false,"PlayStation 4 Slim 1TB Console - Call of Duty: Black Ops 4 Bundle [Discontinued]","https://m.media-amazon.com/images/I/712ule65eAL._AC_UY218_.jpg"
"R2WCVJM6G69XBA","Reviewed in the United States on June 20, 2020",5,"It’s A PS4","I had to replace my son’s first PS4 because I broke it. He’s in the military now and wanted something to ease his mind so I replaced it. He loves it, of course.",true,1,13,"112","B07JHY99XV","playstation 4",false,0,"USD",0,0,0,940,4.7,"https://www.amazon.com/dp/B07JHY99XV","4418.00",false,false,false,false,"PlayStation 4 Slim 1TB Console - Call of Duty: Black Ops 4 Bundle [Discontinued]","https://m.media-amazon.com/images/I/712ule65eAL._AC_UY218_.jpg"
"R20BDPX0V0G3EX","Reviewed in the United States on October 22, 2021",5,"Fast shipping excellent product A+++","Fast shipping excellent product A+++",true,1,14,"113","B097VF71MT","playstation 4",true,49.94,"USD",59.99,10.05,16.75,12,4.7,"https://www.amazon.com/dp/B097VF71MT","56.40",false,false,false,false,"Sponsored Ad - Demon Slayer: The Hinokami Chronicles - PlayStation 4","https://m.media-amazon.com/images/I/81cNvDpzDHL._AC_UY218_.jpg"
"R1J6BCDA9MO4KU","Reviewed in the United States on October 16, 2021",4,"Fun and follows the series","I'm not really into fighting games, but it made me think of the DBZ games so I went for it. I am a fan of Demon Slayer and was excited to see a game for it. I am impressed that all the original English VAs from the anime are in this game. The visuals are stunning and the fighting is unique depending on the character. The game follows the anime/manga all the way through to the Mugen Train arc.I took off a star because: Tanjiro has the same type of responses when talking to people in towns. The roster is fairly small for a fighting game and you have to go through story mode in order to unlock more characters. (You could also grind away in multi-player to unlock characters but it's way faster to do it through story mode). I hope more variety is added character wise later on. Once you finish story mode there's not much replay value unless you enjoy online multi-player. Another thing that was a little annoying: most of this game is cutscene heavy. I understand it is for retelling the entire story, but I felt like I spent most of my time watching vs playing.IF YOU ARE A STREAMER..... be warned there are stream restrictions in place, so make sure you look into it before attempting to stream.I do recommend this game if you're a fan of the series, I did throughly enjoy playing the game.",true,1,14,"113","B097VF71MT","playstation 4",true,49.94,"USD",59.99,10.05,16.75,12,4.7,"https://www.amazon.com/dp/B097VF71MT","56.40",false,false,false,false,"Sponsored Ad - Demon Slayer: The Hinokami Chronicles - PlayStation 4","https://m.media-amazon.com/images/I/81cNvDpzDHL._AC_UY218_.jpg"
"R213ALRWGAEGWB","Reviewed in the United States on October 15, 2021",5,"The game work good I love it","Your browser does not support HTML5 video. Really good game",true,1,14,"113","B097VF71MT","playstation 4",true,49.94,"USD",59.99,10.05,16.75,12,4.7,"https://www.amazon.com/dp/B097VF71MT","56.40",false,false,false,false,"Sponsored Ad - Demon Slayer: The Hinokami Chronicles - PlayStation 4","https://m.media-amazon.com/images/I/81cNvDpzDHL._AC_UY218_.jpg"
"R1NDFS0HLKBAI9","Reviewed in Canada on October 18, 2021",,"Not worth the full $90 price in my opinion…But…Depends on what your looking for out of this…","Visuals look amazing!!! But…I find the story gameplay to be way too linear…Kinda reminds me of how linear FFXIII was…As in the map…Your just walking in straight lines to get to your point of destination with fights in between…Just the way the story gameplay is executed…Feels bland…And not that interesting…The storyline itself I like…As I’m a fan of demon slayer…Just not the story gameplay…Also…It’s more watching the story I find…Rather than more playing…It’s a short one with 8 Chapters…Well 9…If you count the prologue…Combat is the best part of the game…It’s fun…Fast paced…Yet simple…Although…I find it to be just a tad bit too simplistic…And repetitive…Which…Simple gameplay mechanics isn’t necessarily a bad thing…It still can be fun…I just think it would’ve been better…And more fun to execute combos with a mixture of different button combinations…Rather than just pressing the square button most of the time…As far as game modes…There’s just only 2 modes…Story…And Versus…Wish there were more single player modes…Like a survival mode…Or endless mode…Having the online play is great…And all…But…When you don’t play much online…Like me…It leaves the game with little to do…And gets boring quickly…Character roster is small…A total of 18 characters…Kinda disappointing…It’s also disappointing to see that the bottom characters are just some of the same characters…Just with different outfits…Waste of character space in my opinion…All those same character spots could have been added with completely different characters…But…I read online that there will be DLC characters coming…So…The roster could get better in time…Overall…The game is alright…I just think it’s lacking content with characters…And game modes…Kinda makes me feel like I should have waited for a price drop on this…Don’t think it’s worth the full price of $90 in my opinion for what little amount of content you get…If you just wanna get it because your a fan of demon slayer…Like me…Or anime fighting in general…Then…Go for it…Or if your just gonna play it for the online portion only…And don’t care about the lack of single player/game modes…Then…Yeah…Go for it…But…If you don’t play much online…Like me…And were looking for more content out of this in terms of single player/game modes…Then…I would wait for a price drop…3/5stars…",true,1,14,"113","B097VF71MT","playstation 4",true,49.94,"USD",59.99,10.05,16.75,12,4.7,"https://www.amazon.com/dp/B097VF71MT","56.40",false,false,false,false,"Sponsored Ad - Demon Slayer: The Hinokami Chronicles - PlayStation 4","https://m.media-amazon.com/images/I/81cNvDpzDHL._AC_UY218_.jpg"
"R2UHN8Z7HF5OJW","Reviewed in the United States on May 10, 2021",5,"PS4","Excellent",true,1,15,"114","B078WJCBB8","playstation 4",false,549,"USD",0,0,0,52,4.6,"https://www.amazon.com/dp/B078WJCBB8","239.20",false,false,false,false,"PlayStation 4 Slim 1TB Console Grand Theft Auto V Bundle ( 2 - Items )","https://m.media-amazon.com/images/I/61iF1l4DfQS._AC_UY218_.jpg"
"R1J38OGZN9I582","Reviewed in the United States on April 16, 2021",5,"Great","Love it",true,1,15,"114","B078WJCBB8","playstation 4",false,549,"USD",0,0,0,52,4.6,"https://www.amazon.com/dp/B078WJCBB8","239.20",false,false,false,false,"PlayStation 4 Slim 1TB Console Grand Theft Auto V Bundle ( 2 - Items )","https://m.media-amazon.com/images/I/61iF1l4DfQS._AC_UY218_.jpg"
"R28TK7DRD53FDC","Reviewed in the United States on August 2, 2020",4,"Pretty good system","Except for the little errors that pop up rare occasions the system is pretty good. Just to make sure to double save your games",true,1,15,"114","B078WJCBB8","playstation 4",false,549,"USD",0,0,0,52,4.6,"https://www.amazon.com/dp/B078WJCBB8","239.20",false,false,false,false,"PlayStation 4 Slim 1TB Console Grand Theft Auto V Bundle ( 2 - Items )","https://m.media-amazon.com/images/I/61iF1l4DfQS._AC_UY218_.jpg"
"RM1K9AT8S7EEZ","Reviewed in the United States on July 14, 2020",5,"It works very good","I like the product. It’s so nice and good.",true,1,15,"114","B078WJCBB8","playstation 4",false,549,"USD",0,0,0,52,4.6,"https://www.amazon.com/dp/B078WJCBB8","239.20",false,false,false,false,"PlayStation 4 Slim 1TB Console Grand Theft Auto V Bundle ( 2 - Items )","https://m.media-amazon.com/images/I/61iF1l4DfQS._AC_UY218_.jpg"
"R3ULBQNPFQM5RK","Reviewed in the United States on June 20, 2020",1,"Junk!!","Lasted 3 weeks",true,1,15,"114","B078WJCBB8","playstation 4",false,549,"USD",0,0,0,52,4.6,"https://www.amazon.com/dp/B078WJCBB8","239.20",false,false,false,false,"PlayStation 4 Slim 1TB Console Grand Theft Auto V Bundle ( 2 - Items )","https://m.media-amazon.com/images/I/61iF1l4DfQS._AC_UY218_.jpg"
"R3P8PGPOKBU9T3","Reviewed in the United States on May 22, 2020",5,"great product","arrived quicker then expected, great product!",true,1,15,"114","B078WJCBB8","playstation 4",false,549,"USD",0,0,0,52,4.6,"https://www.amazon.com/dp/B078WJCBB8","239.20",false,false,false,false,"PlayStation 4 Slim 1TB Console Grand Theft Auto V Bundle ( 2 - Items )","https://m.media-amazon.com/images/I/61iF1l4DfQS._AC_UY218_.jpg"
"R2T9YDZYSTQFMT","Reviewed in the United States on May 7, 2020",4,"Awesome!","ITS GOOOOOOD!!!!",true,1,15,"114","B078WJCBB8","playstation 4",false,549,"USD",0,0,0,52,4.6,"https://www.amazon.com/dp/B078WJCBB8","239.20",false,false,false,false,"PlayStation 4 Slim 1TB Console Grand Theft Auto V Bundle ( 2 - Items )","https://m.media-amazon.com/images/I/61iF1l4DfQS._AC_UY218_.jpg"
"R4T584ETJ4APN","Reviewed in the United States on April 8, 2020",4,"Broke controller","The controller broke in two days",true,1,15,"114","B078WJCBB8","playstation 4",false,549,"USD",0,0,0,52,4.6,"https://www.amazon.com/dp/B078WJCBB8","239.20",false,false,false,false,"PlayStation 4 Slim 1TB Console Grand Theft Auto V Bundle ( 2 - Items )","https://m.media-amazon.com/images/I/61iF1l4DfQS._AC_UY218_.jpg"
"R2ZSED1V7Z387X","Reviewed in the United States on October 25, 2018",5,"Fun to play","Love it",true,1,15,"114","B078WJCBB8","playstation 4",false,549,"USD",0,0,0,52,4.6,"https://www.amazon.com/dp/B078WJCBB8","239.20",false,false,false,false,"PlayStation 4 Slim 1TB Console Grand Theft Auto V Bundle ( 2 - Items )","https://m.media-amazon.com/images/I/61iF1l4DfQS._AC_UY218_.jpg"
"R1C5GJF4ANT9IQ","Reviewed in the United States on October 14, 2021",5,"Excellent","Came to my boyfriend and I in perfect condition. Works well and worth the money.",true,1,16,"115","B07KJXZX94","playstation 4",false,526.99,"USD",0,0,0,71,4.5,"https://www.amazon.com/dp/B07KJXZX94","319.50",false,false,false,false,"Sony Playstation 4 Slim Video Game Console 500GB Jet Black PS4","https://m.media-amazon.com/images/I/517K0j5HfvL._AC_UY218_.jpg"
"R19SDRNGZWMPZ7","Reviewed in the United States on October 14, 2021",5,"Sweet","It was easy to install",true,1,16,"115","B07KJXZX94","playstation 4",false,526.99,"USD",0,0,0,71,4.5,"https://www.amazon.com/dp/B07KJXZX94","319.50",false,false,false,false,"Sony Playstation 4 Slim Video Game Console 500GB Jet Black PS4","https://m.media-amazon.com/images/I/517K0j5HfvL._AC_UY218_.jpg"
"RS0BSRT0IDU29","Reviewed in the United States on October 6, 2021",1,"Worst Product and Company Ever!","Worst item and company. They sent a PS4 from Polland which doesn't work in the US on most games and playing of videos. When returned I was charged a $66 restock fee. I find this to be extremely absurd since they sold a system that is only compatible for another country.",true,1,16,"115","B07KJXZX94","playstation 4",false,526.99,"USD",0,0,0,71,4.5,"https://www.amazon.com/dp/B07KJXZX94","319.50",false,false,false,false,"Sony Playstation 4 Slim Video Game Console 500GB Jet Black PS4","https://m.media-amazon.com/images/I/517K0j5HfvL._AC_UY218_.jpg"
"RSLDK3ETV3MBJ","Reviewed in the United States on September 4, 2021",5,"Fantastic","Purchase came with a free game. Controller that’s kinda different but it still works this was best purchase I’ve made in awhile thank you",true,1,16,"115","B07KJXZX94","playstation 4",false,526.99,"USD",0,0,0,71,4.5,"https://www.amazon.com/dp/B07KJXZX94","319.50",false,false,false,false,"Sony Playstation 4 Slim Video Game Console 500GB Jet Black PS4","https://m.media-amazon.com/images/I/517K0j5HfvL._AC_UY218_.jpg"
"R2CL8J6DBBIT9B","Reviewed in the United States on August 24, 2021",5,"Well worth it.","All I was hoping for.Great buy.",true,1,16,"115","B07KJXZX94","playstation 4",false,526.99,"USD",0,0,0,71,4.5,"https://www.amazon.com/dp/B07KJXZX94","319.50",false,false,false,false,"Sony Playstation 4 Slim Video Game Console 500GB Jet Black PS4","https://m.media-amazon.com/images/I/517K0j5HfvL._AC_UY218_.jpg"
"R39S4K6F19U136","Reviewed in the United States on August 15, 2021",3,"The PlayStation offers so much possibility for everyone.","Came in great condition. The only downside is I can’t watch certain movies because of the region restrictions.",true,1,16,"115","B07KJXZX94","playstation 4",false,526.99,"USD",0,0,0,71,4.5,"https://www.amazon.com/dp/B07KJXZX94","319.50",false,false,false,false,"Sony Playstation 4 Slim Video Game Console 500GB Jet Black PS4","https://m.media-amazon.com/images/I/517K0j5HfvL._AC_UY218_.jpg"
"R1ZYFJKEBK4QON","Reviewed in the United States on August 3, 2021",1,"Item for Sale in the wrong Continent!","The item came with instructions in a foreign language , and to make matters worse , it came with a power cord that only can be use in EUROPE.Not only I paid for an over priced item, but evidently there is no concern from the seller or Amazon about whether or not the product is meant for American power outlet use or not. Absurd!!! Save yourself the headache and Do not buy it from this seller !!!",true,1,16,"115","B07KJXZX94","playstation 4",false,526.99,"USD",0,0,0,71,4.5,"https://www.amazon.com/dp/B07KJXZX94","319.50",false,false,false,false,"Sony Playstation 4 Slim Video Game Console 500GB Jet Black PS4","https://m.media-amazon.com/images/I/517K0j5HfvL._AC_UY218_.jpg"
"R3LQGJ42VM3ZV","Reviewed in the United States on July 31, 2021",5,"It’s perfect and the real deal","Exactly what I was expecting",true,1,16,"115","B07KJXZX94","playstation 4",false,526.99,"USD",0,0,0,71,4.5,"https://www.amazon.com/dp/B07KJXZX94","319.50",false,false,false,false,"Sony Playstation 4 Slim Video Game Console 500GB Jet Black PS4","https://m.media-amazon.com/images/I/517K0j5HfvL._AC_UY218_.jpg"
"R2L5TAMERME8FF","Reviewed in the United States on July 16, 2021",5,"AWESOME 👍","🙂 Nice",true,1,16,"115","B07KJXZX94","playstation 4",false,526.99,"USD",0,0,0,71,4.5,"https://www.amazon.com/dp/B07KJXZX94","319.50",false,false,false,false,"Sony Playstation 4 Slim Video Game Console 500GB Jet Black PS4","https://m.media-amazon.com/images/I/517K0j5HfvL._AC_UY218_.jpg"
"R1XLJ4QIN91KTB","Reviewed in the United States on July 4, 2021",5,"New Playstation, fastly delivered","Delivered real quick! A PlayStation 4,new condition, I loved the package it was in, too! No complaints as of right now, the ps5 is working just fine!",true,1,16,"115","B07KJXZX94","playstation 4",false,526.99,"USD",0,0,0,71,4.5,"https://www.amazon.com/dp/B07KJXZX94","319.50",false,false,false,false,"Sony Playstation 4 Slim Video Game Console 500GB Jet Black PS4","https://m.media-amazon.com/images/I/517K0j5HfvL._AC_UY218_.jpg"
"R21YRXSM3O4V0I","Reviewed in the United States on October 3, 2021",3,"Did not come with a DualShock controller-came instead with a wired controller","Great system.Had to order my own wireless DualShock controller because this one came with a cheap wired controller for some reason.System was also scratched in the front-could have been from shipping.3 star rating is because of the controller and surface damage but the system works great.",true,1,17,"116","B07JMNNPXC","playstation 4",false,0,"USD",0,0,0,193,4.7,"https://www.amazon.com/dp/B07JMNNPXC","907.10",false,false,false,false,"Playstation Sony 4, 500GB Slim System [CUH-2215AB01], Black, 3003347","https://m.media-amazon.com/images/I/51tbWVPtckL._AC_UY218_.jpg"
"R14D8WQB3B6G4D","Reviewed in the United States on July 7, 2021",5,"Great","No review",true,1,17,"116","B07JMNNPXC","playstation 4",false,0,"USD",0,0,0,193,4.7,"https://www.amazon.com/dp/B07JMNNPXC","907.10",false,false,false,false,"Playstation Sony 4, 500GB Slim System [CUH-2215AB01], Black, 3003347","https://m.media-amazon.com/images/I/51tbWVPtckL._AC_UY218_.jpg"
"R3ODIX8V1V7H3X","Reviewed in the United States on June 18, 2021",5,"My seller is amazing!!!","Got this for my youngest foster son. We have been looking everywhere for a ps 4. Not only it is in excellent condition but it came with quite a bit of extras. I really want to thank the seller for that. He is going to be through the roof when he opens this up on his birthday. You just made my little man the happiest guy in the planet.",true,1,17,"116","B07JMNNPXC","playstation 4",false,0,"USD",0,0,0,193,4.7,"https://www.amazon.com/dp/B07JMNNPXC","907.10",false,false,false,false,"Playstation Sony 4, 500GB Slim System [CUH-2215AB01], Black, 3003347","https://m.media-amazon.com/images/I/51tbWVPtckL._AC_UY218_.jpg"
"R30K3YDYMXOSH8","Reviewed in the United States on April 24, 2021",5,"Very nice","Very nice",true,1,17,"116","B07JMNNPXC","playstation 4",false,0,"USD",0,0,0,193,4.7,"https://www.amazon.com/dp/B07JMNNPXC","907.10",false,false,false,false,"Playstation Sony 4, 500GB Slim System [CUH-2215AB01], Black, 3003347","https://m.media-amazon.com/images/I/51tbWVPtckL._AC_UY218_.jpg"
"RMTO5SYRJ88U1","Reviewed in the United States on April 23, 2021",5,"Trust Amazon's quality control policy.","Please with this ps4, it was used and works like new. I will be considering other used items in the future because I trust Amazon's quality control and return policy.",true,1,17,"116","B07JMNNPXC","playstation 4",false,0,"USD",0,0,0,193,4.7,"https://www.amazon.com/dp/B07JMNNPXC","907.10",false,false,false,false,"Playstation Sony 4, 500GB Slim System [CUH-2215AB01], Black, 3003347","https://m.media-amazon.com/images/I/51tbWVPtckL._AC_UY218_.jpg"
"R1ITHSY0IXT8KE","Reviewed in the United States on December 24, 2020",5,"Works as it should","Works as it should",true,1,17,"116","B07JMNNPXC","playstation 4",false,0,"USD",0,0,0,193,4.7,"https://www.amazon.com/dp/B07JMNNPXC","907.10",false,false,false,false,"Playstation Sony 4, 500GB Slim System [CUH-2215AB01], Black, 3003347","https://m.media-amazon.com/images/I/51tbWVPtckL._AC_UY218_.jpg"
"R8XCRB8V8E9BO","Reviewed in the United States on December 1, 2020",1,"Bad quality","My PS4 didn’t work when I first got it and still don’t work nobody want to give me my money back and I shouldn’t have to pay for a ps4 that don’t work you shouldn’t give your customer a broken Ps4 and change them still even when your customer email y’all they want they money back and you still trying to change me you not getting your money until my ps4 fix",true,1,17,"116","B07JMNNPXC","playstation 4",false,0,"USD",0,0,0,193,4.7,"https://www.amazon.com/dp/B07JMNNPXC","907.10",false,false,false,false,"Playstation Sony 4, 500GB Slim System [CUH-2215AB01], Black, 3003347","https://m.media-amazon.com/images/I/51tbWVPtckL._AC_UY218_.jpg"
"R3UGQ53DJQF96F","Reviewed in the United States on November 25, 2020",5,"PS4","Purchased for Grandson for Christmas.Will know more when he opens and starts using.Was a great price for item and looked good.Selelr was very fast and efficient on shipping that is very appreciated.Thank You!Will diffently go back and shop with this seller.And again Thank You.",true,1,17,"116","B07JMNNPXC","playstation 4",false,0,"USD",0,0,0,193,4.7,"https://www.amazon.com/dp/B07JMNNPXC","907.10",false,false,false,false,"Playstation Sony 4, 500GB Slim System [CUH-2215AB01], Black, 3003347","https://m.media-amazon.com/images/I/51tbWVPtckL._AC_UY218_.jpg"
"R1CITF3DL3BFMM","Reviewed in the United States on October 3, 2020",1,"Damage product","The media could not be loaded. Product came damage",true,1,17,"116","B07JMNNPXC","playstation 4",false,0,"USD",0,0,0,193,4.7,"https://www.amazon.com/dp/B07JMNNPXC","907.10",false,false,false,false,"Playstation Sony 4, 500GB Slim System [CUH-2215AB01], Black, 3003347","https://m.media-amazon.com/images/I/51tbWVPtckL._AC_UY218_.jpg"
"RF48DN71268TK","Reviewed in the United States on August 10, 2020",5,"System","Great",true,1,17,"116","B07JMNNPXC","playstation 4",false,0,"USD",0,0,0,193,4.7,"https://www.amazon.com/dp/B07JMNNPXC","907.10",false,false,false,false,"Playstation Sony 4, 500GB Slim System [CUH-2215AB01], Black, 3003347","https://m.media-amazon.com/images/I/51tbWVPtckL._AC_UY218_.jpg"
"R8QQ3DSDUTY8U","Reviewed in the United States on October 20, 2021",5,"Great buy","Definitely so far my Best Buy from Amazon , I play my ps4 everyday even though there’s a five I’m addicted to my 4",true,1,18,"117","B01LOP8EZC","playstation 4",false,0,"USD",0,0,0,11755,4.8,"https://www.amazon.com/dp/B01LOP8EZC","56424.00",false,false,false,false,"PlayStation 4 Pro 1TB Console","https://m.media-amazon.com/images/I/6118ctEjpoL._AC_UY218_.jpg"
"R2OQUG66BH12WB","Reviewed in the United States on October 16, 2021",5,"Epicly awesome","Gaming it up!!!",true,1,18,"117","B01LOP8EZC","playstation 4",false,0,"USD",0,0,0,11755,4.8,"https://www.amazon.com/dp/B01LOP8EZC","56424.00",false,false,false,false,"PlayStation 4 Pro 1TB Console","https://m.media-amazon.com/images/I/6118ctEjpoL._AC_UY218_.jpg"
"R1011GGOUIRAQC","Reviewed in the United States on October 15, 2021",1,"Bad Hard Drive","I purchased as a gift for my fiancé. He received it Sunday. This is the following Friday. When he came home a attempted to turn it on he got the error code CE-34335-8, which translated to a corrupted hard drive that will need to be replaced before the system will operate again. I am NOT happy and am eagerly awaiting a reply from the seller as to how they plan on resolving my issue.",true,1,18,"117","B01LOP8EZC","playstation 4",false,0,"USD",0,0,0,11755,4.8,"https://www.amazon.com/dp/B01LOP8EZC","56424.00",false,false,false,false,"PlayStation 4 Pro 1TB Console","https://m.media-amazon.com/images/I/6118ctEjpoL._AC_UY218_.jpg"
"RMWFJ8ZMUIAQU","Reviewed in the United States on October 12, 2021",4,".","This arrived in a makeshift package with two different boxes tapped together.. I was pretty worried about the condition but it was bubble wrapped. It runs fine, extremely loud when playing games",true,1,18,"117","B01LOP8EZC","playstation 4",false,0,"USD",0,0,0,11755,4.8,"https://www.amazon.com/dp/B01LOP8EZC","56424.00",false,false,false,false,"PlayStation 4 Pro 1TB Console","https://m.media-amazon.com/images/I/6118ctEjpoL._AC_UY218_.jpg"
"R2CIBP5XE6VW2H","Reviewed in the United States on October 11, 2021",5,"Works great for my son to lay his games on.","Son liked it to lay his PS4 games online with his friends.",true,1,18,"117","B01LOP8EZC","playstation 4",false,0,"USD",0,0,0,11755,4.8,"https://www.amazon.com/dp/B01LOP8EZC","56424.00",false,false,false,false,"PlayStation 4 Pro 1TB Console","https://m.media-amazon.com/images/I/6118ctEjpoL._AC_UY218_.jpg"
"R3U6Y65OJXPPE0","Reviewed in the United States on October 10, 2021",4,"Works perfectly, after a clean-up.","Got it, plugged it, sounded like a jet engine took off. Needed to open it up and clean it up completely as the radiator was completely clugged in dust. After a deep cleaning and replacing the thermal paste it was good as new.",true,1,18,"117","B01LOP8EZC","playstation 4",false,0,"USD",0,0,0,11755,4.8,"https://www.amazon.com/dp/B01LOP8EZC","56424.00",false,false,false,false,"PlayStation 4 Pro 1TB Console","https://m.media-amazon.com/images/I/6118ctEjpoL._AC_UY218_.jpg"
"R300FF534X636N","Reviewed in the United States on October 6, 2021",5,"YES!","Excellent, thank you!",true,1,18,"117","B01LOP8EZC","playstation 4",false,0,"USD",0,0,0,11755,4.8,"https://www.amazon.com/dp/B01LOP8EZC","56424.00",false,false,false,false,"PlayStation 4 Pro 1TB Console","https://m.media-amazon.com/images/I/6118ctEjpoL._AC_UY218_.jpg"
"R2J5M9OL0CDSI2","Reviewed in the United States on October 6, 2021",5,"Good.","Works great, arrived fast.",true,1,18,"117","B01LOP8EZC","playstation 4",false,0,"USD",0,0,0,11755,4.8,"https://www.amazon.com/dp/B01LOP8EZC","56424.00",false,false,false,false,"PlayStation 4 Pro 1TB Console","https://m.media-amazon.com/images/I/6118ctEjpoL._AC_UY218_.jpg"
"RV69SHW22LOQL","Reviewed in the United States on October 5, 2021",5,"Very impressed","I can get over the fact I got it way later than what I was supposed to it’s ok considering I’m in love with the ps4 that I got runs perfectly I’m glad especially since I needed a new one that didn’t sound like it was going to explode so I’m very happy with what I got 😁 and it looks basically brand new",true,1,18,"117","B01LOP8EZC","playstation 4",false,0,"USD",0,0,0,11755,4.8,"https://www.amazon.com/dp/B01LOP8EZC","56424.00",false,false,false,false,"PlayStation 4 Pro 1TB Console","https://m.media-amazon.com/images/I/6118ctEjpoL._AC_UY218_.jpg"
"R1X6B7IWH7VA05","Reviewed in the United States on September 30, 2021",5,"I’m very happy with my purchase","My PS4 pro came looking brand new and works perfectly.. thank you!",true,1,18,"117","B01LOP8EZC","playstation 4",false,0,"USD",0,0,0,11755,4.8,"https://www.amazon.com/dp/B01LOP8EZC","56424.00",false,false,false,false,"PlayStation 4 Pro 1TB Console","https://m.media-amazon.com/images/I/6118ctEjpoL._AC_UY218_.jpg"
"cr-translate-854833308",,,"","",false,1,20,"119","B0969VV4SK","playstation 4",false,29.99,"USD",0,0,0,50,4.5,"https://www.amazon.com/dp/B0969VV4SK","225.00",false,false,false,false,"Sponsored Ad - Vader Immortal: A Star Wars VR Series - PlayStation 4","https://m.media-amazon.com/images/I/81gwnFxaDOS._AC_UY218_.jpg"
"R2F4A7HOF7EZPH","Reviewed in the United States on October 20, 2021",5,"Came without incident.","Dad wants this for the holidays, so naturally, he’s getting it. Came quickly, and I damaged, still in wrapper. Perfect. Thank you.",true,1,20,"119","B0969VV4SK","playstation 4",false,29.99,"USD",0,0,0,50,4.5,"https://www.amazon.com/dp/B0969VV4SK","225.00",false,false,false,false,"Sponsored Ad - Vader Immortal: A Star Wars VR Series - PlayStation 4","https://m.media-amazon.com/images/I/81gwnFxaDOS._AC_UY218_.jpg"
"R5BPE67NJG7QN","Reviewed in the United States on October 15, 2021",3,"The VR recognition iz very glitchy.","Too glitchy and too short!",true,1,20,"119","B0969VV4SK","playstation 4",false,29.99,"USD",0,0,0,50,4.5,"https://www.amazon.com/dp/B0969VV4SK","225.00",false,false,false,false,"Sponsored Ad - Vader Immortal: A Star Wars VR Series - PlayStation 4","https://m.media-amazon.com/images/I/81gwnFxaDOS._AC_UY218_.jpg"
"R3BQQX20NLJ0DQ","Reviewed in the United States on October 10, 2021",5,"Super fun & addictive!","OMGGGG! Best Star Wars game in PSVR mode ever! 3 episodes of awesome cinematography & immersive fun !The only initial issue I was struggling with, is the controls as I constantly stepped out of the play area. But very soon, I figured out all I needed to do is stay put, and I can press the main button on the motion controller to teleport my character where I wanna go, and I can press either square or triangle to toggle my direction left or right to position my character to face centrally!Another annoying thing is the resolution… but this is something which requires an upgrade to the whole psvr system. I bet the oculus quest 2 would have amazing experience with this game! Hope PS4 VR will soon upgrade so I can truly experience these superb episodes in its well deserved resolution!Can’t wait to play again! It’s a MUST BUY for all vr gamers!",true,1,20,"119","B0969VV4SK","playstation 4",false,29.99,"USD",0,0,0,50,4.5,"https://www.amazon.com/dp/B0969VV4SK","225.00",false,false,false,false,"Sponsored Ad - Vader Immortal: A Star Wars VR Series - PlayStation 4","https://m.media-amazon.com/images/I/81gwnFxaDOS._AC_UY218_.jpg"
"RK1EX4QSBAJTV","Reviewed in the United States on September 4, 2021",5,"The best Star Wars game ever!","This So fun and addicting",true,1,20,"119","B0969VV4SK","playstation 4",false,29.99,"USD",0,0,0,50,4.5,"https://www.amazon.com/dp/B0969VV4SK","225.00",false,false,false,false,"Sponsored Ad - Vader Immortal: A Star Wars VR Series - PlayStation 4","https://m.media-amazon.com/images/I/81gwnFxaDOS._AC_UY218_.jpg"
"RCJ26U0TCL6F3","Reviewed in the United States on August 21, 2021",2,"Eh","I think this game should be called ""ladders"" because you seem to do alot of this in the story mode. You get to play with light sabers so..",true,1,20,"119","B0969VV4SK","playstation 4",false,29.99,"USD",0,0,0,50,4.5,"https://www.amazon.com/dp/B0969VV4SK","225.00",false,false,false,false,"Sponsored Ad - Vader Immortal: A Star Wars VR Series - PlayStation 4","https://m.media-amazon.com/images/I/81gwnFxaDOS._AC_UY218_.jpg"
"RTZOX8MN6VE8P","Reviewed in the United States on July 23, 2021",5,"It’s ok","It’s ok",true,1,20,"119","B0969VV4SK","playstation 4",false,29.99,"USD",0,0,0,50,4.5,"https://www.amazon.com/dp/B0969VV4SK","225.00",false,false,false,false,"Sponsored Ad - Vader Immortal: A Star Wars VR Series - PlayStation 4","https://m.media-amazon.com/images/I/81gwnFxaDOS._AC_UY218_.jpg"
"R2ZG12GFKTFYV3","Reviewed in Mexico on July 27, 2021",,"Muy bueno","Muy bueno",true,1,20,"119","B0969VV4SK","playstation 4",false,29.99,"USD",0,0,0,50,4.5,"https://www.amazon.com/dp/B0969VV4SK","225.00",false,false,false,false,"Sponsored Ad - Vader Immortal: A Star Wars VR Series - PlayStation 4","https://m.media-amazon.com/images/I/81gwnFxaDOS._AC_UY218_.jpg"